datum;nee
2001-03-29;1.00179400
2001-03-30;1.00197900
2001-04-02;1.00249300
2001-04-03;1.00268100
2001-04-04;1.00286300
2001-04-05;1.00321100
2001-04-06;1.00353600
2001-04-09;1.00382700
2001-04-10;1.00414500
2001-04-11;1.00438600
2001-04-12;1.00472000
2001-04-13;1.00482800
2001-04-17;1.00534800
2001-04-18;1.00563500
2001-04-19;1.00603800
2001-04-20;1.00619600
2001-04-23;1.00654800
2001-04-24;1.00667200
2001-04-25;1.00677000
2001-04-26;1.00688800
2001-04-27;1.00701300
2001-04-28;1.00720900
2001-05-02;1.00758300
2001-05-03;1.00783900
2001-05-04;1.00805900
2001-05-07;1.00865600
2001-05-08;1.00895000
2001-05-09;1.00929700
2001-05-10;1.01001100
2001-05-11;1.01001500
2001-05-14;1.01056000
2001-05-15;1.01068800
2001-05-16;1.01098600
2001-05-17;1.01111900
2001-05-18;1.01133100
2001-05-21;1.01206500
2001-05-22;1.01226100
2001-05-23;1.01199500
2001-05-24;1.01201100
2001-05-25;1.01238900
2001-05-28;1.01308200
2001-05-29;1.01350700
2001-05-30;1.01369200
2001-05-31;1.01404800
2001-06-01;1.01407000
2001-06-05;1.01537600
2001-06-06;1.01596800
2001-06-07;1.01615800
2001-06-08;1.01623300
2001-06-11;1.01722300
2001-06-12;1.01685600
2001-06-13;1.01829000
2001-06-14;1.01793200
2001-06-15;1.01913900
2001-06-18;1.01850600
2001-06-19;1.01882600
2001-06-20;1.01995700
2001-06-21;1.01888000
2001-06-22;1.01920100
2001-06-25;1.02163400
2001-06-26;1.02028000
2001-06-27;1.02105300
2001-06-28;1.02185300
2001-06-29;1.02263800
2001-07-02;1.02228600
2001-07-03;1.02386500
2001-07-04;1.02247100
2001-07-05;1.02327400
2001-07-06;1.02348300
2001-07-09;1.02468700
2001-07-10;1.02418000
2001-07-11;1.02371600
2001-07-12;1.02389000
2001-07-13;1.02454600
2001-07-16;1.02536600
2001-07-17;1.02571600
2001-07-18;1.02604300
2001-07-19;1.02637500
2001-07-20;1.02691600
2001-07-23;1.02769800
2001-07-24;1.02583100
2001-07-25;1.02698500
2001-07-26;1.02859800
2001-07-27;1.02856700
2001-07-30;1.02880100
2001-07-31;1.02787500
2001-08-01;1.02787200
2001-08-02;1.02852200
2001-08-03;1.02750600
2001-08-06;1.02862400
2001-08-07;1.02950800
2001-08-08;1.02927400
2001-08-09;1.03010800
2001-08-10;1.02981600
2001-08-13;1.03156800
2001-08-14;1.03106200
2001-08-15;1.03182800
2001-08-16;1.03132300
2001-08-17;1.03175700
2001-08-21;1.03263900
2001-08-22;1.03310000
2001-08-23;1.03348100
2001-08-24;1.03400600
2001-08-27;1.03523100
2001-08-28;1.03450200
2001-08-29;1.03457600
2001-08-30;1.03561300
2001-08-31;1.03518100
2001-09-03;1.03576000
2001-09-04;1.03634100
2001-09-05;1.03601100
2001-09-06;1.03600300
2001-09-07;1.03655400
2001-09-10;1.03750200
2001-09-11;1.03811100
2001-09-12;1.03799000
2001-09-13;1.03817300
2001-09-14;1.04147800
2001-09-17;1.03988000
2001-09-18;1.03949300
2001-09-19;1.03959300
2001-09-20;1.04068400
2001-09-21;1.04058000
2001-09-24;1.04235200
2001-09-25;1.04190200
2001-09-26;1.04312100
2001-09-27;1.04331000
2001-09-28;1.04386300
2001-10-01;1.04384500
2001-10-02;1.04158900
2001-10-03;1.04190100
2001-10-04;1.04331400
2001-10-05;1.04371700
2001-10-08;1.04392900
2001-10-09;1.04622000
2001-10-10;1.04640800
2001-10-11;1.04644500
2001-10-12;1.04850600
2001-10-15;1.04720500
2001-10-16;1.04834800
2001-10-17;1.04784500
2001-10-18;1.04657900
2001-10-19;1.04757200
2001-10-20;1.04778700
2001-10-24;1.04856700
2001-10-25;1.05005900
2001-10-26;1.04886100
2001-10-27;1.04905800
2001-10-29;1.05023400
2001-10-30;1.05027400
2001-10-31;1.04977600
2001-11-05;1.05535900
2001-11-06;1.05543200
2001-11-07;1.05841300
2001-11-08;1.06020100
2001-11-09;1.05953000
2001-11-12;1.05982000
2001-11-13;1.05970700
2001-11-14;1.05980700
2001-11-15;1.06015400
2001-11-16;1.05862500
2001-11-19;1.05925100
2001-11-20;1.06061000
2001-11-21;1.06285500
2001-11-22;1.06290200
2001-11-23;1.06320100
2001-11-26;1.06515600
2001-11-27;1.06490800
2001-11-28;1.06677900
2001-11-29;1.06668800
2001-11-30;1.06800000
2001-12-03;1.07145000
2001-12-04;1.07066800
2001-12-05;1.07194200
2001-12-06;1.07304900
2001-12-07;1.07143200
2001-12-10;1.07336900
2001-12-11;1.07410200
2001-12-12;1.07515000
2001-12-13;1.07622000
2001-12-14;1.07543200
2001-12-17;1.07625300
2001-12-18;1.07774800
2001-12-19;1.07740600
2001-12-20;1.07707600
2001-12-21;1.07697400
2001-12-22;1.07717300
2001-12-27;1.07842500
2001-12-28;1.07911100
2001-12-29;1.07930800
2002-01-02;1.07995900
2002-01-03;1.07978900
2002-01-04;1.08250700
2002-01-07;1.08393400
2002-01-08;1.08606000
2002-01-09;1.08653800
2002-01-10;1.08787300
2002-01-11;1.08866600
2002-01-14;1.09020200
2002-01-15;1.09101700
2002-01-16;1.09203900
2002-01-17;1.09407400
2002-01-18;1.09355100
2002-01-21;1.09396700
2002-01-22;1.09309600
2002-01-23;1.09527600
2002-01-24;1.09594600
2002-01-25;1.09660000
2002-01-28;1.09731400
2002-01-29;1.09693100
2002-01-30;1.09535100
2002-01-31;1.09631700
2002-02-01;1.09711000
2002-02-04;1.09733800
2002-02-05;1.09743600
2002-02-06;1.09635200
2002-02-07;1.09598100
2002-02-08;1.09662200
2002-02-11;1.09853500
2002-02-12;1.09875200
2002-02-13;1.09894300
2002-02-14;1.09912300
2002-02-15;1.10010200
2002-02-18;1.09951400
2002-02-19;1.09898100
2002-02-20;1.09931300
2002-02-21;1.10026100
2002-02-22;1.09828600
2002-02-25;1.09925300
2002-02-26;1.09903500
2002-02-27;1.09729400
2002-02-28;1.09617500
2002-03-01;1.09856900
2002-03-04;1.09920000
2002-03-05;1.09889800
2002-03-06;1.09989200
2002-03-07;1.09951000
2002-03-08;1.09859000
2002-03-11;1.09967300
2002-03-12;1.10035000
2002-03-13;1.10113300
2002-03-14;1.10034600
2002-03-18;1.10085600
2002-03-19;1.10132100
2002-03-20;1.10206300
2002-03-21;1.10314000
2002-03-22;1.10259000
2002-03-25;1.10392500
2002-03-26;1.10368700
2002-03-27;1.10492400
2002-03-28;1.10454900
2002-03-29;1.10746100
2002-04-02;1.10761600
2002-04-03;1.10753000
2002-04-04;1.10818900
2002-04-05;1.10813600
2002-04-08;1.10859600
2002-04-09;1.10808300
2002-04-10;1.10845400
2002-04-11;1.10841600
2002-04-12;1.10830900
2002-04-15;1.10676200
2002-04-16;1.10903500
2002-04-17;1.10742300
2002-04-18;1.10844000
2002-04-19;1.10836800
2002-04-22;1.10971800
2002-04-23;1.10994100
2002-04-24;1.10996600
2002-04-25;1.10937800
2002-04-26;1.11104100
2002-04-29;1.11169300
2002-04-30;1.11171300
2002-05-02;1.11228500
2002-05-03;1.11219500
2002-05-06;1.11334600
2002-05-07;1.11362400
2002-05-08;1.11349300
2002-05-09;1.11304100
2002-05-10;1.11362400
2002-05-13;1.11316700
2002-05-14;1.11243900
2002-05-15;1.11202600
2002-05-16;1.11209200
2002-05-17;1.11292500
2002-05-21;1.11300800
2002-05-22;1.11170100
2002-05-23;1.11183900
2002-05-24;1.11131100
2002-05-27;1.11091100
2002-05-28;1.11067600
2002-05-29;1.10979200
2002-05-30;1.10911400
2002-05-31;1.11110000
2002-06-03;1.11107500
2002-06-04;1.11031000
2002-06-05;1.11098700
2002-06-06;1.11078900
2002-06-07;1.11059500
2002-06-10;1.11174700
2002-06-11;1.11285900
2002-06-12;1.11304500
2002-06-13;1.11339700
2002-06-14;1.11330200
2002-06-17;1.11367100
2002-06-18;1.11327200
2002-06-19;1.11209900
2002-06-20;1.11223300
2002-06-21;1.11060400
2002-06-24;1.11003300
2002-06-25;1.11023900
2002-06-26;1.11083200
2002-06-27;1.11220000
2002-06-28;1.11144200
2002-07-01;1.11251900
2002-07-02;1.11366000
2002-07-03;1.11341400
2002-07-04;1.11164200
2002-07-05;1.10839300
2002-07-08;1.10843200
2002-07-09;1.11137000
2002-07-10;1.11089500
2002-07-11;1.11640700
2002-07-12;1.11501500
2002-07-15;1.11979400
2002-07-16;1.12068700
2002-07-17;1.11890200
2002-07-18;1.11760300
2002-07-19;1.11765200
2002-07-22;1.11879800
2002-07-23;1.11908600
2002-07-24;1.11898500
2002-07-25;1.11934000
2002-07-26;1.12045700
2002-07-29;1.12266300
2002-07-30;1.12374300
2002-07-31;1.12456100
2002-08-01;1.12404400
2002-08-02;1.12392000
2002-08-05;1.12449500
2002-08-06;1.12489400
2002-08-07;1.12466200
2002-08-08;1.12525100
2002-08-09;1.12655500
2002-08-12;1.12842800
2002-08-13;1.12808000
2002-08-14;1.12749400
2002-08-15;1.12728600
2002-08-16;1.12587700
2002-08-21;1.12632900
2002-08-22;1.12672000
2002-08-23;1.12545100
2002-08-26;1.12601800
2002-08-27;1.12588700
2002-08-28;1.12617200
2002-08-29;1.12670200
2002-08-30;1.12754200
2002-09-02;1.12801200
2002-09-03;1.12759600
2002-09-04;1.12790200
2002-09-05;1.12859800
2002-09-06;1.12876400
2002-09-09;1.12936500
2002-09-10;1.12939900
2002-09-11;1.12987500
2002-09-12;1.13065100
2002-09-13;1.13023800
2002-09-16;1.13067800
2002-09-17;1.13177500
2002-09-18;1.13165000
2002-09-19;1.13208100
2002-09-20;1.13432700
2002-09-23;1.13459700
2002-09-24;1.13450600
2002-09-25;1.13517800
2002-09-26;1.13558200
2002-09-27;1.13744500
2002-09-30;1.14158600
2002-10-01;1.14068100
2002-10-02;1.14067000
2002-10-03;1.13960600
2002-10-04;1.13947200
2002-10-07;1.13833600
2002-10-08;1.13783000
2002-10-09;1.13712800
2002-10-10;1.13777100
2002-10-11;1.13808100
2002-10-14;1.13863500
2002-10-15;1.13887500
2002-10-16;1.13922400
2002-10-17;1.13918900
2002-10-18;1.13901800
2002-10-21;1.14334600
2002-10-22;1.14338000
2002-10-24;1.14816600
2002-10-25;1.14827600
2002-10-28;1.14781300
2002-10-29;1.14774300
2002-10-30;1.14864000
2002-10-31;1.14804800
2002-11-04;1.14848900
2002-11-05;1.14873500
2002-11-06;1.14763000
2002-11-07;1.15160800
2002-11-08;1.15217900
2002-11-11;1.15412400
2002-11-12;1.15455300
2002-11-13;1.15589500
2002-11-14;1.15603100
2002-11-15;1.15709300
2002-11-18;1.16366200
2002-11-19;1.17852800
2002-11-20;1.17874000
2002-11-21;1.18361900
2002-11-22;1.18193600
2002-11-25;1.18177000
2002-11-26;1.18301300
2002-11-27;1.18515600
2002-11-28;1.18411600
2002-11-29;1.18055600
2002-12-02;1.17902500
2002-12-03;1.17646200
2002-12-04;1.17720300
2002-12-05;1.18115400
2002-12-06;1.18290000
2002-12-09;1.18441600
2002-12-10;1.18427900
2002-12-11;1.18227200
2002-12-12;1.18276300
2002-12-13;1.18267800
2002-12-16;1.18521500
2002-12-17;1.18746600
2002-12-18;1.18926100
2002-12-19;1.18973500
2002-12-20;1.19092400
2002-12-23;1.19051600
2002-12-27;1.19172300
2002-12-30;1.19116800
2002-12-31;1.19364500
2003-01-02;1.19497800
2003-01-03;1.19499900
2003-01-06;1.19645200
2003-01-07;1.19685400
2003-01-08;1.19794300
2003-01-09;1.19942900
2003-01-10;1.20010000
2003-01-13;1.20251100
2003-01-14;1.20231600
2003-01-15;1.20280300
2003-01-16;1.21761100
2003-01-17;1.20723800
2003-01-20;1.20868200
2003-01-21;1.20960100
2003-01-22;1.21018600
2003-01-23;1.20989000
2003-01-24;1.20931000
2003-01-27;1.20993300
2003-01-28;1.21020200
2003-01-29;1.21160000
2003-01-30;1.21286800
2003-01-31;1.21374100
2003-02-03;1.21445100
2003-02-04;1.21408400
2003-02-05;1.21493300
2003-02-06;1.21422800
2003-02-07;1.21457100
2003-02-10;1.21566000
2003-02-11;1.21719100
2003-02-12;1.21955700
2003-02-13;1.22137700
2003-02-14;1.22144700
2003-02-17;1.22164100
2003-02-18;1.22308900
2003-02-19;1.22277500
2003-02-20;1.22257600
2003-02-21;1.22190800
2003-02-24;1.22140500
2003-02-25;1.22019300
2003-02-26;1.22033300
2003-02-27;1.22084600
2003-02-28;1.22102200
2003-03-03;1.22331700
2003-03-04;1.22231200
2003-03-05;1.22248400
2003-03-06;1.22207900
2003-03-07;1.22328400
2003-03-10;1.22402600
2003-03-11;1.22473200
2003-03-12;1.22534000
2003-03-13;1.22403100
2003-03-14;1.22390800
2003-03-17;1.22504600
2003-03-18;1.22386600
2003-03-19;1.22313900
2003-03-20;1.22245600
2003-03-21;1.22296800
2003-03-24;1.22330500
2003-03-25;1.22409200
2003-03-26;1.22398100
2003-03-27;1.22382700
2003-03-28;1.22400000
2003-03-31;1.22554900
2003-04-01;1.22506300
2003-04-02;1.22507800
2003-04-03;1.22525400
2003-04-04;1.22610100
2003-04-07;1.22652400
2003-04-08;1.22751700
2003-04-09;1.22892200
2003-04-10;1.23013500
2003-04-11;1.23160100
2003-04-14;1.23130000
2003-04-15;1.23112700
2003-04-16;1.23015600
2003-04-17;1.23136200
2003-04-18;1.23190700
2003-04-22;1.23239500
2003-04-23;1.23290000
2003-04-24;1.23320700
2003-04-25;1.23458000
2003-04-26;1.23458000
2003-04-28;1.23554500
2003-04-29;1.23537500
2003-04-30;1.23687100
2003-05-05;1.23812400
2003-05-06;1.23794000
2003-05-07;1.23909600
2003-05-08;1.23953200
2003-05-09;1.24052000
2003-05-12;1.24247400
2003-05-13;1.24279600
2003-05-14;1.24487400
2003-05-15;1.24581600
2003-05-16;1.24521100
2003-05-19;1.24767900
2003-05-20;1.24846300
2003-05-21;1.24914700
2003-05-22;1.24821100
2003-05-23;1.24835600
2003-05-26;1.24885000
2003-05-27;1.24913400
2003-05-28;1.24821500
2003-05-29;1.24829900
2003-05-30;1.24865100
2003-06-02;1.24653900
2003-06-03;1.24261100
2003-06-04;1.24119700
2003-06-05;1.23707000
2003-06-06;1.23729500
2003-06-10;1.23494500
2003-06-11;1.23858100
2003-06-12;1.23921500
2003-06-13;1.23764100
2003-06-16;1.23576600
2003-06-17;1.22874800
2003-06-18;1.22573000
2003-06-19;1.21488100
2003-06-20;1.22167000
2003-06-23;1.22646800
2003-06-24;1.22544000
2003-06-25;1.22512300
2003-06-26;1.22037700
2003-06-27;1.21532500
2003-06-30;1.21395700
2003-07-01;1.21637900
2003-07-02;1.21810300
2003-07-03;1.21677400
2003-07-04;1.21629100
2003-07-07;1.21659800
2003-07-08;1.21680100
2003-07-09;1.22015300
2003-07-10;1.21995400
2003-07-11;1.22161600
2003-07-14;1.22412800
2003-07-15;1.22441900
2003-07-16;1.22037800
2003-07-17;1.21986700
2003-07-18;1.21369800
2003-07-21;1.21090400
2003-07-22;1.21148600
2003-07-23;1.21044300
2003-07-24;1.21166600
2003-07-25;1.21334400
2003-07-28;1.21282900
2003-07-29;1.21141900
2003-07-30;1.21056600
2003-07-31;1.21067200
2003-08-01;1.20694900
2003-08-04;1.20657700
2003-08-05;1.20865900
2003-08-06;1.20951000
2003-08-07;1.21395000
2003-08-08;1.21472000
2003-08-11;1.21553000
2003-08-12;1.21617400
2003-08-13;1.21499400
2003-08-14;1.21307300
2003-08-15;1.21265600
2003-08-18;1.21266500
2003-08-19;1.21137400
2003-08-21;1.21214300
2003-08-22;1.21375300
2003-08-25;1.21407500
2003-08-26;1.21588200
2003-08-27;1.21466600
2003-08-28;1.21588100
2003-08-29;1.21726100
2003-09-01;1.21651500
2003-09-02;1.21599000
2003-09-03;1.21600700
2003-09-04;1.21866200
2003-09-05;1.22289100
2003-09-08;1.22505000
2003-09-09;1.22471100
2003-09-10;1.22078100
2003-09-11;1.22174400
2003-09-12;1.22273000
2003-09-15;1.22463300
2003-09-16;1.22636300
2003-09-17;1.22775100
2003-09-18;1.22830400
2003-09-19;1.22846200
2003-09-22;1.23076400
2003-09-23;1.23025100
2003-09-24;1.23142500
2003-09-25;1.23286800
2003-09-26;1.23372800
2003-09-29;1.23381600
2003-09-30;1.23452600
2003-10-01;1.23527700
2003-10-02;1.23504100
2003-10-03;1.23410600
2003-10-06;1.23300700
2003-10-07;1.23375800
2003-10-08;1.23391500
2003-10-09;1.23505700
2003-10-10;1.23522500
2003-10-13;1.23139000
2003-10-14;1.23074000
2003-10-15;1.23134200
2003-10-16;1.23141300
2003-10-17;1.23078700
2003-10-18;1.23078700
2003-10-20;1.23309200
2003-10-21;1.23444000
2003-10-22;1.23511600
2003-10-27;1.23467500
2003-10-28;1.23421100
2003-10-29;1.23384800
2003-10-30;1.22865300
2003-10-31;1.20551700
2003-11-03;1.20734200
2003-11-04;1.21216800
2003-11-05;1.21880600
2003-11-06;1.22051200
2003-11-07;1.21958300
2003-11-10;1.21761000
2003-11-11;1.21049800
2003-11-12;1.20433300
2003-11-13;1.20220000
2003-11-14;1.20540100
2003-11-17;1.20988000
2003-11-18;1.21672300
2003-11-19;1.21419600
2003-11-20;1.21045900
2003-11-21;1.20989600
2003-11-24;1.20056000
2003-11-25;1.18012200
2003-11-26;1.18627900
2003-11-27;1.17566000
2003-11-28;1.15128600
2003-12-01;1.16036100
2003-12-02;1.12519900
2003-12-03;1.15294200
2003-12-04;1.16595900
2003-12-05;1.17101700
2003-12-08;1.17155200
2003-12-09;1.17797100
2003-12-10;1.18875200
2003-12-11;1.18736900
2003-12-12;1.18786500
2003-12-15;1.18805200
2003-12-16;1.18503400
2003-12-17;1.18538800
2003-12-18;1.18780400
2003-12-19;1.18889000
2003-12-22;1.19089400
2003-12-23;1.19552500
2003-12-29;1.19737300
2003-12-30;1.19940000
2003-12-31;1.20216500
2004-01-05;1.19843700
2004-01-06;1.20657500
2004-01-07;1.19907900
2004-01-08;1.19950300
2004-01-09;1.17731800
2004-01-10;1.17731800
2004-01-12;1.16495300
2004-01-13;1.16842900
2004-01-14;1.18132000
2004-01-15;1.17755000
2004-01-16;1.17617900
2004-01-19;1.18284200
2004-01-20;1.18762100
2004-01-21;1.19428600
2004-01-22;1.19400600
2004-01-23;1.19523800
2004-01-26;1.20012500
2004-01-27;1.19711700
2004-01-28;1.19441700
2004-01-29;1.19231200
2004-01-30;1.18412800
2004-02-02;1.18615400
2004-02-03;1.17975500
2004-02-04;1.18755100
2004-02-05;1.17738600
2004-02-06;1.16763700
2004-02-09;1.16683400
2004-02-10;1.17393700
2004-02-11;1.17387800
2004-02-12;1.17422600
2004-02-13;1.17723700
2004-02-16;1.18048100
2004-02-17;1.17915200
2004-02-18;1.17701100
2004-02-19;1.17671100
2004-02-20;1.17817800
2004-02-23;1.17562400
2004-02-24;1.17549200
2004-02-25;1.18195800
2004-02-26;1.18353000
2004-02-27;1.18785500
2004-03-01;1.19790100
2004-03-02;1.20165100
2004-03-03;1.19942900
2004-03-04;1.20437800
2004-03-05;1.20155800
2004-03-08;1.20841500
2004-03-09;1.20882600
2004-03-10;1.20834800
2004-03-11;1.21526800
2004-03-12;1.21238100
2004-03-16;1.21213700
2004-03-17;1.21154300
2004-03-18;1.20823500
2004-03-19;1.21049000
2004-03-22;1.21843600
2004-03-23;1.23003700
2004-03-24;1.23323800
2004-03-25;1.23147100
2004-03-26;1.22923300
2004-03-29;1.22795900
2004-03-30;1.23575500
2004-03-31;1.23890400
2004-04-01;1.23684100
2004-04-02;1.23641900
2004-04-05;1.23981700
2004-04-06;1.24252800
2004-04-07;1.24187000
2004-04-08;1.24171900
2004-04-09;1.24126400
2004-04-13;1.23546700
2004-04-14;1.23126700
2004-04-15;1.22413900
2004-04-16;1.23184100
2004-04-19;1.23636500
2004-04-20;1.23846800
2004-04-21;1.23469600
2004-04-22;1.23395400
2004-04-23;1.23514100
2004-04-26;1.23569400
2004-04-27;1.23829600
2004-04-28;1.23901400
2004-04-29;1.23122000
2004-04-30;1.23380500
2004-05-03;1.23912900
2004-05-04;1.24572200
2004-05-05;1.24509100
2004-05-06;1.24325000
2004-05-07;1.23629800
2004-05-10;1.22323700
2004-05-11;1.22743100
2004-05-12;1.22531800
2004-05-13;1.22214700
2004-05-14;1.22111800
2004-05-17;1.22523100
2004-05-18;1.22640900
2004-05-19;1.22693900
2004-05-20;1.22674500
2004-05-21;1.21972800
2004-05-24;1.21871500
2004-05-25;1.22326400
2004-05-26;1.22526500
2004-05-27;1.22579600
2004-05-28;1.22802200
2004-06-01;1.22601500
2004-06-02;1.22693300
2004-06-03;1.22658200
2004-06-04;1.22393300
2004-06-07;1.22905800
2004-06-08;1.22881800
2004-06-09;1.22850000
2004-06-10;1.22600400
2004-06-11;1.22550600
2004-06-14;1.22170700
2004-06-15;1.22161100
2004-06-16;1.22188600
2004-06-17;1.21494500
2004-06-18;1.21396300
2004-06-21;1.21395400
2004-06-22;1.20878500
2004-06-23;1.20969300
2004-06-24;1.21376800
2004-06-25;1.22142200
2004-06-28;1.22024200
2004-06-29;1.21916800
2004-06-30;1.22067600
2004-07-01;1.22015700
2004-07-02;1.22182100
2004-07-05;1.22914900
2004-07-06;1.23020700
2004-07-07;1.22827800
2004-07-08;1.22621800
2004-07-09;1.22459200
2004-07-12;1.22398100
2004-07-13;1.22441800
2004-07-14;1.22511100
2004-07-15;1.22740100
2004-07-16;1.22561900
2004-07-19;1.22748700
2004-07-20;1.22758600
2004-07-21;1.22646800
2004-07-22;1.22526300
2004-07-23;1.23003000
2004-07-26;1.23931900
2004-07-27;1.23814600
2004-07-28;1.23851000
2004-07-29;1.24329300
2004-07-30;1.24252000
2004-08-02;1.24248500
2004-08-03;1.23973200
2004-08-04;1.23916700
2004-08-05;1.23933900
2004-08-06;1.24367800
2004-08-09;1.24570000
2004-08-10;1.24687500
2004-08-11;1.24639800
2004-08-12;1.24730900
2004-08-13;1.24585500
2004-08-16;1.24746200
2004-08-17;1.24940100
2004-08-18;1.25070800
2004-08-19;1.23882400
2004-08-23;1.23398900
2004-08-24;1.23543800
2004-08-25;1.23484200
2004-08-26;1.23936800
2004-08-27;1.23878700
2004-08-30;1.23957700
2004-08-31;1.23982800
2004-09-01;1.23656200
2004-09-02;1.23777300
2004-09-03;1.24025700
2004-09-06;1.24059100
2004-09-07;1.24082200
2004-09-08;1.23779400
2004-09-09;1.23732700
2004-09-10;1.23043800
2004-09-13;1.23233300
2004-09-14;1.23380200
2004-09-15;1.23508200
2004-09-16;1.23724900
2004-09-17;1.23835900
2004-09-20;1.24505700
2004-09-21;1.24719700
2004-09-22;1.24894700
2004-09-23;1.24959700
2004-09-24;1.25633800
2004-09-27;1.25810900
2004-09-28;1.25789200
2004-09-29;1.25386400
2004-09-30;1.25701500
2004-10-01;1.25605900
2004-10-04;1.25752000
2004-10-05;1.25722300
2004-10-06;1.25802000
2004-10-07;1.25857000
2004-10-08;1.26011300
2004-10-11;1.26189800
2004-10-12;1.26782100
2004-10-13;1.26736700
2004-10-14;1.26762600
2004-10-15;1.26823000
2004-10-18;1.26839200
2004-10-19;1.27012100
2004-10-20;1.27186800
2004-10-21;1.27424400
2004-10-22;1.28289800
2004-10-25;1.28460300
2004-10-26;1.28346500
2004-10-27;1.28243200
2004-10-28;1.28497700
2004-10-29;1.28598400
2004-11-02;1.28761600
2004-11-03;1.28847800
2004-11-04;1.28845900
2004-11-05;1.29209800
2004-11-08;1.29305100
2004-11-09;1.29351300
2004-11-10;1.29682500
2004-11-11;1.30287000
2004-11-12;1.30670700
2004-11-15;1.31673500
2004-11-16;1.31587900
2004-11-17;1.31475500
2004-11-18;1.31488700
2004-11-19;1.31229800
2004-11-22;1.31175500
2004-11-23;1.31868100
2004-11-24;1.32224100
2004-11-25;1.32239600
2004-11-26;1.32246600
2004-11-29;1.31801400
2004-11-30;1.31715600
2004-12-01;1.32114700
2004-12-02;1.32604500
2004-12-03;1.32657900
2004-12-06;1.33213900
2004-12-07;1.33194300
2004-12-08;1.33262300
2004-12-09;1.33327200
2004-12-10;1.32898500
2004-12-13;1.33242500
2004-12-14;1.33372300
2004-12-15;1.34005700
2004-12-16;1.34596900
2004-12-17;1.34430300
2004-12-20;1.34931600
2004-12-21;1.35157500
2004-12-22;1.35126800
2004-12-23;1.35073000
2004-12-27;1.35231900
2004-12-28;1.35256500
2004-12-29;1.35278900
2004-12-30;1.35332800
2004-12-31;1.35426500
2005-01-03;1.35233700
2005-01-04;1.35671600
2005-01-05;1.35871100
2005-01-06;1.35483700
2005-01-07;1.35311000
2005-01-10;1.35121800
2005-01-11;1.35032600
2005-01-12;1.34846100
2005-01-13;1.34861800
2005-01-14;1.34581900
2005-01-17;1.34620500
2005-01-18;1.34692000
2005-01-19;1.34807300
2005-01-20;1.34772500
2005-01-21;1.34827700
2005-01-24;1.35165800
2005-01-25;1.35223800
2005-01-26;1.35238500
2005-01-27;1.35223400
2005-01-28;1.35309000
2005-01-31;1.35380900
2005-02-01;1.35758400
2005-02-02;1.35894000
2005-02-03;1.36287400
2005-02-04;1.36472500
2005-02-07;1.36574800
2005-02-08;1.36658200
2005-02-09;1.37122700
2005-02-10;1.37201600
2005-02-11;1.37375600
2005-02-14;1.37400000
2005-02-15;1.37535900
2005-02-16;1.37752900
2005-02-17;1.38713100
2005-02-18;1.38843900
2005-02-21;1.39013800
2005-02-22;1.39233700
2005-02-23;1.39543300
2005-02-24;1.39417300
2005-02-25;1.39180800
2005-02-28;1.39822600
2005-03-01;1.40010500
2005-03-02;1.39708200
2005-03-03;1.39577500
2005-03-04;1.39469100
2005-03-07;1.39661900
2005-03-08;1.40215400
2005-03-09;1.40314600
2005-03-10;1.40081300
2005-03-11;1.40150900
2005-03-16;1.39649400
2005-03-17;1.39041400
2005-03-18;1.39325000
2005-03-21;1.39564800
2005-03-22;1.39334900
2005-03-23;1.39156400
2005-03-24;1.38895300
2005-03-25;1.39186800
2005-03-29;1.39395000
2005-03-30;1.39619100
2005-03-31;1.40105900
2005-04-01;1.40188900
2005-04-04;1.40248100
2005-04-05;1.40265100
2005-04-06;1.40208400
2005-04-07;1.40137200
2005-04-08;1.40185000
2005-04-11;1.40211800
2005-04-12;1.40199400
2005-04-13;1.40164900
2005-04-14;1.40156800
2005-04-15;1.40213100
2005-04-18;1.40145900
2005-04-19;1.39860200
2005-04-20;1.39737400
2005-04-21;1.39892300
2005-04-22;1.39695700
2005-04-25;1.39774100
2005-04-26;1.40047300
2005-04-27;1.40084400
2005-04-28;1.39985300
2005-04-29;1.39821800
2005-05-02;1.39968400
2005-05-03;1.39999800
2005-05-04;1.40174100
2005-05-05;1.40348600
2005-05-06;1.40442000
2005-05-09;1.40435100
2005-05-10;1.40351200
2005-05-11;1.40371500
2005-05-12;1.40342800
2005-05-13;1.40614600
2005-05-17;1.40633400
2005-05-18;1.40567900
2005-05-19;1.40618500
2005-05-20;1.40672700
2005-05-23;1.40852000
2005-05-24;1.41068900
2005-05-25;1.41020800
2005-05-26;1.40867500
2005-05-27;1.40994200
2005-05-30;1.40894000
2005-05-31;1.40858700
2005-06-01;1.41031500
2005-06-02;1.41679500
2005-06-03;1.41878800
2005-06-06;1.42144600
2005-06-07;1.42327400
2005-06-08;1.42402900
2005-06-09;1.42372300
2005-06-10;1.42480800
2005-06-13;1.42581300
2005-06-14;1.42743100
2005-06-15;1.43012300
2005-06-16;1.42968400
2005-06-17;1.43131100
2005-06-20;1.43430900
2005-06-21;1.43475300
2005-06-22;1.43572500
2005-06-23;1.44235400
2005-06-24;1.44340100
2005-06-27;1.44242200
2005-06-28;1.44317300
2005-06-29;1.44295000
2005-06-30;1.44867300
2005-07-01;1.45037800
2005-07-04;1.45235600
2005-07-05;1.45361300
2005-07-06;1.45220200
2005-07-07;1.45236600
2005-07-08;1.45061800
2005-07-11;1.45267400
2005-07-12;1.45209800
2005-07-13;1.45340300
2005-07-14;1.45199900
2005-07-15;1.45473400
2005-07-18;1.46048400
2005-07-19;1.46196200
2005-07-20;1.46445900
2005-07-21;1.46402300
2005-07-22;1.46389300
2005-07-25;1.46519200
2005-07-26;1.46518700
2005-07-27;1.46517300
2005-07-28;1.46571500
2005-07-29;1.46520200
2005-08-01;1.46557200
2005-08-02;1.46496100
2005-08-03;1.46520800
2005-08-04;1.46737800
2005-08-05;1.47025800
2005-08-08;1.46959400
2005-08-09;1.47230600
2005-08-10;1.47190600
2005-08-11;1.47299800
2005-08-12;1.47421200
2005-08-15;1.47530100
2005-08-16;1.47574200
2005-08-17;1.47674100
2005-08-18;1.47686900
2005-08-19;1.47870400
2005-08-22;1.47890000
2005-08-23;1.48464700
2005-08-24;1.48484100
2005-08-25;1.48605600
2005-08-26;1.48485300
2005-08-29;1.48621300
2005-08-30;1.48611000
2005-08-31;1.48982200
2005-09-01;1.49276300
2005-09-02;1.49594500
2005-09-05;1.49833600
2005-09-06;1.49927300
2005-09-07;1.49928800
2005-09-08;1.49892400
2005-09-09;1.49954900
2005-09-12;1.50001600
2005-09-13;1.50136900
2005-09-14;1.50044900
2005-09-15;1.49949600
2005-09-16;1.50067600
2005-09-19;1.49945700
2005-09-20;1.49786100
2005-09-21;1.49645300
2005-09-22;1.49190400
2005-09-23;1.49001700
2005-09-26;1.48914400
2005-09-27;1.49006900
2005-09-28;1.49013500
2005-09-29;1.48658400
2005-09-30;1.48226800
2005-10-03;1.47956700
2005-10-04;1.47738200
2005-10-05;1.47921300
2005-10-06;1.48081900
2005-10-07;1.47419600
2005-10-10;1.47321900
2005-10-11;1.47451500
2005-10-12;1.47633800
2005-10-13;1.47118500
2005-10-14;1.46844300
2005-10-17;1.46727500
2005-10-18;1.46903500
2005-10-19;1.46778700
2005-10-20;1.46782300
2005-10-21;1.46777300
2005-10-24;1.46784400
2005-10-25;1.46456400
2005-10-26;1.46149700
2005-10-27;1.45973600
2005-10-28;1.45975800
2005-11-02;1.46176400
2005-11-03;1.46380400
2005-11-04;1.46514200
2005-11-07;1.46212100
2005-11-08;1.46103700
2005-11-09;1.46101100
2005-11-10;1.45569700
2005-11-11;1.45589700
2005-11-14;1.45622400
2005-11-15;1.45888400
2005-11-16;1.46153000
2005-11-17;1.46125400
2005-11-18;1.45948700
2005-11-21;1.45610400
2005-11-22;1.45421500
2005-11-23;1.45195700
2005-11-24;1.45523500
2005-11-25;1.45860800
2005-11-28;1.46206100
2005-11-29;1.46630600
2005-11-30;1.46436900
2005-12-01;1.46440500
2005-12-02;1.46552500
2005-12-05;1.46632600
2005-12-06;1.46647800
2005-12-07;1.46208800
2005-12-08;1.46066100
2005-12-09;1.45718800
2005-12-12;1.45502900
2005-12-13;1.45975400
2005-12-14;1.45886700
2005-12-15;1.45981200
2005-12-16;1.45853000
2005-12-19;1.45828600
2005-12-20;1.45923300
2005-12-21;1.46065500
2005-12-22;1.46226300
2005-12-23;1.46156400
2005-12-27;1.46166600
2005-12-28;1.46072700
2005-12-29;1.46315000
2005-12-30;1.46067500
2006-01-02;1.46239300
2006-01-03;1.46196100
2006-01-04;1.46381200
2006-01-05;1.46843100
2006-01-06;1.46988700
2006-01-09;1.47083600
2006-01-10;1.47547000
2006-01-11;1.47365100
2006-01-12;1.47690100
2006-01-13;1.47891000
2006-01-16;1.48224800
2006-01-17;1.48860500
2006-01-18;1.48229800
2006-01-19;1.48294300
2006-01-20;1.48017400
2006-01-23;1.48051800
2006-01-24;1.48243300
2006-01-25;1.48326300
2006-01-26;1.48373100
2006-01-27;1.47724300
2006-01-30;1.47643600
2006-01-31;1.47023100
2006-02-01;1.47263100
2006-02-02;1.47194400
2006-02-03;1.47618300
2006-02-06;1.47949000
2006-02-07;1.48243600
2006-02-08;1.48217100
2006-02-09;1.48209500
2006-02-10;1.48213900
2006-02-13;1.48335600
2006-02-14;1.48224200
2006-02-15;1.48206700
2006-02-16;1.48370400
2006-02-17;1.48327800
2006-02-20;1.48331900
2006-02-21;1.48399600
2006-02-22;1.48160000
2006-02-23;1.48062800
2006-02-24;1.48078100
2006-02-27;1.48114300
2006-02-28;1.48258200
2006-03-01;1.48350800
2006-03-02;1.48291600
2006-03-03;1.48185800
2006-03-06;1.48002500
2006-03-07;1.47927500
2006-03-08;1.48129100
2006-03-09;1.47670100
2006-03-10;1.47802700
2006-03-13;1.47758500
2006-03-14;1.47525400
2006-03-16;1.47564000
2006-03-17;1.48301900
2006-03-20;1.48223700
2006-03-21;1.48385700
2006-03-22;1.48214400
2006-03-23;1.48023800
2006-03-24;1.47896300
2006-03-27;1.47845200
2006-03-28;1.47786600
2006-03-29;1.47634300
2006-03-30;1.47650300
2006-03-31;1.47549100
2006-04-03;1.47838800
2006-04-04;1.47857300
2006-04-05;1.47679400
2006-04-06;1.47845000
2006-04-07;1.47767200
2006-04-10;1.47805100
2006-04-11;1.47925100
2006-04-12;1.48184000
2006-04-13;1.48057500
2006-04-14;1.48030100
2006-04-18;1.48134600
2006-04-19;1.48541800
2006-04-20;1.48375900
2006-04-21;1.48431500
2006-04-24;1.48802000
2006-04-25;1.48999700
2006-04-26;1.48985600
2006-04-27;1.49023600
2006-04-28;1.49114500
2006-05-02;1.49286600
2006-05-03;1.49473300
2006-05-04;1.49478700
2006-05-05;1.49414600
2006-05-08;1.49452900
2006-05-09;1.49525100
2006-05-10;1.49478200
2006-05-11;1.49445700
2006-05-12;1.49322400
2006-05-15;1.49099800
2006-05-16;1.49207100
2006-05-17;1.49133200
2006-05-18;1.48765700
2006-05-19;1.48894300
2006-05-22;1.48906700
2006-05-23;1.48585700
2006-05-24;1.48724800
2006-05-25;1.48690300
2006-05-26;1.49027600
2006-05-29;1.49183700
2006-05-30;1.49041700
2006-05-31;1.49096400
2006-06-01;1.49228500
2006-06-02;1.49099900
2006-06-06;1.49518800
2006-06-07;1.49329400
2006-06-08;1.49320100
2006-06-09;1.49323500
2006-06-12;1.49006400
2006-06-13;1.48853100
2006-06-14;1.49007900
2006-06-15;1.49300900
2006-06-16;1.47922400
2006-06-19;1.48052300
2006-06-20;1.48062900
2006-06-21;1.47828100
2006-06-22;1.47805700
2006-06-23;1.47207600
2006-06-26;1.46823400
2006-06-27;1.47034300
2006-06-28;1.46745100
2006-06-29;1.46448200
2006-06-30;1.46117100
2006-07-03;1.46042800
2006-07-04;1.46835200
2006-07-05;1.46828500
2006-07-06;1.46540200
2006-07-07;1.46997900
2006-07-10;1.46964500
2006-07-11;1.48078500
2006-07-12;1.48062500
2006-07-13;1.47840700
2006-07-14;1.47548800
2006-07-17;1.47995800
2006-07-18;1.48251900
2006-07-19;1.48426300
2006-07-20;1.48787300
2006-07-21;1.48855200
2006-07-24;1.48594200
2006-07-25;1.49187500
2006-07-26;1.48968500
2006-07-27;1.49103800
2006-07-28;1.49262600
2006-07-31;1.49329100
2006-08-01;1.48896800
2006-08-02;1.48691800
2006-08-03;1.48431600
2006-08-04;1.48471300
2006-08-07;1.48876400
2006-08-08;1.49133300
2006-08-09;1.49068500
2006-08-10;1.49172200
2006-08-11;1.49015600
2006-08-14;1.48761000
2006-08-15;1.48434800
2006-08-16;1.48534000
2006-08-17;1.48712900
2006-08-18;1.48169400
2006-08-21;1.47996900
2006-08-22;1.48396900
2006-08-23;1.48370400
2006-08-24;1.47890100
2006-08-25;1.47967400
2006-08-28;1.47985000
2006-08-29;1.47980900
2006-08-30;1.48071400
2006-08-31;1.48209100
2006-09-01;1.48052400
2006-09-04;1.48109700
2006-09-05;1.48278800
2006-09-06;1.48317600
2006-09-07;1.48274400
2006-09-08;1.48300400
2006-09-11;1.48466500
2006-09-12;1.48489200
2006-09-13;1.48563700
2006-09-14;1.48927400
2006-09-15;1.49149900
2006-09-18;1.49300600
2006-09-19;1.48880600
2006-09-20;1.49045900
2006-09-21;1.48776100
2006-09-22;1.48075500
2006-09-25;1.48677300
2006-09-26;1.48565300
2006-09-27;1.48622000
2006-09-28;1.48638100
2006-09-29;1.48580800
2006-10-02;1.47881500
2006-10-03;1.47875500
2006-10-04;1.47660500
2006-10-05;1.47638900
2006-10-06;1.47759300
2006-10-09;1.48223500
2006-10-10;1.48467400
2006-10-11;1.49104600
2006-10-12;1.49193200
2006-10-13;1.49497200
2006-10-16;1.49924800
2006-10-17;1.49606600
2006-10-18;1.49524800
2006-10-19;1.50023500
2006-10-20;1.50311000
2006-10-24;1.49915800
2006-10-25;1.50629100
2006-10-26;1.51253400
2006-10-27;1.50889800
2006-10-30;1.50767300
2006-10-31;1.50997400
2006-11-02;1.51162000
2006-11-03;1.51190700
2006-11-06;1.51387900
2006-11-07;1.51278200
2006-11-08;1.51292700
2006-11-09;1.51530300
2006-11-10;1.51484600
2006-11-13;1.51676600
2006-11-14;1.51875000
2006-11-15;1.52335200
2006-11-16;1.52481200
2006-11-17;1.52718300
2006-11-20;1.52501000
2006-11-21;1.53545700
2006-11-22;1.53467100
2006-11-23;1.53269600
2006-11-24;1.52980600
2006-11-27;1.53098400
2006-11-28;1.53127200
2006-11-29;1.53392500
2006-11-30;1.53374200
2006-12-01;1.53269100
2006-12-04;1.53419200
2006-12-05;1.53324900
2006-12-06;1.53310100
2006-12-07;1.53344100
2006-12-08;1.53410200
2006-12-11;1.53441600
2006-12-12;1.53582600
2006-12-13;1.54275800
2006-12-14;1.54482100
2006-12-15;1.54566400
2006-12-18;1.54670500
2006-12-19;1.54623700
2006-12-20;1.54559500
2006-12-21;1.54756600
2006-12-22;1.54889900
2006-12-27;1.54922700
2006-12-28;1.54828000
2006-12-29;1.54931400
2007-01-02;1.55236800
2007-01-03;1.55506200
2007-01-04;1.55531300
2007-01-05;1.55213300
2007-01-08;1.55083100
2007-01-09;1.55248900
2007-01-10;1.54421600
2007-01-11;1.53854600
2007-01-12;1.53709000
2007-01-15;1.54154500
2007-01-16;1.54297800
2007-01-17;1.54029100
2007-01-18;1.53955600
2007-01-19;1.54313200
2007-01-22;1.54401100
2007-01-23;1.53723200
2007-01-24;1.53732000
2007-01-25;1.53908700
2007-01-26;1.53817600
2007-01-29;1.54031400
2007-01-30;1.53885600
2007-01-31;1.54030800
2007-02-01;1.54382700
2007-02-02;1.54443800
2007-02-05;1.54423000
2007-02-06;1.54691300
2007-02-07;1.54705700
2007-02-08;1.54734200
2007-02-09;1.54754500
2007-02-12;1.54616900
2007-02-13;1.54637500
2007-02-14;1.54668300
2007-02-15;1.54940800
2007-02-16;1.55012300
2007-02-19;1.55241000
2007-02-20;1.55332900
2007-02-21;1.55217300
2007-02-22;1.55168200
2007-02-23;1.55221600
2007-02-26;1.55433900
2007-02-27;1.55339300
2007-02-28;1.55129500
2007-03-01;1.55220200
2007-03-02;1.55228200
2007-03-05;1.55309500
2007-03-06;1.55414200
2007-03-07;1.55549100
2007-03-08;1.55742900
2007-03-09;1.56064100
2007-03-12;1.56448500
2007-03-13;1.56301800
2007-03-14;1.56132800
2007-03-19;1.57399400
2007-03-20;1.57328500
2007-03-21;1.57512000
2007-03-22;1.57574700
2007-03-23;1.57715200
2007-03-26;1.57830600
2007-03-27;1.57796600
2007-03-28;1.57725300
2007-03-29;1.57832600
2007-03-30;1.57973200
2007-04-02;1.58063200
2007-04-03;1.58069800
2007-04-04;1.58049800
2007-04-05;1.58081800
2007-04-06;1.58124400
2007-04-10;1.58108900
2007-04-11;1.58311700
2007-04-12;1.58928700
2007-04-13;1.58881500
2007-04-16;1.58984100
2007-04-17;1.59041300
2007-04-18;1.59130600
2007-04-19;1.59071700
2007-04-20;1.59271700
2007-04-23;1.59423300
2007-04-24;1.59396400
2007-04-25;1.59446600
2007-04-26;1.59530200
2007-04-27;1.59758500
2007-05-02;1.59672400
2007-05-03;1.59626400
2007-05-04;1.60176700
2007-05-07;1.60546000
2007-05-08;1.60746700
2007-05-09;1.60825700
2007-05-10;1.60613500
2007-05-11;1.60288800
2007-05-14;1.60435300
2007-05-15;1.60557900
2007-05-16;1.60541200
2007-05-17;1.60514300
2007-05-18;1.60288800
2007-05-21;1.60338400
2007-05-22;1.60453100
2007-05-23;1.60861200
2007-05-24;1.60650100
2007-05-25;1.60544700
2007-05-29;1.60572900
2007-05-30;1.60630100
2007-05-31;1.60615300
2007-06-01;1.60793100
2007-06-04;1.60849300
2007-06-05;1.60944200
2007-06-06;1.60712700
2007-06-07;1.60036800
2007-06-08;1.59444400
2007-06-11;1.59737400
2007-06-12;1.59931700
2007-06-13;1.59667600
2007-06-14;1.59793900
2007-06-15;1.59946400
2007-06-18;1.60332900
2007-06-19;1.60418500
2007-06-20;1.60337200
2007-06-21;1.60345500
2007-06-22;1.60255000
2007-06-25;1.60548400
2007-06-26;1.61286700
2007-06-27;1.61363700
2007-06-28;1.61353100
2007-06-29;1.61367400
2007-07-02;1.61611500
2007-07-03;1.61786500
2007-07-04;1.61754000
2007-07-05;1.61875900
2007-07-06;1.61916600
2007-07-09;1.62074200
2007-07-10;1.62197300
2007-07-11;1.62253200
2007-07-12;1.62322400
2007-07-13;1.62416600
2007-07-16;1.62446900
2007-07-17;1.62417200
2007-07-18;1.62539900
2007-07-19;1.62837800
2007-07-20;1.63012400
2007-07-23;1.63263700
2007-07-24;1.63342200
2007-07-25;1.63163900
2007-07-26;1.62492900
2007-07-27;1.61953200
2007-07-30;1.62029500
2007-07-31;1.62210500
2007-08-01;1.61821900
2007-08-02;1.62043100
2007-08-03;1.62162500
2007-08-06;1.62077000
2007-08-07;1.62212700
2007-08-08;1.62458500
2007-08-09;1.62497300
2007-08-10;1.62106500
2007-08-13;1.62093900
2007-08-14;1.61942700
2007-08-15;1.61196700
2007-08-16;1.60417200
2007-08-17;1.60365300
2007-08-21;1.60573800
2007-08-22;1.60674000
2007-08-23;1.61009400
2007-08-24;1.61007500
2007-08-27;1.61690500
2007-08-28;1.61674400
2007-08-29;1.61288900
2007-08-30;1.61704800
2007-08-31;1.62039400
2007-09-03;1.61965200
2007-09-04;1.61967500
2007-09-05;1.61859100
2007-09-06;1.61840300
2007-09-07;1.62006900
2007-09-10;1.61976500
2007-09-11;1.62016200
2007-09-12;1.62687200
2007-09-13;1.62855200
2007-09-14;1.62998400
2007-09-17;1.62980700
2007-09-18;1.62938900
2007-09-19;1.63920900
2007-09-20;1.63850600
2007-09-21;1.63785400
2007-09-24;1.63856300
2007-09-25;1.63763800
2007-09-26;1.63829500
2007-09-27;1.63817200
2007-09-28;1.64031000
2007-10-01;1.63875100
2007-10-02;1.63669600
2007-10-03;1.63451000
2007-10-04;1.63309000
2007-10-05;1.63426300
2007-10-08;1.63668300
2007-10-09;1.63697900
2007-10-10;1.63717000
2007-10-11;1.64027000
2007-10-12;1.64044800
2007-10-15;1.64075200
2007-10-16;1.64028000
2007-10-17;1.64077200
2007-10-18;1.64280100
2007-10-19;1.64168100
2007-10-24;1.64703200
2007-10-25;1.64686100
2007-10-26;1.64752600
2007-10-29;1.64864200
2007-10-30;1.64684100
2007-10-31;1.64662300
2007-11-05;1.64744600
2007-11-06;1.64758200
2007-11-07;1.64611500
2007-11-08;1.64558900
2007-11-09;1.64643600
2007-11-12;1.64462500
2007-11-13;1.64376300
2007-11-14;1.64410400
2007-11-15;1.64300000
2007-11-16;1.64081100
2007-11-19;1.63188900
2007-11-20;1.63681200
2007-11-21;1.63422800
2007-11-22;1.62959400
2007-11-23;1.63103600
2007-11-26;1.62806000
2007-11-27;1.62808700
2007-11-28;1.62693800
2007-11-29;1.63116400
2007-11-30;1.63361300
2007-12-03;1.63359500
2007-12-04;1.63157200
2007-12-05;1.62872000
2007-12-06;1.63408200
2007-12-07;1.63326000
2007-12-10;1.63445000
2007-12-11;1.63481600
2007-12-12;1.63330400
2007-12-13;1.63387700
2007-12-14;1.62718700
2007-12-17;1.62361500
2007-12-18;1.62377100
2007-12-19;1.62007300
2007-12-20;1.61680500
2007-12-21;1.61824300
2007-12-27;1.62112600
2007-12-28;1.62019100
2008-01-02;1.62255000
2008-01-03;1.62191000
2008-01-04;1.62215900
2008-01-07;1.62246900
2008-01-08;1.62702000
2008-01-09;1.63030500
2008-01-10;1.62994500
2008-01-11;1.63123700
2008-01-14;1.63200900
2008-01-15;1.63144600
2008-01-16;1.63025300
2008-01-17;1.62917500
2008-01-18;1.62841900
2008-01-21;1.62632400
2008-01-22;1.62190100
2008-01-23;1.62189600
2008-01-24;1.62445900
2008-01-25;1.62752600
2008-01-28;1.62816200
2008-01-29;1.62744400
2008-01-30;1.62776500
2008-01-31;1.62812600
2008-02-01;1.62730300
2008-02-04;1.62810100
2008-02-05;1.62572600
2008-02-06;1.61969900
2008-02-07;1.60859900
2008-02-08;1.61016100
2008-02-11;1.60391800
2008-02-12;1.60608200
2008-02-13;1.60811600
2008-02-14;1.60858100
2008-02-15;1.60683200
2008-02-18;1.60510400
2008-02-19;1.60024200
2008-02-20;1.59614700
2008-02-21;1.59534100
2008-02-22;1.59459700
2008-02-25;1.60585100
2008-02-26;1.60070500
2008-02-27;1.60901800
2008-02-28;1.60166500
2008-02-29;1.57570900
2008-03-03;1.56358100
2008-03-04;1.57208500
2008-03-05;1.57492900
2008-03-06;1.55913900
2008-03-07;1.52271300
2008-03-10;1.53207800
2008-03-11;1.53249500
2008-03-12;1.53901100
2008-03-13;1.54689800
2008-03-14;1.55242500
2008-03-17;1.54518100
2008-03-18;1.55956100
2008-03-19;1.57256200
2008-03-20;1.57072100
2008-03-21;1.57075200
2008-03-25;1.57061000
2008-03-26;1.56313100
2008-03-27;1.56471100
2008-03-28;1.56110900
2008-03-31;1.53478300
2008-04-01;1.54133500
2008-04-02;1.55918000
2008-04-03;1.55973500
2008-04-04;1.55945500
2008-04-07;1.56762700
2008-04-08;1.57270100
2008-04-09;1.57341200
2008-04-10;1.57462700
2008-04-11;1.57956400
2008-04-14;1.58020500
2008-04-15;1.58165400
2008-04-16;1.58192400
2008-04-17;1.57728200
2008-04-18;1.57782900
2008-04-21;1.58294500
2008-04-22;1.58578300
2008-04-23;1.58489900
2008-04-24;1.58484100
2008-04-25;1.58051000
2008-04-28;1.58179900
2008-04-29;1.58397800
2008-04-30;1.58333200
2008-05-05;1.58465100
2008-05-06;1.58025000
2008-05-07;1.58458200
2008-05-08;1.58576900
2008-05-09;1.58148800
2008-05-13;1.58261800
2008-05-14;1.58508300
2008-05-15;1.58457900
2008-05-16;1.58209200
2008-05-19;1.58594400
2008-05-20;1.58688500
2008-05-21;1.58551800
2008-05-22;1.58566900
2008-05-23;1.58426200
2008-05-26;1.58955100
2008-05-27;1.58751900
2008-05-28;1.58627700
2008-05-29;1.58900900
2008-05-30;1.58755400
2008-06-02;1.58915900
2008-06-03;1.58344200
2008-06-04;1.58048800
2008-06-05;1.57269900
2008-06-06;1.55466600
2008-06-09;1.56522900
2008-06-10;1.56820600
2008-06-11;1.56386800
2008-06-12;1.55998300
2008-06-13;1.56252800
2008-06-16;1.56202300
2008-06-17;1.56042600
2008-06-18;1.56189700
2008-06-19;1.56121600
2008-06-20;1.56072900
2008-06-23;1.56215100
2008-06-24;1.56704900
2008-06-25;1.56561000
2008-06-26;1.57121900
2008-06-27;1.56859600
2008-06-30;1.57156900
2008-07-01;1.57448100
2008-07-02;1.57297300
2008-07-03;1.56597700
2008-07-04;1.57133400
2008-07-07;1.57450700
2008-07-08;1.57842800
2008-07-09;1.59600600
2008-07-10;1.59424500
2008-07-11;1.59969200
2008-07-14;1.60251100
2008-07-15;1.59991200
2008-07-16;1.60463800
2008-07-17;1.62341900
2008-07-18;1.61985900
2008-07-21;1.62217400
2008-07-22;1.62338000
2008-07-23;1.61846600
2008-07-24;1.62448100
2008-07-25;1.63214800
2008-07-28;1.62835300
2008-07-29;1.62801100
2008-07-30;1.63170300
2008-07-31;1.63310300
2008-08-01;1.63161800
2008-08-04;1.63207500
2008-08-05;1.63039200
2008-08-06;1.64886000
2008-08-07;1.65189600
2008-08-08;1.64879400
2008-08-11;1.64584900
2008-08-12;1.64864100
2008-08-13;1.64809900
2008-08-14;1.65231200
2008-08-15;1.64971500
2008-08-18;1.65135400
2008-08-19;1.65182900
2008-08-21;1.65401200
2008-08-22;1.65080900
2008-08-25;1.65156300
2008-08-26;1.64634700
2008-08-27;1.64730800
2008-08-28;1.64222900
2008-08-29;1.63919200
2008-09-01;1.64849400
2008-09-02;1.63283100
2008-09-03;1.63171200
2008-09-04;1.63206900
2008-09-05;1.62659400
2008-09-08;1.63111700
2008-09-09;1.63682100
2008-09-10;1.63725500
2008-09-11;1.64582300
2008-09-12;1.64458400
2008-09-15;1.62634100
2008-09-16;1.61497400
2008-09-17;1.62387400
2008-09-18;1.61216900
2008-09-19;1.62624600
2008-09-22;1.63372600
2008-09-23;1.63379200
2008-09-24;1.63165200
2008-09-25;1.63101700
2008-09-26;1.63103600
2008-09-29;1.62394100
2008-09-30;1.61549700
2008-10-01;1.61728400
2008-10-02;1.61429500
2008-10-03;1.60806700
2008-10-06;1.59668300
2008-10-07;1.58692500
2008-10-08;1.57140000
2008-10-09;1.53929300
2008-10-10;1.47315200
2008-10-13;1.52538900
2008-10-14;1.53897800
2008-10-15;1.53087200
2008-10-16;1.50990600
2008-10-17;1.48506800
2008-10-20;1.48077700
2008-10-21;1.47135200
2008-10-22;1.44460900
2008-10-27;1.42787800
2008-10-28;1.42537900
2008-10-29;1.43962400
2008-10-30;1.49261500
2008-10-31;1.49209600
2008-11-03;1.47721800
2008-11-04;1.48586900
2008-11-05;1.54196400
2008-11-06;1.53843500
2008-11-07;1.51928000
2008-11-10;1.49392400
2008-11-11;1.48405900
2008-11-12;1.46812900
2008-11-13;1.46438500
2008-11-14;1.48071400
2008-11-17;1.48894500
2008-11-18;1.47790400
2008-11-19;1.47254700
2008-11-20;1.47648600
2008-11-21;1.49991600
2008-11-24;1.49651500
2008-11-25;1.51294700
2008-11-26;1.53402900
2008-11-27;1.55939000
2008-11-28;1.56324900
2008-12-01;1.56514800
2008-12-02;1.56304100
2008-12-03;1.56797900
2008-12-04;1.60892500
2008-12-05;1.60445600
2008-12-08;1.60343300
2008-12-09;1.62731300
2008-12-10;1.62805900
2008-12-11;1.65832800
2008-12-12;1.65280300
2008-12-15;1.63742000
2008-12-16;1.63628600
2008-12-17;1.64088600
2008-12-18;1.64020600
2008-12-19;1.63749200
2008-12-22;1.63655300
2008-12-23;1.63605300
2008-12-29;1.64308700
2008-12-30;1.63731300
2008-12-31;1.63733400
2009-01-05;1.63616900
2009-01-06;1.63695500
2009-01-07;1.63924000
2009-01-08;1.62253000
2009-01-09;1.61187200
2009-01-12;1.61772800
2009-01-13;1.60690900
2009-01-14;1.61738000
2009-01-15;1.61956100
2009-01-16;1.64497100
2009-01-19;1.65277500
2009-01-20;1.64285400
2009-01-21;1.64587100
2009-01-22;1.65999700
2009-01-23;1.63566300
2009-01-26;1.63566300
2009-01-27;1.64137900
2009-01-28;1.63137600
2009-01-29;1.62010600
2009-01-30;1.58998300
2009-02-02;1.59657600
2009-02-03;1.59657500
2009-02-04;1.56930900
2009-02-05;1.56817500
2009-02-06;1.54207300
2009-02-09;1.54871700
2009-02-10;1.57801500
2009-02-11;1.56721200
2009-02-12;1.56867700
2009-02-13;1.56458100
2009-02-16;1.53747500
2009-02-17;1.50116500
2009-02-18;1.46558300
2009-02-19;1.47069700
2009-02-20;1.46631800
2009-02-23;1.46221900
2009-02-24;1.47238600
2009-02-25;1.47263800
2009-02-26;1.47248700
2009-02-27;1.50240100
2009-03-02;1.49452000
2009-03-03;1.48860700
2009-03-04;1.47055200
2009-03-05;1.46123000
2009-03-06;1.42827500
2009-03-09;1.43371000
2009-03-10;1.44043100
2009-03-11;1.45873100
2009-03-12;1.46181300
2009-03-13;1.49492700
2009-03-16;1.50165800
2009-03-17;1.50291600
2009-03-18;1.48856000
2009-03-19;1.48188500
2009-03-20;1.48094200
2009-03-23;1.48364000
2009-03-24;1.50912000
2009-03-25;1.51343500
2009-03-26;1.50505900
2009-03-27;1.49217000
2009-03-30;1.48668200
2009-03-31;1.46806200
2009-04-01;1.48281900
2009-04-02;1.50614500
2009-04-03;1.52355600
2009-04-06;1.54946400
2009-04-07;1.54888000
2009-04-08;1.56947500
2009-04-09;1.58709900
2009-04-10;1.58625300
2009-04-14;1.57192600
2009-04-15;1.57417000
2009-04-16;1.56955900
2009-04-17;1.56297600
2009-04-20;1.55585300
2009-04-21;1.55891600
2009-04-22;1.57156500
2009-04-23;1.57338300
2009-04-24;1.57390200
2009-04-27;1.57866800
2009-04-28;1.57673700
2009-04-29;1.59569800
2009-04-30;1.59519100
2009-05-04;1.59831900
2009-05-05;1.60832900
2009-05-06;1.60648400
2009-05-07;1.62404800
2009-05-08;1.62962700
2009-05-11;1.62970200
2009-05-12;1.62179900
2009-05-13;1.61919100
2009-05-14;1.59573400
2009-05-15;1.60078500
2009-05-18;1.60224800
2009-05-19;1.63014700
2009-05-20;1.63167100
2009-05-21;1.63309400
2009-05-22;1.63283300
2009-05-25;1.63734000
2009-05-26;1.63754200
2009-05-27;1.64130400
2009-05-28;1.63821700
2009-05-29;1.64205200
2009-06-02;1.64718900
2009-06-03;1.64509600
2009-06-04;1.62966100
2009-06-05;1.62609900
2009-06-08;1.62684700
2009-06-09;1.62950400
2009-06-10;1.64132900
2009-06-11;1.64041500
2009-06-12;1.64150000
2009-06-15;1.64462400
2009-06-16;1.63897000
2009-06-17;1.63894300
2009-06-18;1.63934000
2009-06-19;1.64151600
2009-06-22;1.63911100
2009-06-23;1.64072900
2009-06-24;1.64470700
2009-06-25;1.65268600
2009-06-26;1.65692000
2009-06-29;1.65745200
2009-06-30;1.67472500
2009-07-01;1.68512800
2009-07-02;1.69932300
2009-07-03;1.70054500
2009-07-06;1.69690700
2009-07-07;1.70060700
2009-07-08;1.70332200
2009-07-09;1.71422100
2009-07-10;1.71854900
2009-07-13;1.71867100
2009-07-14;1.72924000
2009-07-15;1.73752400
2009-07-16;1.74769000
2009-07-17;1.74702200
2009-07-20;1.74854700
2009-07-21;1.74945400
2009-07-22;1.75613300
2009-07-23;1.76179000
2009-07-24;1.76356100
2009-07-27;1.76530700
2009-07-28;1.77028100
2009-07-29;1.75947200
2009-07-30;1.76029700
2009-07-31;1.76684800
2009-08-03;1.77078100
2009-08-04;1.77508300
2009-08-05;1.78151300
2009-08-06;1.77634800
2009-08-07;1.77142100
2009-08-10;1.77493800
2009-08-11;1.77895200
2009-08-12;1.76924000
2009-08-13;1.78046900
2009-08-14;1.78406700
2009-08-17;1.78003900
2009-08-18;1.78465100
2009-08-19;1.79349800
2009-08-24;1.82119100
2009-08-25;1.82225200
2009-08-26;1.82213300
2009-08-27;1.81950800
2009-08-28;1.81908200
2009-08-31;1.82252600
2009-09-01;1.82258000
2009-09-02;1.81497000
2009-09-03;1.82179300
2009-09-04;1.82435300
2009-09-07;1.82765200
2009-09-08;1.83456000
2009-09-09;1.83403700
2009-09-10;1.82910500
2009-09-11;1.83577800
2009-09-14;1.83204700
2009-09-15;1.83862800
2009-09-16;1.85146100
2009-09-17;1.86615200
2009-09-18;1.86609700
2009-09-21;1.86670900
2009-09-22;1.86862800
2009-09-23;1.87464100
2009-09-24;1.87997400
2009-09-25;1.87936500
2009-09-28;1.88497900
2009-09-29;1.88250800
2009-09-30;1.88417800
2009-10-01;1.88478400
2009-10-02;1.86938200
2009-10-05;1.87560100
2009-10-06;1.87860300
2009-10-07;1.88178300
2009-10-08;1.88789600
2009-10-09;1.88787500
2009-10-12;1.89046100
2009-10-13;1.90691900
2009-10-14;1.91144800
2009-10-15;1.92248000
2009-10-16;1.92160500
2009-10-19;1.92354700
2009-10-20;1.93393200
2009-10-21;1.93348700
2009-10-22;1.93465400
2009-10-26;1.93762400
2009-10-27;1.93001700
2009-10-28;1.91370500
2009-10-29;1.91298800
2009-10-30;1.92109000
2009-11-02;1.92101200
2009-11-03;1.90823700
2009-11-04;1.91084300
2009-11-05;1.91495900
2009-11-06;1.92143500
2009-11-09;1.92822800
2009-11-10;1.93758100
2009-11-11;1.93779100
2009-11-12;1.94157800
2009-11-13;1.93872800
2009-11-16;1.93647900
2009-11-17;1.94029600
2009-11-18;1.93821700
2009-11-19;1.93231700
2009-11-20;1.92828300
2009-11-23;1.93317700
2009-11-24;1.93590900
2009-11-25;1.93652800
2009-11-26;1.93320800
2009-11-27;1.92229600
2009-11-30;1.93002500
2009-12-01;1.93117400
2009-12-02;1.93682100
2009-12-03;1.93812000
2009-12-04;1.93919500
2009-12-07;1.94025600
2009-12-08;1.93566100
2009-12-09;1.93143200
2009-12-10;1.93270900
2009-12-11;1.93274900
2009-12-14;1.92831700
2009-12-15;1.92600800
2009-12-16;1.92630100
2009-12-17;1.90920600
2009-12-18;1.90793100
2009-12-21;1.90223500
2009-12-22;1.90456300
2009-12-23;1.90755200
2009-12-28;1.90717000
2009-12-29;1.90470300
2009-12-30;1.90443600
2009-12-31;1.90199300
2010-01-04;1.91006200
2010-01-05;1.91995900
2010-01-06;1.91798700
2010-01-07;1.93209400
2010-01-08;1.93591000
2010-01-11;1.94649300
2010-01-12;1.94506200
2010-01-13;1.94353500
2010-01-14;1.93975800
2010-01-15;1.94141100
2010-01-18;1.94079400
2010-01-19;1.94318000
2010-01-20;1.94078200
2010-01-21;1.93678700
2010-01-22;1.93714300
2010-01-25;1.93877900
2010-01-26;1.93840000
2010-01-27;1.93941600
2010-01-28;1.94189100
2010-01-29;1.94382700
2010-02-01;1.94490600
2010-02-02;1.94992800
2010-02-03;1.95666000
2010-02-04;1.94948300
2010-02-05;1.93522100
2010-02-08;1.93548000
2010-02-09;1.93715400
2010-02-10;1.94092400
2010-02-11;1.94317100
2010-02-12;1.94431700
2010-02-15;1.94529700
2010-02-16;1.94724300
2010-02-17;1.95201100
2010-02-18;1.95260700
2010-02-19;1.95068600
2010-02-22;1.95320600
2010-02-23;1.95569100
2010-02-24;1.96048400
2010-02-25;1.96227300
2010-02-26;1.96531800
2010-03-01;1.97296500
2010-03-02;1.97658000
2010-03-03;1.98196900
2010-03-04;1.98208200
2010-03-05;1.98816000
2010-03-08;1.99045900
2010-03-09;1.99298400
2010-03-10;1.99531800
2010-03-11;1.99928000
2010-03-12;2.00368300
2010-03-16;2.00881200
2010-03-17;2.01385800
2010-03-18;2.01987900
2010-03-19;2.01711800
2010-03-22;2.01604800
2010-03-23;2.01991400
2010-03-24;2.03169900
2010-03-25;2.03716900
2010-03-26;2.04001400
2010-03-29;2.04469900
2010-03-30;2.04807600
2010-03-31;2.04937500
2010-04-01;2.05477900
2010-04-02;2.06073800
2010-04-06;2.06192700
2010-04-07;2.06835200
2010-04-08;2.06089400
2010-04-09;2.06148200
2010-04-12;2.07388200
2010-04-13;2.08024000
2010-04-14;2.09143000
2010-04-15;2.09584300
2010-04-16;2.09704800
2010-04-19;2.09297800
2010-04-20;2.09332600
2010-04-21;2.09506700
2010-04-22;2.09680200
2010-04-23;2.09417000
2010-04-26;2.10351100
2010-04-27;2.10210600
2010-04-28;2.08380100
2010-04-29;2.08406000
2010-04-30;2.08947500
2010-05-03;2.09754000
2010-05-04;2.07163000
2010-05-05;2.06338600
2010-05-06;2.04184000
2010-05-07;2.01000800
2010-05-10;2.05206100
2010-05-11;2.05291200
2010-05-12;2.06246400
2010-05-13;2.06527700
2010-05-14;2.05657900
2010-05-17;2.04647300
2010-05-18;2.05116400
2010-05-19;2.04230000
2010-05-20;2.03890200
2010-05-21;2.02916900
2010-05-25;2.02378000
2010-05-26;2.01691500
2010-05-27;2.02496100
2010-05-28;2.03722100
2010-05-31;2.03758400
2010-06-01;2.02830300
2010-06-02;2.03098900
2010-06-03;2.02637500
2010-06-04;1.96666100
2010-06-07;1.95924100
2010-06-08;1.99070800
2010-06-09;1.99182700
2010-06-10;1.99053900
2010-06-11;1.99834000
2010-06-14;2.00115100
2010-06-15;1.99841600
2010-06-16;1.99739300
2010-06-17;1.99458100
2010-06-18;1.99341200
2010-06-21;1.99937500
2010-06-22;2.00161000
2010-06-23;1.99899200
2010-06-24;1.99495300
2010-06-25;1.99700300
2010-06-28;1.99822200
2010-06-29;1.98414800
2010-06-30;1.99011300
2010-07-01;1.99080700
2010-07-02;1.99430500
2010-07-05;1.99804200
2010-07-06;2.00870300
2010-07-07;2.00828100
2010-07-08;2.01887900
2010-07-09;2.01613100
2010-07-12;2.01506100
2010-07-13;2.01404900
2010-07-14;2.01601100
2010-07-15;2.01679700
2010-07-16;2.01743000
2010-07-19;2.00732500
2010-07-20;1.99933000
2010-07-21;2.00745500
2010-07-22;2.01386400
2010-07-23;2.00761200
2010-07-26;2.01499200
2010-07-27;2.02231100
2010-07-28;2.02195900
2010-07-29;2.03169700
2010-07-30;2.02670100
2010-08-02;2.03466800
2010-08-03;2.03752300
2010-08-04;2.03943100
2010-08-05;2.04507900
2010-08-06;2.04790800
2010-08-09;2.04924800
2010-08-10;2.05229300
2010-08-11;2.04992400
2010-08-12;2.05304000
2010-08-13;2.05558700
2010-08-16;2.05564700
2010-08-17;2.06672600
2010-08-18;2.08286800
2010-08-19;2.08532200
2010-08-23;2.07899600
2010-08-24;2.06615300
2010-08-25;2.07024600
2010-08-26;2.04430900
2010-08-27;2.03675200
2010-08-30;2.04182300
2010-08-31;2.02820900
2010-09-01;2.04439100
2010-09-02;2.04176100
2010-09-03;2.04207500
2010-09-06;2.04793300
2010-09-07;2.04388300
2010-09-08;2.04183400
2010-09-09;2.05996900
2010-09-10;2.06326100
2010-09-13;2.07068800
2010-09-14;2.07249600
2010-09-15;2.08337000
2010-09-16;2.08079300
2010-09-17;2.07914500
2010-09-20;2.07924800
2010-09-21;2.08218600
2010-09-22;2.08560100
2010-09-23;2.07867700
2010-09-24;2.08102500
2010-09-27;2.09305400
2010-09-28;2.09238700
2010-09-29;2.09388200
2010-09-30;2.09720000
2010-10-01;2.10496500
2010-10-04;2.10650700
2010-10-05;2.10547200
2010-10-06;2.11213500
2010-10-07;2.09830400
2010-10-08;2.10491900
2010-10-11;2.10650700
2010-10-12;2.10856900
2010-10-13;2.11189200
2010-10-14;2.09337600
2010-10-15;2.09340700
2010-10-18;2.09344500
2010-10-19;2.09360600
2010-10-20;2.09273100
2010-10-21;2.09262900
2010-10-22;2.09375700
2010-10-25;2.09531800
2010-10-26;2.09309500
2010-10-27;2.08583600
2010-10-28;2.08786500
2010-10-29;2.09222100
2010-11-02;2.09364400
2010-11-03;2.09493200
2010-11-04;2.09125800
2010-11-05;2.09013800
2010-11-08;2.09121100
2010-11-09;2.08956800
2010-11-10;2.09041100
2010-11-11;2.08338500
2010-11-12;2.08627200
2010-11-15;2.08677200
2010-11-16;2.07990000
2010-11-17;2.07579800
2010-11-18;2.07373800
2010-11-19;2.07438300
2010-11-22;2.07676200
2010-11-23;2.06022300
2010-11-24;2.04973200
2010-11-25;2.03607100
2010-11-26;2.01228400
2010-11-29;2.00872100
2010-11-30;1.98653100
2010-12-01;2.00519300
2010-12-02;2.00965000
2010-12-03;2.01479000
2010-12-06;2.01236200
2010-12-07;2.01919900
2010-12-08;2.02160700
2010-12-09;2.02396200
2010-12-10;2.02418100
2010-12-13;2.02292600
2010-12-14;2.02668700
2010-12-15;2.02447900
2010-12-16;2.03168000
2010-12-17;2.03380400
2010-12-20;2.03430000
2010-12-21;2.03136700
2010-12-22;2.03266600
2010-12-23;2.03212300
2010-12-27;2.03044800
2010-12-28;2.02847900
2010-12-29;2.02668400
2010-12-30;2.02408800
2010-12-31;2.02675400
2011-01-03;2.03529500
2011-01-04;2.04003000
2011-01-05;2.03887700
2011-01-06;2.04045100
2011-01-07;2.03341900
2011-01-10;2.02629700
2011-01-11;2.03293800
2011-01-12;2.04294600
2011-01-13;2.05023400
2011-01-14;2.04707800
2011-01-17;2.05435200
2011-01-18;2.06702300
2011-01-19;2.06966700
2011-01-20;2.07035300
2011-01-21;2.06977200
2011-01-24;2.07149900
2011-01-25;2.07802700
2011-01-26;2.09434300
2011-01-27;2.09945700
2011-01-28;2.09691600
2011-01-31;2.09382000
2011-02-01;2.10413500
2011-02-02;2.11037000
2011-02-03;2.10507900
2011-02-04;2.10120500
2011-02-07;2.10680500
2011-02-08;2.10614800
2011-02-09;2.09864400
2011-02-10;2.09237000
2011-02-11;2.09199000
2011-02-14;2.09899400
2011-02-15;2.09911900
2011-02-16;2.09833100
2011-02-17;2.09859400
2011-02-18;2.10089700
2011-02-21;2.09974200
2011-02-22;2.10000400
2011-02-23;2.10044000
2011-02-24;2.10280400
2011-02-25;2.10963800
2011-02-28;2.11969000
2011-03-01;2.11660500
2011-03-02;2.12078800
2011-03-03;2.12198800
2011-03-04;2.11928400
2011-03-07;2.12014300
2011-03-08;2.10944800
2011-03-09;2.11468400
2011-03-10;2.11200400
2011-03-11;2.10761900
2011-03-16;2.12044200
2011-03-17;2.12042300
2011-03-18;2.12255000
2011-03-21;2.12664000
2011-03-22;2.12530600
2011-03-23;2.12564400
2011-03-24;2.13111100
2011-03-25;2.13365100
2011-03-28;2.13608500
2011-03-29;2.13325900
2011-03-30;2.13506600
2011-03-31;2.13518900
2011-04-01;2.13415900
2011-04-04;2.13662000
2011-04-05;2.14319500
2011-04-06;2.15072100
2011-04-07;2.14712400
2011-04-08;2.14960500
2011-04-11;2.15599900
2011-04-12;2.14963300
2011-04-13;2.15107800
2011-04-14;2.14881000
2011-04-15;2.15031000
2011-04-18;2.14927700
2011-04-19;2.14528700
2011-04-20;2.15335800
2011-04-21;2.15236300
2011-04-22;2.15367300
2011-04-26;2.15443700
2011-04-27;2.15589300
2011-04-28;2.15525500
2011-04-29;2.15550800
2011-05-02;2.15619400
2011-05-03;2.15256600
2011-05-04;2.15366900
2011-05-05;2.15361400
2011-05-06;2.15830200
2011-05-09;2.15974100
2011-05-10;2.15981100
2011-05-11;2.16188900
2011-05-12;2.15728600
2011-05-13;2.16085900
2011-05-16;2.15817200
2011-05-17;2.15591900
2011-05-18;2.15881600
2011-05-19;2.16531800
2011-05-20;2.16575700
2011-05-23;2.16473700
2011-05-24;2.16378000
2011-05-25;2.16436800
2011-05-26;2.16285000
2011-05-27;2.15498700
2011-05-30;2.15775600
2011-05-31;2.15926800
2011-06-01;2.15798800
2011-06-02;2.15809700
2011-06-03;2.16222600
2011-06-06;2.16031700
2011-06-07;2.16507700
2011-06-08;2.16794100
2011-06-09;2.16871500
2011-06-10;2.17026900
2011-06-14;2.16973700
2011-06-15;2.17406200
2011-06-16;2.16156200
2011-06-17;2.16300500
2011-06-20;2.16075300
2011-06-21;2.16247500
2011-06-22;2.17743300
2011-06-23;2.16562300
2011-06-24;2.15437000
2011-06-27;2.15210300
2011-06-28;2.15435900
2011-06-29;2.15573700
2011-06-30;2.15520200
2011-07-01;2.15603700
2011-07-04;2.15576400
2011-07-05;2.16243400
2011-07-06;2.16300200
2011-07-07;2.16213800
2011-07-08;2.16344200
2011-07-11;2.16302500
2011-07-12;2.15709100
2011-07-13;2.16046300
2011-07-14;2.16135200
2011-07-15;2.16438500
2011-07-18;2.16283900
2011-07-19;2.16847400
2011-07-20;2.16688400
2011-07-21;2.16678300
2011-07-22;2.16858800
2011-07-25;2.16768500
2011-07-26;2.16720000
2011-07-27;2.16741100
2011-07-28;2.16506200
2011-07-29;2.16290600
2011-08-01;2.16600700
2011-08-02;2.16459400
2011-08-03;2.15749600
2011-08-04;2.15350800
2011-08-05;2.11878000
2011-08-08;2.12561700
2011-08-09;2.12417000
2011-08-10;2.13579500
2011-08-11;2.13942700
2011-08-12;2.15028500
2011-08-15;2.15714500
2011-08-16;2.16137800
2011-08-17;2.17746400
2011-08-18;2.19282500
2011-08-19;2.18155300
2011-08-22;2.18865600
2011-08-23;2.18814700
2011-08-24;2.16574300
2011-08-25;2.18114200
2011-08-26;2.17733500
2011-08-29;2.18116100
2011-08-30;2.18256700
2011-08-31;2.18396200
2011-09-01;2.18517700
2011-09-02;2.18579300
2011-09-05;2.19071300
2011-09-06;2.19728800
2011-09-07;2.20818500
2011-09-08;2.20968200
2011-09-09;2.19912600
2011-09-12;2.18224200
2011-09-13;2.18189200
2011-09-14;2.17210600
2011-09-15;2.17944600
2011-09-16;2.17855400
2011-09-19;2.17144200
2011-09-20;2.16271800
2011-09-21;2.15542300
2011-09-22;2.14687300
2011-09-23;2.13179600
2011-09-26;2.13798800
2011-09-27;2.16262600
2011-09-28;2.15977300
2011-09-29;2.14547100
2011-09-30;2.13690800
2011-10-03;2.12287000
2011-10-04;2.11376600
2011-10-05;2.12990600
2011-10-06;2.13771100
2011-10-07;2.14089100
2011-10-10;2.15377500
2011-10-11;2.15695100
2011-10-12;2.16390000
2011-10-13;2.16543200
2011-10-14;2.16948400
2011-10-17;2.17565500
2011-10-18;2.16644400
2011-10-19;2.16776600
2011-10-20;2.16339800
2011-10-21;2.16187400
2011-10-24;2.16820900
2011-10-25;2.17650400
2011-10-26;2.17733500
2011-10-27;2.16841500
2011-10-28;2.17381700
2011-11-02;2.15573000
2011-11-03;2.14474800
2011-11-04;2.15210000
2011-11-07;2.15132100
2011-11-08;2.15209600
2011-11-09;2.14545800
2011-11-10;2.14674200
2011-11-11;2.13990500
2011-11-14;2.11524200
2011-11-15;2.11190900
2011-11-16;2.10907600
2011-11-17;2.10483200
2011-11-18;2.13094200
2011-11-21;2.12375300
2011-11-22;2.12564100
2011-11-23;2.11477600
2011-11-24;2.09836500
2011-11-25;2.04413600
2011-11-28;2.07482200
2011-11-29;2.05814700
2011-11-30;2.08366900
2011-12-01;2.09793300
2011-12-02;2.10916300
2011-12-05;2.12386100
2011-12-06;2.11744100
2011-12-07;2.11568900
2011-12-08;2.10455200
2011-12-09;2.10631200
2011-12-12;2.09687700
2011-12-13;2.09598500
2011-12-14;2.09085400
2011-12-15;2.09630200
2011-12-16;2.09004700
2011-12-19;2.09117800
2011-12-20;2.09008800
2011-12-21;2.09431500
2011-12-22;2.07217200
2011-12-23;2.07353800
2011-12-27;2.07856300
2011-12-28;2.07235500
2011-12-29;2.05651300
2011-12-30;2.05449700
2012-01-02;2.04517000
2012-01-03;2.02830700
2012-01-04;2.00923600
2012-01-05;1.99303200
2012-01-06;2.02783300
2012-01-09;2.03881200
2012-01-10;2.03248100
2012-01-11;2.04915100
2012-01-12;2.06322600
2012-01-13;2.05244700
2012-01-16;2.04376800
2012-01-17;2.04245700
2012-01-18;2.05677000
2012-01-19;2.06772100
2012-01-20;2.06954200
2012-01-23;2.08541100
2012-01-24;2.09551300
2012-01-25;2.10823400
2012-01-26;2.12099100
2012-01-27;2.12343400
2012-01-30;2.11572100
2012-01-31;2.11523100
2012-02-01;2.11934300
2012-02-02;2.13135900
2012-02-03;2.13698900
2012-02-06;2.15156700
2012-02-07;2.15300100
2012-02-08;2.16828400
2012-02-09;2.16400600
2012-02-10;2.15497700
2012-02-13;2.16819500
2012-02-14;2.16429600
2012-02-15;2.18373000
2012-02-16;2.17657000
2012-02-17;2.17620700
2012-02-20;2.18201900
2012-02-21;2.17488500
2012-02-22;2.15791500
2012-02-23;2.15711400
2012-02-24;2.16321500
2012-02-27;2.15830300
2012-02-28;2.16455400
2012-02-29;2.17228400
2012-03-01;2.18457000
2012-03-02;2.18001900
2012-03-05;2.17478600
2012-03-06;2.17658200
2012-03-07;2.17861500
2012-03-08;2.17678800
2012-03-09;2.17800700
2012-03-12;2.17733700
2012-03-13;2.17982100
2012-03-14;2.18200900
2012-03-19;2.18193800
2012-03-20;2.18039400
2012-03-21;2.17993800
2012-03-22;2.17685500
2012-03-23;2.17511200
2012-03-24;2.17511200
2012-03-26;2.17160600
2012-03-27;2.17873500
2012-03-28;2.17489100
2012-03-29;2.17431600
2012-03-30;2.16975600
2012-04-02;2.17675200
2012-04-03;2.18083000
2012-04-04;2.17275000
2012-04-05;2.17300400
2012-04-06;2.17300400
2012-04-10;2.17314900
2012-04-11;2.17823500
2012-04-12;2.18365900
2012-04-13;2.17849000
2012-04-16;2.17780600
2012-04-17;2.17975900
2012-04-18;2.18215300
2012-04-19;2.18631700
2012-04-20;2.18665100
2012-04-23;2.18466000
2012-04-24;2.18519000
2012-04-25;2.23398500
2012-04-26;2.23400900
2012-04-27;2.23575300
2012-05-02;2.23874200
2012-05-03;2.24159300
2012-05-04;2.24207400
2012-05-07;2.24057800
2012-05-08;2.23722500
2012-05-09;2.23510300
2012-05-10;2.23657000
2012-05-11;2.23553600
2012-05-14;2.23625900
2012-05-15;2.23676300
2012-05-16;2.22295500
2012-05-17;2.22000900
2012-05-18;2.21728800
2012-05-21;2.22305900
2012-05-22;2.22419300
2012-05-23;2.21632400
2012-05-24;2.22040300
2012-05-25;2.22098000
2012-05-29;2.22227300
2012-05-30;2.21640400
2012-05-31;2.20961200
2012-06-01;2.19997200
2012-06-04;2.20866400
2012-06-05;2.20789500
2012-06-06;2.21307700
2012-06-07;2.23778000
2012-06-08;2.23324700
2012-06-11;2.22898800
2012-06-12;2.23013500
2012-06-13;2.22721700
2012-06-14;2.22605700
2012-06-15;2.23130800
2012-06-18;2.24788000
2012-06-19;2.25564200
2012-06-20;2.25770600
2012-06-21;2.25997200
2012-06-22;2.25763700
2012-06-25;2.25659600
2012-06-26;2.26104200
2012-06-27;2.26100800
2012-06-28;2.26920900
2012-06-29;2.27358100
2012-07-02;2.27182000
2012-07-03;2.28257000
2012-07-04;2.28731100
2012-07-05;2.29379700
2012-07-06;2.28824600
2012-07-09;2.28892800
2012-07-10;2.29099700
2012-07-11;2.29283000
2012-07-12;2.29828700
2012-07-13;2.31287700
2012-07-16;2.33529700
2012-07-17;2.34189600
2012-07-18;2.33523200
2012-07-19;2.34766600
2012-07-20;2.34665800
2012-07-23;2.33805700
2012-07-24;2.33668400
2012-07-25;2.32105700
2012-07-26;2.31810400
2012-07-27;2.32373900
2012-07-30;2.32963400
2012-07-31;2.32788600
2012-08-01;2.33007900
2012-08-02;2.33166400
2012-08-03;2.32961700
2012-08-06;2.34012900
2012-08-07;2.34008400
2012-08-08;2.33650500
2012-08-09;2.34549600
2012-08-10;2.34598600
2012-08-13;2.34678900
2012-08-14;2.34424000
2012-08-15;2.34599100
2012-08-16;2.34761800
2012-08-17;2.34892600
2012-08-21;2.35404400
2012-08-22;2.35309000
2012-08-23;2.35739300
2012-08-24;2.35652200
2012-08-27;2.35703200
2012-08-28;2.35945300
2012-08-29;2.36363600
2012-08-30;2.36452000
2012-08-31;2.37122100
2012-09-03;2.37397300
2012-09-04;2.37400000
2012-09-05;2.37200000
2012-09-06;2.37436000
2012-09-07;2.36659000
2012-09-10;2.37821200
2012-09-11;2.38071400
2012-09-12;2.38330100
2012-09-13;2.38596400
2012-09-14;2.39429000
2012-09-17;2.39331400
2012-09-18;2.39331400
2012-09-19;2.39493600
2012-09-20;2.39554900
2012-09-21;2.39336600
2012-09-24;2.39720300
2012-09-25;2.40142200
2012-09-26;2.40214700
2012-09-27;2.40125600
2012-09-28;2.40009300
2012-10-01;2.40398900
2012-10-02;2.40378400
2012-10-03;2.39769600
2012-10-04;2.39951800
2012-10-05;2.40441300
2012-10-08;2.41512900
2012-10-09;2.41576200
2012-10-10;2.41701200
2012-10-11;2.42527300
2012-10-12;2.43891400
2012-10-15;2.44767600
2012-10-16;2.46605400
2012-10-17;2.45253900
2012-10-18;2.46680200
2012-10-19;2.46548500
2012-10-24;2.47271600
2012-10-25;2.47113000
2012-10-26;2.46101300
2012-10-27;2.46101300
2012-10-29;2.44407400
2012-10-30;2.45538000
2012-10-31;2.45848700
2012-11-05;2.46372000
2012-11-06;2.46892500
2012-11-07;2.47189900
2012-11-08;2.46311900
2012-11-09;2.46678800
2012-11-12;2.47102800
2012-11-13;2.47000800
2012-11-14;2.47551700
2012-11-15;2.47531400
2012-11-16;2.47378700
2012-11-19;2.47483100
2012-11-20;2.47356500
2012-11-21;2.46852100
2012-11-22;2.47050000
2012-11-23;2.47198500
2012-11-26;2.46891800
2012-11-27;2.47121800
2012-11-28;2.47041000
2012-11-29;2.47496000
2012-11-30;2.47744300
2012-12-01;2.47744300
2012-12-03;2.48025300
2012-12-04;2.48104700
2012-12-05;2.48389000
2012-12-06;2.48881800
2012-12-07;2.49385400
2012-12-10;2.50563700
2012-12-11;2.51823200
2012-12-12;2.51307100
2012-12-13;2.51847100
2012-12-14;2.51713100
2012-12-17;2.51780200
2012-12-18;2.51631800
2012-12-19;2.52569800
2012-12-20;2.53827700
2012-12-21;2.54315100
2012-12-27;2.54934100
2012-12-28;2.54888600
2012-12-31;2.54888600
2013-01-02;2.55487500
2013-01-03;2.56552500
2013-01-04;2.53741800
2013-01-07;2.55130000
2013-01-08;2.55289400
2013-01-09;2.55536900
2013-01-10;2.56107100
2013-01-11;2.55102800
2013-01-14;2.55747000
2013-01-15;2.56173000
2013-01-16;2.55969600
2013-01-17;2.56032800
2013-01-18;2.55612800
2013-01-21;2.55962600
2013-01-22;2.55456600
2013-01-23;2.55444700
2013-01-24;2.55871000
2013-01-25;2.55064100
2013-01-28;2.55139500
2013-01-29;2.55265400
2013-01-30;2.55516100
2013-01-31;2.56104300
2013-02-01;2.56183900
2013-02-04;2.56422500
2013-02-05;2.56132700
2013-02-06;2.55806300
2013-02-07;2.56035500
2013-02-08;2.56113300
2013-02-11;2.56530100
2013-02-12;2.56763100
2013-02-13;2.57585400
2013-02-14;2.57504000
2013-02-15;2.57501800
2013-02-18;2.58067900
2013-02-19;2.59427700
2013-02-20;2.58891300
2013-02-21;2.58584400
2013-02-22;2.58785100
2013-02-25;2.59074700
2013-02-26;2.58796600
2013-02-27;2.58861800
2013-02-28;2.58880100
2013-03-01;2.59939300
2013-03-04;2.59392700
2013-03-05;2.58914900
2013-03-06;2.59241400
2013-03-07;2.59076800
2013-03-08;2.59373800
2013-03-11;2.58478100
2013-03-12;2.58657800
2013-03-13;2.58348000
2013-03-14;2.58338100
2013-03-18;2.58064600
2013-03-19;2.58281200
2013-03-20;2.58270000
2013-03-21;2.58482500
2013-03-22;2.57794100
2013-03-25;2.58388300
2013-03-26;2.59322400
2013-03-27;2.59959200
2013-03-28;2.59756100
2013-04-02;2.60092100
2013-04-03;2.61111500
2013-04-04;2.62542100
2013-04-05;2.62394900
2013-04-08;2.63967000
2013-04-09;2.64322700
2013-04-10;2.64339000
2013-04-11;2.64611200
2013-04-12;2.64987000
2013-04-15;2.65647600
2013-04-16;2.65962900
2013-04-17;2.65744000
2013-04-18;2.66518400
2013-04-19;2.67074200
2013-04-22;2.66824600
2013-04-23;2.68295500
2013-04-24;2.68330700
2013-04-25;2.68263600
2013-04-26;2.67207200
2013-04-29;2.67668800
2013-04-30;2.68782800
2013-05-02;2.69495800
2013-05-03;2.71203300
2013-05-06;2.70822700
2013-05-07;2.70931200
2013-05-08;2.71438200
2013-05-09;2.71798000
2013-05-10;2.70677400
2013-05-13;2.70775500
2013-05-14;2.70727000
2013-05-15;2.71929200
2013-05-16;2.72709600
2013-05-17;2.72770100
2013-05-21;2.72166700
2013-05-22;2.71987200
2013-05-23;2.71341700
2013-05-24;2.71696100
2013-05-27;2.71325800
2013-05-28;2.72094200
2013-05-29;2.71268600
2013-05-30;2.68690600
2013-05-31;2.68227000
2013-06-03;2.68449600
2013-06-04;2.69797600
2013-06-05;2.68130500
2013-06-06;2.66837700
2013-06-07;2.66899400
2013-06-10;2.65779800
2013-06-11;2.62631100
2013-06-12;2.64925000
2013-06-13;2.64426600
2013-06-14;2.66591600
2013-06-17;2.67542200
2013-06-18;2.66679500
2013-06-19;2.66090500
2013-06-20;2.63451900
2013-06-21;2.62000600
2013-06-24;2.59172500
2013-06-25;2.60391500
2013-06-26;2.59903300
2013-06-27;2.62471200
2013-06-28;2.64072000
2013-07-01;2.65726200
2013-07-02;2.68591000
2013-07-03;2.68175800
2013-07-04;2.68647100
2013-07-05;2.69827300
2013-07-08;2.69394700
2013-07-09;2.69232100
2013-07-10;2.69091500
2013-07-11;2.68715900
2013-07-12;2.69084100
2013-07-15;2.69102900
2013-07-16;2.69297600
2013-07-17;2.68750900
2013-07-18;2.68694800
2013-07-19;2.67384800
2013-07-22;2.67367200
2013-07-23;2.67638800
2013-07-24;2.67964500
2013-07-25;2.66837100
2013-07-26;2.67027000
2013-07-29;2.65360100
2013-07-30;2.64105300
2013-07-31;2.64130600
2013-08-01;2.66044400
2013-08-02;2.65235400
2013-08-05;2.65891800
2013-08-06;2.66578400
2013-08-07;2.66407700
2013-08-08;2.66320400
2013-08-09;2.66926900
2013-08-12;2.67126900
2013-08-13;2.66491700
2013-08-14;2.65964400
2013-08-15;2.66033300
2013-08-16;2.64196500
2013-08-21;2.64767500
2013-08-22;2.64544800
2013-08-23;2.64394500
2013-08-26;2.64431100
2013-08-27;2.64476900
2013-08-28;2.62955100
2013-08-29;2.63148000
2013-08-30;2.63647900
2013-09-02;2.63801500
2013-09-03;2.63467200
2013-09-04;2.63619300
2013-09-05;2.62828000
2013-09-06;2.62938100
2013-09-09;2.63751400
2013-09-10;2.64639100
2013-09-11;2.65980600
2013-09-12;2.66223600
2013-09-13;2.67503700
2013-09-16;2.68957300
2013-09-17;2.68554700
2013-09-18;2.69296600
2013-09-19;2.71987000
2013-09-20;2.71071200
2013-09-23;2.70989900
2013-09-24;2.71761700
2013-09-25;2.72602300
2013-09-26;2.72018700
2013-09-27;2.71414800
2013-09-30;2.71578900
2013-10-01;2.72113000
2013-10-02;2.72140000
2013-10-03;2.72354600
2013-10-04;2.71909800
2013-10-07;2.72011200
2013-10-08;2.72832600
2013-10-09;2.72613100
2013-10-10;2.73015300
2013-10-11;2.73746700
2013-10-14;2.73684700
2013-10-15;2.73765500
2013-10-16;2.73718600
2013-10-17;2.74550300
2013-10-18;2.75149800
2013-10-21;2.75540700
2013-10-22;2.75572900
2013-10-24;2.76586700
2013-10-25;2.76329800
2013-10-28;2.76241000
2013-10-29;2.76669000
2013-10-30;2.76759200
2013-10-31;2.75928900
2013-11-04;2.75464200
2013-11-05;2.75923600
2013-11-06;2.75656900
2013-11-07;2.76175400
2013-11-08;2.75495100
2013-11-11;2.74282800
2013-11-12;2.72852400
2013-11-13;2.74052000
2013-11-14;2.74678400
2013-11-15;2.74653800
2013-11-18;2.75377900
2013-11-19;2.75427600
2013-11-20;2.74672500
2013-11-21;2.74580600
2013-11-22;2.74667900
2013-11-25;2.74482800
2013-11-26;2.75039700
2013-11-27;2.75152300
2013-11-28;2.74623500
2013-11-29;2.74080100
2013-12-02;2.74407400
2013-12-03;2.74437500
2013-12-04;2.74791600
2013-12-05;2.76113400
2013-12-06;2.76280400
2013-12-09;2.77684700
2013-12-10;2.77157600
2013-12-11;2.77117700
2013-12-12;2.77030900
2013-12-13;2.76914600
2013-12-16;2.78198300
2013-12-17;2.78171200
2013-12-18;2.78260000
2013-12-19;2.78256600
2013-12-20;2.78050000
2013-12-23;2.78797600
2013-12-30;2.79030200
2013-12-31;2.79047900
2014-01-02;2.78753100
2014-01-03;2.79096500
2014-01-06;2.79584500
2014-01-07;2.79886200
2014-01-08;2.80099900
2014-01-09;2.81130600
2014-01-10;2.80961800
2014-01-13;2.81770200
2014-01-14;2.81760800
2014-01-15;2.81954600
2014-01-16;2.82111000
2014-01-17;2.83129200
2014-01-20;2.82716800
2014-01-21;2.82550800
2014-01-22;2.83284100
2014-01-23;2.83055300
2014-01-24;2.81177100
2014-01-27;2.81201400
2014-01-28;2.80891900
2014-01-29;2.80124800
2014-01-30;2.77809700
2014-01-31;2.77316900
2014-02-03;2.77764400
2014-02-04;2.78194800
2014-02-05;2.79282600
2014-02-06;2.79250400
2014-02-07;2.79304400
2014-02-10;2.78785700
2014-02-11;2.79068800
2014-02-12;2.79389900
2014-02-13;2.79531600
2014-02-14;2.79543500
2014-02-17;2.79361800
2014-02-18;2.78737900
2014-02-19;2.77569900
2014-02-20;2.77669400
2014-02-21;2.79051800
2014-02-24;2.79178000
2014-02-25;2.79644800
2014-02-26;2.79535100
2014-02-27;2.79107700
2014-02-28;2.79279800
2014-03-03;2.78629400
2014-03-04;2.80526100
2014-03-05;2.81007400
2014-03-06;2.81619000
2014-03-07;2.81437000
2014-03-10;2.80690300
2014-03-11;2.80890400
2014-03-12;2.80583800
2014-03-13;2.81075300
2014-03-14;2.80793100
2014-03-17;2.81177800
2014-03-18;2.81896100
2014-03-19;2.82333600
2014-03-20;2.82508800
2014-03-21;2.82670800
2014-03-24;2.82455400
2014-03-25;2.82494200
2014-03-26;2.82610100
2014-03-27;2.82748200
2014-03-28;2.83977900
2014-03-31;2.84446200
2014-04-01;2.84362300
2014-04-02;2.84313000
2014-04-03;2.84378500
2014-04-04;2.84804100
2014-04-07;2.84874800
2014-04-08;2.85398400
2014-04-09;2.85187100
2014-04-10;2.85668100
2014-04-11;2.85584600
2014-04-14;2.85385500
2014-04-15;2.85206900
2014-04-16;2.85260900
2014-04-17;2.85566700
2014-04-22;2.85850400
2014-04-23;2.85732900
2014-04-24;2.86957200
2014-04-25;2.86967400
2014-04-28;2.86713600
2014-04-29;2.87751800
2014-04-30;2.88968700
2014-05-05;2.88825700
2014-05-06;2.89188700
2014-05-07;2.89494500
2014-05-08;2.90532500
2014-05-09;2.90730500
2014-05-12;2.90836100
2014-05-13;2.91019100
2014-05-14;2.92415000
2014-05-15;2.94433200
2014-05-16;2.93215700
2014-05-19;2.93022600
2014-05-20;2.92514900
2014-05-21;2.92486000
2014-05-22;2.92755300
2014-05-23;2.93573200
2014-05-26;2.94549600
2014-05-27;2.94203500
2014-05-28;2.94264400
2014-05-29;2.95575400
2014-05-30;2.95527600
2014-06-02;2.97166700
2014-06-03;2.96060900
2014-06-04;2.95270200
2014-06-05;2.95961800
2014-06-06;2.98610600
2014-06-10;2.99341000
2014-06-11;2.98992500
2014-06-12;2.98650800
2014-06-13;2.98895400
2014-06-16;2.98636100
2014-06-17;2.98891800
2014-06-18;2.98082300
2014-06-19;2.98629500
2014-06-20;2.98377800
2014-06-23;2.98494000
2014-06-24;2.98866400
2014-06-25;2.98863500
2014-06-26;3.00881800
2014-06-27;3.01388100
2014-06-30;3.00042900
2014-07-01;2.99458000
2014-07-02;3.00332600
2014-07-03;3.00094600
2014-07-04;3.00362200
2014-07-07;2.99898300
2014-07-08;3.00609700
2014-07-09;3.01002800
2014-07-10;3.01208800
2014-07-11;3.00794500
2014-07-14;3.00312300
2014-07-15;3.00102700
2014-07-16;3.00140900
2014-07-17;3.00460500
2014-07-18;3.01110900
2014-07-21;3.01872000
2014-07-22;3.02352800
2014-07-23;3.02563800
2014-07-24;3.02035400
2014-07-25;3.02103500
2014-07-28;3.02214300
2014-07-29;3.01651000
2014-07-30;3.01360200
2014-07-31;2.99330400
2014-08-01;2.97309600
2014-08-04;2.98399600
2014-08-05;2.97843900
2014-08-06;2.95957700
2014-08-07;2.97129100
2014-08-08;2.97388400
2014-08-11;2.97401800
2014-08-12;2.97574900
2014-08-13;2.97636700
2014-08-14;2.98997600
2014-08-15;2.98975200
2014-08-18;3.00012500
2014-08-19;3.00999800
2014-08-21;3.01625400
2014-08-22;3.01400200
2014-08-25;3.01449100
2014-08-26;3.02050300
2014-08-27;3.02743500
2014-08-28;3.01972700
2014-08-29;3.01962200
2014-09-01;3.01600000
2014-09-02;3.01151400
2014-09-03;3.01517500
2014-09-04;3.01540400
2014-09-05;3.01531400
2014-09-08;3.02497100
2014-09-09;3.01438800
2014-09-10;3.00738300
2014-09-11;3.00711900
2014-09-12;2.99667900
2014-09-15;2.99678400
2014-09-16;3.00550800
2014-09-17;3.00792500
2014-09-18;3.00757200
2014-09-19;3.00842600
2014-09-22;3.00755300
2014-09-23;3.01232300
2014-09-24;3.01401300
2014-09-25;3.01754900
2014-09-26;3.01679500
2014-09-29;3.00962100
2014-09-30;3.00940700
2014-10-01;3.00990100
2014-10-02;3.01656900
2014-10-03;3.01643200
2014-10-06;3.01772500
2014-10-07;3.02142500
2014-10-08;3.02577000
2014-10-09;3.04184900
2014-10-10;3.03448900
2014-10-13;3.04509200
2014-10-14;3.04932900
2014-10-15;3.06001800
2014-10-16;3.03684400
2014-10-17;3.04247800
2014-10-20;3.05017100
2014-10-21;3.05056300
2014-10-22;3.05014400
2014-10-27;3.04964000
2014-10-28;3.05546900
2014-10-29;3.05948700
2014-10-30;3.05732900
2014-10-31;3.06744200
2014-11-03;3.07603900
2014-11-04;3.07374200
2014-11-05;3.07645000
2014-11-06;3.07616800
2014-11-07;3.07591400
2014-11-10;3.08375300
2014-11-11;3.08334700
2014-11-12;3.08654700
2014-11-13;3.09164200
2014-11-14;3.09225500
2014-11-17;3.09728500
2014-11-18;3.10096800
2014-11-19;3.09659000
2014-11-20;3.09403000
2014-11-21;3.10314200
2014-11-24;3.10437600
2014-11-25;3.10184600
2014-11-26;3.10929900
2014-11-27;3.10909400
2014-11-28;3.11030300
2014-12-01;3.12082700
2014-12-02;3.11904800
2014-12-03;3.11504000
2014-12-04;3.12264800
2014-12-05;3.12592600
2014-12-08;3.12379900
2014-12-09;3.12873200
2014-12-10;3.12654800
2014-12-11;3.12810900
2014-12-12;3.13203200
2014-12-15;3.13483200
2014-12-16;3.11238000
2014-12-17;3.09216300
2014-12-18;3.10188200
2014-12-19;3.10585400
2014-12-22;3.11632800
2014-12-23;3.11654700
2014-12-29;3.11920200
2014-12-30;3.12172300
2014-12-31;3.12201500
2015-01-05;3.12329500
2015-01-06;3.12743400
2015-01-07;3.14252200
2015-01-08;3.14852000
2015-01-09;3.14549300
2015-01-12;3.14647500
2015-01-13;3.15491100
2015-01-14;3.15741400
2015-01-15;3.16284600
2015-01-16;3.17408400
2015-01-19;3.18804200
2015-01-20;3.18872400
2015-01-21;3.19221200
2015-01-22;3.18827400
2015-01-23;3.22090700
2015-01-26;3.22242900
2015-01-27;3.22511700
2015-01-28;3.23462500
2015-01-29;3.23065300
2015-01-30;3.22799000
2015-02-02;3.22915000
2015-02-03;3.22853500
2015-02-04;3.22674600
2015-02-05;3.21642700
2015-02-06;3.21146600
2015-02-09;3.20233900
2015-02-10;3.19482700
2015-02-11;3.18802600
2015-02-12;3.19708200
2015-02-13;3.20615500
2015-02-16;3.20604500
2015-02-17;3.19808600
2015-02-18;3.17751200
2015-02-19;3.18959900
2015-02-20;3.19252100
2015-02-23;3.19491600
2015-02-24;3.20039000
2015-02-25;3.20794800
2015-02-26;3.22352100
2015-02-27;3.22454000
2015-03-02;3.23391900
2015-03-03;3.22853400
2015-03-04;3.22119600
2015-03-05;3.20686400
2015-03-06;3.21114400
2015-03-09;3.18523200
2015-03-10;3.16529700
2015-03-11;3.16538800
2015-03-12;3.17896300
2015-03-13;3.16893600
2015-03-16;3.16870600
2015-03-17;3.17140000
2015-03-18;3.17435500
2015-03-19;3.20439400
2015-03-20;3.20686700
2015-03-23;3.21375700
2015-03-24;3.21048400
2015-03-25;3.21835900
2015-03-26;3.20492100
2015-03-30;3.20435800
2015-03-31;3.20224800
2015-04-01;3.19432900
2015-04-02;3.19774900
2015-04-07;3.20342100
2015-04-08;3.21494700
2015-04-09;3.21904500
2015-04-10;3.21365900
2015-04-13;3.20775500
2015-04-14;3.20845000
2015-04-15;3.21321400
2015-04-16;3.21014200
2015-04-17;3.20898300
2015-04-20;3.20725100
2015-04-21;3.20657900
2015-04-22;3.20475800
2015-04-23;3.20256500
2015-04-24;3.20841400
2015-04-27;3.20898200
2015-04-28;3.20876600
2015-04-29;3.20120400
2015-04-30;3.18354900
2015-05-04;3.18037600
2015-05-05;3.17774900
2015-05-06;3.16284400
2015-05-07;3.14925900
2015-05-08;3.16083900
2015-05-11;3.16379300
2015-05-12;3.14542900
2015-05-13;3.15289000
2015-05-14;3.14983400
2015-05-15;3.16043400
2015-05-18;3.16723800
2015-05-19;3.16680000
2015-05-20;3.17166700
2015-05-21;3.17131500
2015-05-22;3.17744000
2015-05-26;3.17980900
2015-05-27;3.18109900
2015-05-28;3.18926000
2015-05-29;3.19482700
2015-06-01;3.19223900
2015-06-02;3.19197800
2015-06-03;3.19608800
2015-06-04;3.18188900
2015-06-05;3.19294800
2015-06-08;3.17706000
2015-06-09;3.16855900
2015-06-10;3.15122100
2015-06-11;3.14715200
2015-06-12;3.15337700
2015-06-15;3.13318600
2015-06-16;3.13328700
2015-06-17;3.13873100
2015-06-18;3.14432900
2015-06-19;3.14373600
2015-06-22;3.15459100
2015-06-23;3.16712700
2015-06-24;3.16826300
2015-06-25;3.16896200
2015-06-26;3.17232900
2015-06-29;3.15293200
2015-06-30;3.16372400
2015-07-01;3.16731400
2015-07-02;3.16221800
2015-07-03;3.16820800
2015-07-06;3.15942400
2015-07-07;3.17050000
2015-07-08;3.16311600
2015-07-09;3.18099000
2015-07-10;3.19296100
2015-07-13;3.19606800
2015-07-14;3.19145300
2015-07-15;3.19175600
2015-07-16;3.20370600
2015-07-17;3.20391900
2015-07-20;3.20875100
2015-07-21;3.20313100
2015-07-22;3.20583800
2015-07-23;3.21943900
2015-07-24;3.21310900
2015-07-27;3.21022700
2015-07-28;3.20498800
2015-07-29;3.19802800
2015-07-30;3.19494900
2015-07-31;3.19316600
2015-08-03;3.19589300
2015-08-04;3.20293300
2015-08-05;3.20332700
2015-08-06;3.20112800
2015-08-07;3.20041300
2015-08-10;3.20395600
2015-08-11;3.21518000
2015-08-12;3.22283100
2015-08-13;3.22744400
2015-08-14;3.23084300
2015-08-17;3.23003300
2015-08-18;3.22861200
2015-08-19;3.22656700
2015-08-24;3.20430700
2015-08-25;3.20444500
2015-08-26;3.20150000
2015-08-27;3.20848200
2015-08-28;3.21215100
2015-08-31;3.21430200
2015-09-01;3.21087700
2015-09-02;3.20823200
2015-09-03;3.21217500
2015-09-04;3.21441100
2015-09-07;3.21732900
2015-09-08;3.21806200
2015-09-09;3.22127300
2015-09-10;3.21862000
2015-09-11;3.22212400
2015-09-14;3.22804400
2015-09-15;3.23011800
2015-09-16;3.22340700
2015-09-17;3.22596800
2015-09-18;3.23809400
2015-09-21;3.24688100
2015-09-22;3.25117200
2015-09-23;3.25518600
2015-09-24;3.26332900
2015-09-25;3.25861000
2015-09-28;3.25544700
2015-09-29;3.25932600
2015-09-30;3.26083700
2015-10-01;3.26116200
2015-10-02;3.26155100
2015-10-05;3.26656400
2015-10-06;3.27035100
2015-10-07;3.27023000
2015-10-08;3.27518100
2015-10-09;3.27818500
2015-10-12;3.27069800
2015-10-13;3.27252300
2015-10-14;3.26818300
2015-10-15;3.26354200
2015-10-16;3.26178200
2015-10-19;3.25990500
2015-10-20;3.25671900
2015-10-21;3.25583500
2015-10-22;3.25609600
2015-10-26;3.26659400
2015-10-27;3.26791100
2015-10-28;3.27051400
2015-10-29;3.26586700
2015-10-30;3.26084700
2015-11-02;3.26199100
2015-11-03;3.26190000
2015-11-04;3.26439000
2015-11-05;3.26355800
2015-11-06;3.26485500
2015-11-09;3.26054300
2015-11-10;3.25702600
2015-11-11;3.25681000
2015-11-12;3.25614000
2015-11-13;3.25741500
2015-11-16;3.26541000
2015-11-17;3.26975500
2015-11-18;3.26885300
2015-11-19;3.27088100
2015-11-20;3.27972800
2015-11-23;3.28238600
2015-11-24;3.27719200
2015-11-25;3.27760600
2015-11-26;3.27758800
2015-11-27;3.27629300
2015-11-30;3.27564300
2015-12-01;3.27260700
2015-12-02;3.26504100
2015-12-03;3.26561500
2015-12-04;3.24470700
2015-12-07;3.24908600
2015-12-08;3.25227500
2015-12-09;3.25393900
2015-12-10;3.24894400
2015-12-11;3.23831400
2015-12-14;3.23643800
2015-12-15;3.22958400
2015-12-16;3.23534100
2015-12-17;3.24373300
2015-12-18;3.24977100
2015-12-21;3.26151400
2015-12-22;3.26522800
2015-12-23;3.26789200
2015-12-28;3.27154700
2015-12-29;3.27055900
2015-12-30;3.27056400
2015-12-31;3.27080200
2016-01-04;3.27140200
2016-01-05;3.27129200
2016-01-06;3.26827900
2016-01-07;3.27432200
2016-01-08;3.26454700
2016-01-11;3.26470600
2016-01-12;3.27829900
2016-01-13;3.28890400
2016-01-14;3.29308800
2016-01-15;3.28853200
2016-01-18;3.28295100
2016-01-19;3.27987500
2016-01-20;3.28879800
2016-01-21;3.28472800
2016-01-22;3.28847600
2016-01-25;3.28849700
2016-01-26;3.28658000
2016-01-27;3.28909400
2016-01-28;3.30457300
2016-01-29;3.31406800
2016-02-01;3.32914800
2016-02-02;3.32547200
2016-02-03;3.32822400
2016-02-04;3.32483900
2016-02-05;3.32021600
2016-02-08;3.31869700
2016-02-09;3.30994900
2016-02-10;3.31051600
2016-02-11;3.30791600
2016-02-12;3.31302400
2016-02-15;3.31883000
2016-02-16;3.32170700
2016-02-17;3.32093300
2016-02-18;3.32342600
2016-02-19;3.32629700
2016-02-22;3.33329200
2016-02-23;3.33369300
2016-02-24;3.34570500
2016-02-25;3.34243600
2016-02-26;3.34312700
2016-02-29;3.33913100
2016-03-01;3.34920200
2016-03-02;3.34344600
2016-03-03;3.34419800
2016-03-04;3.34553100
2016-03-07;3.35126000
2016-03-08;3.34570500
2016-03-09;3.34255900
2016-03-10;3.35665500
2016-03-11;3.35351300
2016-03-16;3.35880600
2016-03-17;3.36588400
2016-03-18;3.36859600
2016-03-21;3.37540200
2016-03-22;3.37232700
2016-03-23;3.38840800
2016-03-24;3.38974700
2016-03-29;3.39276900
2016-03-30;3.39514700
2016-03-31;3.39160400
2016-04-01;3.38695100
2016-04-04;3.38537500
2016-04-05;3.38022700
2016-04-06;3.37447400
2016-04-07;3.37287800
2016-04-08;3.36786600
2016-04-11;3.37951400
2016-04-12;3.38029800
2016-04-13;3.39335300
2016-04-14;3.39481900
2016-04-15;3.39561500
2016-04-18;3.39301100
2016-04-19;3.39828100
2016-04-20;3.39755000
2016-04-21;3.39769200
2016-04-22;3.39396700
2016-04-25;3.39258800
2016-04-26;3.38659200
2016-04-27;3.36405600
2016-04-28;3.35684900
2016-04-29;3.35249300
2016-05-02;3.34885400
2016-05-03;3.35273600
2016-05-04;3.34562200
2016-05-05;3.34922400
2016-05-06;3.35688300
2016-05-09;3.35685000
2016-05-10;3.35060100
2016-05-11;3.34736900
2016-05-12;3.34619000
2016-05-13;3.33899200
2016-05-17;3.34006900
2016-05-18;3.33959600
2016-05-19;3.33057100
2016-05-20;3.33733200
2016-05-23;3.34662200
2016-05-24;3.34660300
2016-05-25;3.33972800
2016-05-26;3.33649200
2016-05-27;3.33750400
2016-05-30;3.33865400
2016-05-31;3.33365200
2016-06-01;3.33344100
2016-06-02;3.33181900
2016-06-03;3.33403800
2016-06-06;3.33889900
2016-06-07;3.34166300
2016-06-08;3.34754100
2016-06-09;3.35926600
2016-06-10;3.35943400
2016-06-13;3.35417400
2016-06-14;3.34682400
2016-06-15;3.34457100
2016-06-16;3.34189800
2016-06-17;3.34260700
2016-06-20;3.35071400
2016-06-21;3.35409800
2016-06-22;3.35719400
2016-06-23;3.36542600
2016-06-24;3.33241200
2016-06-27;3.35473000
2016-06-28;3.36498200
2016-06-29;3.37174500
2016-06-30;3.37253100
2016-07-01;3.38716200
2016-07-04;3.38741500
2016-07-05;3.38961900
2016-07-06;3.40103200
2016-07-07;3.40210700
2016-07-08;3.40703000
2016-07-11;3.40827000
2016-07-12;3.41634200
2016-07-13;3.41653400
2016-07-14;3.42802500
2016-07-15;3.42881500
2016-07-18;3.42356500
2016-07-19;3.42163100
2016-07-20;3.41424100
2016-07-21;3.41089400
2016-07-22;3.40867300
2016-07-25;3.40971800
2016-07-26;3.41801500
2016-07-27;3.41815800
2016-07-28;3.42657200
2016-07-29;3.42742800
2016-08-01;3.42972000
2016-08-02;3.42198700
2016-08-03;3.41097900
2016-08-04;3.40842000
2016-08-05;3.41552700
2016-08-08;3.41633200
2016-08-09;3.42175600
2016-08-10;3.42635500
2016-08-11;3.43054900
2016-08-12;3.43037500
2016-08-15;3.43552600
2016-08-16;3.43674500
2016-08-17;3.43312100
2016-08-18;3.43685400
2016-08-19;3.43927700
2016-08-22;3.43922400
2016-08-23;3.43726000
2016-08-24;3.43707600
2016-08-25;3.43101700
2016-08-26;3.43201100
2016-08-29;3.43165900
2016-08-30;3.43449800
2016-08-31;3.43303000
2016-09-01;3.43005100
2016-09-02;3.42079900
2016-09-05;3.42250900
2016-09-06;3.42525700
2016-09-07;3.43255900
2016-09-08;3.43657700
2016-09-09;3.43161600
2016-09-12;3.42611000
2016-09-13;3.43183000
2016-09-14;3.42921000
2016-09-15;3.42787100
2016-09-16;3.43256100
2016-09-19;3.44775500
2016-09-20;3.44906000
2016-09-21;3.44904300
2016-09-22;3.45301100
2016-09-23;3.45352100
2016-09-26;3.45308900
2016-09-27;3.45408700
2016-09-28;3.44954900
2016-09-29;3.45009200
2016-09-30;3.44804300
2016-10-03;3.44771500
2016-10-04;3.44725000
2016-10-05;3.44459400
2016-10-06;3.44438400
2016-10-07;3.43439400
2016-10-10;3.43313000
2016-10-11;3.42809500
2016-10-12;3.42581200
2016-10-13;3.42751600
2016-10-14;3.42629000
2016-10-17;3.42667200
2016-10-18;3.43251200
2016-10-19;3.43795400
2016-10-20;3.44421200
2016-10-21;3.45008400
2016-10-24;3.45664200
2016-10-25;3.45834500
2016-10-26;3.45454600
2016-10-27;3.44866500
2016-10-28;3.44587200
2016-11-02;3.44277400
2016-11-03;3.44254300
2016-11-04;3.44115500
2016-11-07;3.44386900
2016-11-08;3.43940400
2016-11-09;3.43483700
2016-11-10;3.40647100
2016-11-11;3.39979100
2016-11-14;3.38221300
2016-11-15;3.39200000
2016-11-16;3.38180600
2016-11-17;3.38357800
2016-11-18;3.37469600
2016-11-21;3.37747000
2016-11-22;3.38798300
2016-11-23;3.38734500
2016-11-24;3.39201500
2016-11-25;3.39592000
2016-11-28;3.40613200
2016-11-29;3.41072600
2016-11-30;3.41479800
2016-12-01;3.40203700
2016-12-02;3.39263100
2016-12-05;3.39581600
2016-12-06;3.40408700
2016-12-07;3.41511500
2016-12-08;3.41968600
2016-12-09;3.42027200
2016-12-12;3.42039000
2016-12-13;3.42942700
2016-12-14;3.43040200
2016-12-15;3.42079300
2016-12-16;3.42772000
2016-12-19;3.43449600
2016-12-20;3.44578100
2016-12-21;3.45947900
2016-12-22;3.45707700
2016-12-23;3.45939700
2016-12-27;3.45688000
2016-12-28;3.45810800
2016-12-29;3.46013600
2016-12-30;3.46190900
2017-01-02;3.46606600
2017-01-03;3.45819400
2017-01-04;3.45443000
2017-01-05;3.45440400
2017-01-06;3.44745900
2017-01-09;3.43325800
2017-01-10;3.42602700
2017-01-11;3.43515300
2017-01-12;3.44046400
2017-01-13;3.43937200
2017-01-16;3.43460800
2017-01-17;3.43862600
2017-01-18;3.43392000
2017-01-19;3.43474300
2017-01-20;3.42956500
2017-01-23;3.43188200
2017-01-24;3.43397400
2017-01-25;3.43054700
2017-01-26;3.43123700
2017-01-27;3.43100300
2017-01-30;3.43135100
2017-01-31;3.43613800
2017-02-01;3.43106700
2017-02-02;3.43107600
2017-02-03;3.42729900
2017-02-06;3.42336300
2017-02-07;3.42110700
2017-02-08;3.42003700
2017-02-09;3.42394500
2017-02-10;3.42240400
2017-02-13;3.41667000
2017-02-14;3.41852600
2017-02-15;3.41526900
2017-02-16;3.41369800
2017-02-17;3.41611200
2017-02-20;3.41596800
2017-02-21;3.41762700
2017-02-22;3.42222600
2017-02-23;3.42721100
2017-02-24;3.42731800
2017-02-27;3.43257400
2017-02-28;3.43531300
2017-03-01;3.42604800
2017-03-02;3.42336300
2017-03-03;3.42349200
2017-03-06;3.42593000
2017-03-07;3.42610700
2017-03-08;3.42110900
2017-03-09;3.41471400
2017-03-10;3.40473200
2017-03-13;3.40777000
2017-03-14;3.40653300
2017-03-16;3.40709000
2017-03-17;3.40663200
2017-03-20;3.40854300
2017-03-21;3.40761200
2017-03-22;3.42094900
2017-03-23;3.42599900
2017-03-24;3.43187700
2017-03-27;3.44081000
2017-03-28;3.43834400
2017-03-29;3.44461000
2017-03-30;3.44892100
2017-03-31;3.45611400
2017-04-03;3.45965100
2017-04-04;3.45564500
2017-04-05;3.45274200
2017-04-06;3.45317700
2017-04-07;3.44911100
2017-04-10;3.45004400
2017-04-11;3.45084300
2017-04-12;3.45183100
2017-04-13;3.45577600
2017-04-18;3.45731200
2017-04-19;3.46029500
2017-04-20;3.45757600
2017-04-21;3.45416900
2017-04-24;3.45378900
2017-04-25;3.45728000
2017-04-26;3.45265300
2017-04-27;3.45942200
2017-04-28;3.46612000
2017-05-02;3.46406200
2017-05-03;3.46623100
2017-05-04;3.46461500
2017-05-05;3.46631600
2017-05-08;3.47159500
2017-05-09;3.47277600
2017-05-10;3.48127400
2017-05-11;3.48731800
2017-05-12;3.48862500
2017-05-15;3.49206500
2017-05-16;3.49716300
2017-05-17;3.49426400
2017-05-18;3.49538200
2017-05-19;3.49195700
2017-05-22;3.49585300
2017-05-23;3.49836300
2017-05-24;3.50612400
2017-05-25;3.50826600
2017-05-26;3.50812200
2017-05-29;3.50417000
2017-05-30;3.50623600
2017-05-31;3.50629000
2017-06-01;3.50432900
2017-06-02;3.50441400
2017-06-06;3.50555200
2017-06-07;3.50626000
2017-06-08;3.50905000
2017-06-09;3.50930200
2017-06-12;3.50647200
2017-06-13;3.50709700
2017-06-14;3.51127400
2017-06-15;3.51144500
2017-06-16;3.50931500
2017-06-19;3.50872900
2017-06-20;3.50490600
2017-06-21;3.50831600
2017-06-22;3.51065100
2017-06-23;3.50989500
2017-06-26;3.51320000
2017-06-27;3.51283100
2017-06-28;3.49944400
2017-06-29;3.49535300
2017-06-30;3.49914300
2017-07-03;3.49820500
2017-07-04;3.49707200
2017-07-05;3.49308900
2017-07-06;3.48199600
2017-07-07;3.47897300
2017-07-10;3.48637000
2017-07-11;3.48562700
2017-07-12;3.49055600
2017-07-13;3.49640700
2017-07-14;3.49702700
2017-07-17;3.49973300
2017-07-18;3.50069400
2017-07-19;3.50205700
2017-07-20;3.49667700
2017-07-21;3.49932300
2017-07-24;3.49843300
2017-07-25;3.49632600
2017-07-26;3.49577500
2017-07-27;3.49852400
2017-07-28;3.49474500
2017-07-31;3.49776000
2017-08-01;3.49205900
2017-08-02;3.49506900
2017-08-03;3.49884800
2017-08-04;3.50052700
2017-08-07;3.49833800
2017-08-08;3.50297800
2017-08-09;3.50426800
2017-08-10;3.50151700
2017-08-11;3.49786500
2017-08-14;3.49813100
2017-08-15;3.49759800
2017-08-16;3.49864800
2017-08-17;3.49960700
2017-08-18;3.50413800
2017-08-21;3.50602900
2017-08-22;3.50630800
2017-08-23;3.50923300
2017-08-24;3.51964800
2017-08-25;3.52481500
2017-08-28;3.52716100
2017-08-29;3.53244800
2017-08-30;3.52615700
2017-08-31;3.53243200
2017-09-01;3.52968000
2017-09-04;3.52844900
2017-09-05;3.53347100
2017-09-06;3.53899600
2017-09-07;3.54257700
2017-09-08;3.54762400
2017-09-11;3.55514100
2017-09-12;3.55431700
2017-09-13;3.55530400
2017-09-14;3.56590800
2017-09-15;3.56900500
2017-09-18;3.56989500
2017-09-19;3.57338700
2017-09-20;3.58278900
2017-09-21;3.58948100
2017-09-22;3.60156500
2017-09-25;3.60614900
2017-09-26;3.60923100
2017-09-27;3.59916600
2017-09-28;3.58986100
2017-09-29;3.59566700
2017-10-02;3.58673200
2017-10-03;3.59002000
2017-10-04;3.59105300
2017-10-05;3.58832900
2017-10-06;3.58445700
2017-10-09;3.58071400
2017-10-10;3.58373400
2017-10-11;3.59223700
2017-10-12;3.59609000
2017-10-13;3.59910400
2017-10-16;3.60454700
2017-10-17;3.60750900
2017-10-18;3.60679100
2017-10-19;3.60457100
2017-10-20;3.60305500
2017-10-24;3.60640800
2017-10-25;3.61081000
2017-10-26;3.60967600
2017-10-27;3.60945900
2017-10-30;3.60893300
2017-10-31;3.60611300
2017-11-02;3.60618100
2017-11-03;3.61165500
2017-11-06;3.61362900
2017-11-07;3.61435900
2017-11-08;3.61612600
2017-11-09;3.62214000
2017-11-10;3.61897100
2017-11-13;3.61998400
2017-11-14;3.61849700
2017-11-15;3.62423100
2017-11-16;3.62198700
2017-11-17;3.62058100
2017-11-20;3.62078700
2017-11-21;3.62459800
2017-11-22;3.63351200
2017-11-23;3.64383400
2017-11-24;3.64445600
2017-11-27;3.64359900
2017-11-28;3.64171900
2017-11-29;3.63797300
2017-11-30;3.63734200
2017-12-01;3.64301800
2017-12-04;3.64204400
2017-12-05;3.64205800
2017-12-06;3.64067700
2017-12-07;3.64072600
2017-12-08;3.63885100
2017-12-11;3.63717400
2017-12-12;3.63653200
2017-12-13;3.63209700
2017-12-14;3.63224100
2017-12-15;3.63504300
2017-12-18;3.64146500
2017-12-19;3.65036500
2017-12-20;3.64824200
2017-12-21;3.64621200
2017-12-22;3.64670100
2017-12-27;3.64798100
2017-12-28;3.64928800
2017-12-29;3.65058600
2018-01-02;3.64695600
2018-01-03;3.64895900
2018-01-04;3.65718600
2018-01-05;3.66679700
2018-01-08;3.66662900
2018-01-09;3.66460500
2018-01-10;3.66138300
2018-01-11;3.66251600
2018-01-12;3.66265500
2018-01-15;3.66112800
2018-01-16;3.66031600
2018-01-17;3.66193700
2018-01-18;3.65455800
2018-01-19;3.63995300
2018-01-22;3.63719500
2018-01-23;3.64622500
2018-01-24;3.64191400
2018-01-25;3.64294100
2018-01-26;3.64085800
2018-01-29;3.62997200
2018-01-30;3.63087000
2018-01-31;3.62786100
2018-02-01;3.61530500
2018-02-02;3.60518300
2018-02-05;3.58446400
2018-02-06;3.58529400
2018-02-07;3.58729800
2018-02-08;3.59090300
2018-02-09;3.59986700
2018-02-12;3.60042200
2018-02-13;3.60626700
2018-02-14;3.60718200
2018-02-15;3.60015700
2018-02-16;3.60173400
2018-02-19;3.59646400
2018-02-20;3.59146600
2018-02-21;3.60055200
2018-02-22;3.59866500
2018-02-23;3.60339100
2018-02-26;3.60862800
2018-02-27;3.60145200
2018-02-28;3.60116200
2018-03-01;3.59614900
2018-03-02;3.58963900
2018-03-05;3.59129000
2018-03-06;3.58569500
2018-03-07;3.58596400
2018-03-08;3.58364900
2018-03-09;3.58814700
2018-03-12;3.58769500
2018-03-13;3.58979600
2018-03-14;3.59267700
2018-03-19;3.59872100
2018-03-20;3.60047100
2018-03-21;3.59771400
2018-03-22;3.61061200
2018-03-23;3.60929600
2018-03-26;3.60959100
2018-03-27;3.61375900
2018-03-28;3.62265000
2018-03-29;3.62810500
2018-04-03;3.62832100
2018-04-04;3.62386100
2018-04-05;3.61343900
2018-04-06;3.60937200
2018-04-09;3.61933300
2018-04-10;3.62325900
2018-04-11;3.62416300
2018-04-12;3.62512600
2018-04-13;3.61903200
2018-04-16;3.61454200
2018-04-17;3.61700600
2018-04-18;3.61981200
2018-04-19;3.61636200
2018-04-20;3.61560300
2018-04-23;3.61198800
2018-04-24;3.61304500
2018-04-25;3.61178000
2018-04-26;3.61168900
2018-04-27;3.61953000
2018-05-02;3.61501900
2018-05-03;3.61138100
2018-05-04;3.61192700
2018-05-07;3.61034000
2018-05-08;3.60006800
2018-05-09;3.59593800
2018-05-10;3.59569100
2018-05-11;3.59198400
2018-05-14;3.58023800
2018-05-15;3.56641200
2018-05-16;3.56663600
2018-05-17;3.55650500
2018-05-18;3.56023500
2018-05-22;3.54959600
2018-05-23;3.54560600
2018-05-24;3.56240300
2018-05-25;3.56493900
2018-05-28;3.56547200
2018-05-29;3.56214800
2018-05-30;3.55949200
2018-05-31;3.56084800
2018-06-01;3.56151400
2018-06-04;3.56361600
2018-06-05;3.56928600
2018-06-06;3.56744200
2018-06-07;3.56015000
2018-06-08;3.55300900
2018-06-11;3.54083500
2018-06-12;3.53240100
2018-06-13;3.51013200
2018-06-14;3.50294400
2018-06-15;3.50957600
2018-06-18;3.50766900
2018-06-19;3.50328400
2018-06-20;3.50628700
2018-06-21;3.49321700
2018-06-22;3.49266600
2018-06-25;3.49169000
2018-06-26;3.48980200
2018-06-27;3.49236800
2018-06-28;3.49085000
2018-06-29;3.48627400
2018-07-02;3.47519600
2018-07-03;3.46011100
2018-07-04;3.47923500
2018-07-05;3.48524200
2018-07-06;3.49091000
2018-07-09;3.49885400
2018-07-10;3.49894000
2018-07-11;3.51021100
2018-07-12;3.51174400
2018-07-13;3.50940700
2018-07-16;3.50926700
2018-07-17;3.51151700
2018-07-18;3.52104100
2018-07-19;3.51894200
2018-07-20;3.51198000
2018-07-23;3.51262500
2018-07-24;3.50988400
2018-07-25;3.51382900
2018-07-26;3.53305600
2018-07-27;3.53287000
2018-07-30;3.53213700
2018-07-31;3.53200100
2018-08-01;3.52922600
2018-08-02;3.52037400
2018-08-03;3.51777700
2018-08-06;3.51800200
2018-08-07;3.51573100
2018-08-08;3.50165300
2018-08-09;3.49536400
2018-08-10;3.49279600
2018-08-13;3.47661800
2018-08-14;3.49998000
2018-08-15;3.49862700
2018-08-16;3.49548100
2018-08-17;3.49698100
2018-08-21;3.50517100
2018-08-22;3.51500800
2018-08-23;3.51347000
2018-08-24;3.51677100
2018-08-27;3.51748700
2018-08-28;3.51659300
2018-08-29;3.51621600
2018-08-30;3.51143900
2018-08-31;3.51005700
2018-09-03;3.50812600
2018-09-04;3.50414500
2018-09-05;3.49499800
2018-09-06;3.49633600
2018-09-07;3.50772300
2018-09-10;3.50473900
2018-09-11;3.49776000
2018-09-12;3.49421200
2018-09-13;3.49139300
2018-09-14;3.49443500
2018-09-17;3.48566400
2018-09-18;3.46921600
2018-09-19;3.48218500
2018-09-20;3.48036600
2018-09-21;3.48615000
2018-09-24;3.49142000
2018-09-25;3.48503800
2018-09-26;3.48715400
2018-09-27;3.48932600
2018-09-28;3.49505000
2018-10-01;3.49341900
2018-10-02;3.49166500
2018-10-03;3.48979600
2018-10-04;3.48186000
2018-10-05;3.47371800
2018-10-08;3.47202300
2018-10-09;3.45718600
2018-10-10;3.44672700
2018-10-11;3.45098600
2018-10-12;3.44533800
2018-10-15;3.45112900
2018-10-16;3.44792600
2018-10-17;3.46249400
2018-10-18;3.46843800
2018-10-19;3.46489200
2018-10-24;3.47646900
2018-10-25;3.47600000
2018-10-26;3.48177700
2018-10-29;3.49238200
2018-10-30;3.49847300
2018-10-31;3.48781200
2018-11-05;3.49038800
2018-11-06;3.50253500
2018-11-07;3.50471200
2018-11-08;3.49259600
2018-11-09;3.49229800
2018-11-12;3.48937300
2018-11-13;3.48642400
2018-11-14;3.49266400
2018-11-15;3.49507800
2018-11-16;3.49689300
2018-11-19;3.50069400
2018-11-20;3.50897700
2018-11-21;3.51314500
2018-11-22;3.52239400
2018-11-23;3.52523900
2018-11-26;3.53812600
2018-11-27;3.53932600
2018-11-28;3.54384300
2018-11-29;3.54321000
2018-11-30;3.55842100
2018-12-03;3.55138500
2018-12-04;3.56188700
2018-12-05;3.55604500
2018-12-06;3.55730200
2018-12-07;3.56379100
2018-12-10;3.55649700
2018-12-11;3.55833000
2018-12-12;3.55524100
2018-12-13;3.55505600
2018-12-14;3.55240500
2018-12-17;3.55176000
2018-12-18;3.54983500
2018-12-19;3.55645600
2018-12-20;3.56134200
2018-12-21;3.56889300
2018-12-27;3.58141200
2018-12-28;3.58530000
2018-12-31;3.58600200
2019-01-02;3.59960900
2019-01-03;3.60954300
2019-01-04;3.60446000
2019-01-07;3.59963500
2019-01-08;3.58941500
2019-01-09;3.59979100
2019-01-10;3.60315400
2019-01-11;3.60267300
2019-01-14;3.61594400
2019-01-15;3.62737700
2019-01-16;3.61100200
2019-01-17;3.59737200
2019-01-18;3.59073200
2019-01-21;3.59221500
2019-01-22;3.59238000
2019-01-23;3.59196000
2019-01-24;3.60165700
2019-01-25;3.60749800
2019-01-28;3.60191000
2019-01-29;3.60442100
2019-01-30;3.60257000
2019-01-31;3.61427100
2019-02-01;3.62912900
2019-02-04;3.62638700
2019-02-05;3.62076200
2019-02-06;3.63081100
2019-02-07;3.63494500
2019-02-08;3.63380800
2019-02-11;3.62936100
2019-02-12;3.61832700
2019-02-13;3.62358900
2019-02-14;3.61990900
2019-02-15;3.61701300
2019-02-18;3.61745300
2019-02-19;3.61885000
2019-02-20;3.62606200
2019-02-21;3.62800800
2019-02-22;3.62759300
2019-02-25;3.62731800
2019-02-26;3.62698600
2019-02-27;3.62504000
2019-02-28;3.62205500
2019-03-01;3.61324200
2019-03-04;3.61306100
2019-03-05;3.60926100
2019-03-06;3.61630300
2019-03-07;3.61767100
2019-03-08;3.61924300
2019-03-11;3.61870600
2019-03-12;3.61610300
2019-03-13;3.61539400
2019-03-14;3.61269700
2019-03-18;3.61656600
2019-03-19;3.62400700
2019-03-20;3.62778800
2019-03-21;3.64197100
2019-03-22;3.64966000
2019-03-25;3.65336700
2019-03-26;3.64971400
2019-03-27;3.66941100
2019-03-28;3.66913900
2019-03-29;3.66778300
2019-04-01;3.66125500
2019-04-02;3.65804700
2019-04-03;3.65663500
2019-04-04;3.65354900
2019-04-05;3.65065600
2019-04-08;3.64509800
2019-04-09;3.63572800
2019-04-11;3.63775600
2019-04-12;3.62627400
2019-04-15;3.62288800
2019-04-16;3.62934400
2019-04-17;3.62428800
2019-04-18;3.63418100
2019-04-23;3.63308100
2019-04-24;3.63555200
2019-04-25;3.63326100
2019-04-26;3.63285000
2019-04-29;3.63262600
2019-04-30;3.62782900
2019-05-02;3.62306000
2019-05-03;3.61783400
2019-05-06;3.62143500
2019-05-07;3.62107800
2019-05-08;3.61960900
2019-05-09;3.62237800
2019-05-10;3.62579800
2019-05-13;3.63057500
2019-05-14;3.64038800
2019-05-15;3.64521400
2019-05-16;3.64659000
2019-05-17;3.64565000
2019-05-20;3.64172600
2019-05-21;3.63965000
2019-05-22;3.64428500
2019-05-23;3.65415700
2019-05-24;3.65405600
2019-05-27;3.65527800
2019-05-28;3.66103500
2019-05-29;3.66219600
2019-05-30;3.66514100
2019-05-31;3.67990300
2019-06-03;3.69754200
2019-06-04;3.68659200
2019-06-05;3.68571800
2019-06-06;3.69550600
2019-06-07;3.68800400
2019-06-11;3.68962500
2019-06-12;3.69360300
2019-06-13;3.70012400
2019-06-14;3.70618400
2019-06-17;3.70430800
2019-06-18;3.72026100
2019-06-19;3.71293600
2019-06-20;3.72502500
2019-06-21;3.71826000
2019-06-24;3.72052000
2019-06-25;3.72193800
2019-06-26;3.71345600
2019-06-27;3.71117600
2019-06-28;3.71423400
2019-07-01;3.71543000
2019-07-02;3.72567200
2019-07-03;3.74830500
2019-07-04;3.75372000
2019-07-05;3.75206100
2019-07-08;3.74631300
2019-07-09;3.75073600
2019-07-10;3.73869700
2019-07-11;3.73812300
2019-07-12;3.72614200
2019-07-15;3.72834000
2019-07-16;3.73662500
2019-07-17;3.73530400
2019-07-18;3.73988900
2019-07-19;3.74721600
2019-07-22;3.74885600
2019-07-23;3.75970600
2019-07-24;3.77122400
2019-07-25;3.77689500
2019-07-26;3.77066100
2019-07-29;3.77299900
2019-07-30;3.76427300
2019-07-31;3.76888600
2019-08-01;3.76303100
2019-08-02;3.78574800
2019-08-05;3.80817200
2019-08-06;3.80375700
2019-08-07;3.80639000
2019-08-08;3.81086300
2019-08-09;3.81652700
2019-08-12;3.82593500
2019-08-13;3.83621300
2019-08-14;3.86049500
2019-08-15;3.85449400
2019-08-16;3.84731200
2019-08-21;3.83093800
2019-08-22;3.81267500
2019-08-23;3.80267700
2019-08-26;3.81647800
2019-08-27;3.82583300
2019-08-28;3.82833800
2019-08-29;3.82123100
2019-08-30;3.80602300
2019-09-02;3.81026100
2019-09-03;3.81459200
2019-09-04;3.80208100
2019-09-05;3.78874900
2019-09-06;3.78023900
2019-09-09;3.78218800
2019-09-10;3.77687600
2019-09-11;3.79235600
2019-09-12;3.80667800
2019-09-13;3.80142900
2019-09-16;3.80407800
2019-09-17;3.80586800
2019-09-18;3.81076000
2019-09-19;3.81308100
2019-09-20;3.81889300
2019-09-23;3.82514800
2019-09-24;3.83006400
2019-09-25;3.82921000
2019-09-26;3.81862100
2019-09-27;3.82041700
2019-09-30;3.81674500
2019-10-01;3.81268800
2019-10-02;3.81524500
2019-10-03;3.82307700
2019-10-04;3.82947500
2019-10-07;3.83049200
2019-10-08;3.82705900
2019-10-09;3.82683400
2019-10-10;3.81942500
2019-10-11;3.81142400
2019-10-14;3.81391500
2019-10-15;3.81809700
2019-10-16;3.81387200
2019-10-17;3.80604000
2019-10-18;3.81805400
2019-10-21;3.81756000
2019-10-22;3.82295700
2019-10-24;3.82256500
2019-10-25;3.82534000
2019-10-28;3.82901800
2019-10-29;3.83070400
2019-10-30;3.82993500
2019-10-31;3.83490200
2019-11-04;3.83329800
2019-11-05;3.83093500
2019-11-06;3.83227300
2019-11-07;3.83091800
2019-11-08;3.80806500
2019-11-11;3.82170400
2019-11-12;3.81847600
2019-11-13;3.83135700
2019-11-14;3.82880700
2019-11-15;3.82608300
2019-11-18;3.82574300
2019-11-19;3.82629400
2019-11-20;3.83419300
2019-11-21;3.83883700
2019-11-22;3.83987600
2019-11-25;3.84236500
2019-11-26;3.84797900
2019-11-27;3.84625100
2019-11-28;3.84501200
2019-11-29;3.83805300
2019-12-02;3.81991000
2019-12-03;3.82820100
2019-12-04;3.83074700
2019-12-05;3.82938400
2019-12-06;3.83547700
2019-12-09;3.84731800
2019-12-10;3.84081000
2019-12-11;3.84004100
2019-12-12;3.83966900
2019-12-13;3.83768600
2019-12-16;3.84195400
2019-12-17;3.84922500
2019-12-18;3.85201600
2019-12-19;3.83942900
2019-12-20;3.84018400
2019-12-23;3.84219100
2019-12-30;3.84918000
2019-12-31;3.84976700
2020-01-02;3.84906000
2020-01-03;3.86496100
2020-01-06;3.86381600
2020-01-07;3.86352300
2020-01-08;3.85815100
2020-01-09;3.85824000
2020-01-10;3.86609700
2020-01-13;3.85777900
2020-01-14;3.85059100
2020-01-15;3.85252200
2020-01-16;3.84950200
2020-01-17;3.84355100
2020-01-20;3.84339700
2020-01-21;3.83848200
2020-01-22;3.83763400
2020-01-23;3.83069500
2020-01-24;3.84165500
2020-01-27;3.85239000
2020-01-28;3.84088800
2020-01-29;3.83306700
2020-01-30;3.83836600
2020-01-31;3.83860200
2020-02-03;3.84394900
2020-02-04;3.83360800
2020-02-05;3.83503300
2020-02-06;3.84067600
2020-02-07;3.83684000
2020-02-10;3.84369800
2020-02-11;3.84194800
2020-02-12;3.83374900
2020-02-13;3.80991000
2020-02-14;3.79290000
2020-02-17;3.77656500
2020-02-18;3.79201100
2020-02-19;3.79050100
2020-02-20;3.78056600
2020-02-21;3.79555000
2020-02-24;3.80960300
2020-02-25;3.81290100
2020-02-26;3.80603800
2020-02-27;3.79476100
2020-02-28;3.80147400
2020-03-02;3.82086100
2020-03-03;3.81432900
2020-03-04;3.83205200
2020-03-05;3.83904800
2020-03-06;3.84554800
2020-03-09;3.87092600
2020-03-10;3.84640900
2020-03-11;3.84800100
2020-03-12;3.78221500
2020-03-13;3.73852500
2020-03-16;3.66188400
2020-03-17;3.71446700
2020-03-18;3.64000700
2020-03-19;3.65134300
2020-03-20;3.67870400
2020-03-23;3.71332100
2020-03-24;3.80073800
2020-03-25;3.76479400
2020-03-26;3.78520800
2020-03-27;3.79870700
2020-03-30;3.76734800
2020-03-31;3.74149600
2020-04-01;3.74141700
2020-04-02;3.74150800
2020-04-03;3.70522700
2020-04-06;3.72879900
2020-04-07;3.72006500
2020-04-08;3.72253400
2020-04-09;3.72961600
2020-04-14;3.74330500
2020-04-15;3.77375100
2020-04-16;3.78932800
2020-04-17;3.79157300
2020-04-20;3.79690400
2020-04-21;3.78885000
2020-04-22;3.79383800
2020-04-23;3.77953800
2020-04-24;3.78695900
2020-04-27;3.79390300
2020-04-28;3.79681600
2020-04-29;3.84487900
2020-04-30;3.84329200
2020-05-04;3.83302100
2020-05-05;3.83075700
2020-05-06;3.83105500
2020-05-07;3.82524100
2020-05-08;3.82720100
2020-05-11;3.83199500
2020-05-12;3.83784100
2020-05-13;3.84047300
2020-05-14;3.85053700
2020-05-15;3.85128700
2020-05-18;3.86653300
2020-05-19;3.86019600
2020-05-20;3.86049700
2020-05-21;3.85716700
2020-05-22;3.85278400
2020-05-25;3.85575200
2020-05-26;3.81242100
2020-05-27;3.79218500
2020-05-28;3.79370400
2020-05-29;3.83352300
2020-06-02;3.82580400
2020-06-03;3.81681800
2020-06-04;3.81574900
2020-06-05;3.80636600
2020-06-08;3.78978100
2020-06-09;3.79291100
2020-06-10;3.78976400
2020-06-11;3.81383800
2020-06-12;3.81302100
2020-06-15;3.81389000
2020-06-16;3.80578200
2020-06-17;3.79455700
2020-06-18;3.80074700
2020-06-19;3.80267400
2020-06-22;3.81054500
2020-06-23;3.81839400
2020-06-24;3.84785100
2020-06-25;3.83416800
2020-06-26;3.84813500
2020-06-29;3.84453000
2020-06-30;3.84460000
2020-07-01;3.83218000
2020-07-02;3.82819100
2020-07-03;3.82837100
2020-07-06;3.82670200
2020-07-07;3.81549800
2020-07-08;3.81919900
2020-07-09;3.81547800
2020-07-10;3.82025900
2020-07-13;3.81765800
2020-07-14;3.81360200
2020-07-15;3.80725100
2020-07-16;3.79985300
2020-07-17;3.80613400
2020-07-20;3.82324300
2020-07-21;3.82706700
2020-07-22;3.84337100
2020-07-23;3.84430400
2020-07-24;3.84336100
2020-07-27;3.84476300
2020-07-28;3.84323100
2020-07-29;3.84205000
2020-07-30;3.84081700
2020-07-31;3.84467400
2020-08-03;3.84332100
2020-08-04;3.84293100
2020-08-05;3.84826500
2020-08-06;3.84797100
2020-08-07;3.84712100
2020-08-10;3.84451000
2020-08-11;3.82904300
2020-08-12;3.81530900
2020-08-13;3.82064500
2020-08-14;3.81734400
2020-08-17;3.81872500
2020-08-18;3.81382400
2020-08-19;3.80730700
2020-08-24;3.80309400
2020-08-25;3.80127800
2020-08-26;3.81308700
2020-08-27;3.81331300
2020-08-28;3.80402900
2020-08-31;3.80772100
2020-09-01;3.80823900
2020-09-02;3.80997400
2020-09-03;3.80615500
2020-09-04;3.81129400
2020-09-07;3.81149800
2020-09-08;3.81064500
2020-09-09;3.79506200
2020-09-10;3.79286900
2020-09-11;3.80192600
2020-09-14;3.80817400
2020-09-15;3.80233100
2020-09-16;3.80931600
2020-09-17;3.81339200
2020-09-18;3.81284600
2020-09-21;3.80929800
2020-09-22;3.80351500
2020-09-23;3.79580900
2020-09-24;3.79262600
2020-09-25;3.80565400
2020-09-28;3.80326200
2020-09-29;3.79575100
2020-09-30;3.80377300
2020-10-01;3.80614700
2020-10-02;3.81304200
2020-10-05;3.81388500
2020-10-06;3.80961400
2020-10-07;3.80734800
2020-10-08;3.82091600
2020-10-09;3.83029500
2020-10-12;3.83050200
2020-10-13;3.83308300
2020-10-14;3.82734000
2020-10-15;3.82829900
2020-10-16;3.82943800
2020-10-19;3.82808000
2020-10-20;3.82397800
2020-10-21;3.81734400
2020-10-22;3.81241900
2020-10-26;3.81294100
2020-10-27;3.81361100
2020-10-28;3.83519800
2020-10-29;3.83248500
2020-10-30;3.84161800
2020-11-02;3.83058300
2020-11-03;3.83990000
2020-11-04;3.84575700
2020-11-05;3.86562600
2020-11-06;3.86167500
2020-11-09;3.85810100
2020-11-10;3.85313800
2020-11-11;3.85184100
2020-11-12;3.85752500
2020-11-13;3.86516500
2020-11-16;3.86377500
2020-11-17;3.86261000
2020-11-18;3.86027100
2020-11-19;3.86265200
2020-11-20;3.86394500
2020-11-23;3.86525700
2020-11-24;3.86568900
2020-11-25;3.86396500
2020-11-26;3.86223600
2020-11-27;3.86307100
2020-11-30;3.86601200
2020-12-01;3.86381700
2020-12-02;3.86223700
2020-12-03;3.85700100
2020-12-04;3.85747600
2020-12-07;3.85758900
2020-12-08;3.85889500
2020-12-09;3.86329400
2020-12-10;3.86580200
2020-12-11;3.86733400
2020-12-14;3.86705400
2020-12-15;3.88468700
2020-12-16;3.88359000
2020-12-17;3.88285300
2020-12-18;3.88637400
2020-12-21;3.88892400
2020-12-22;3.88788700
2020-12-23;3.88921600
2020-12-28;3.89009400
2020-12-29;3.89042000
2020-12-30;3.89544300
2020-12-31;3.89546600
2021-01-04;3.90037300
2021-01-05;3.90088200
2021-01-06;3.89585100
2021-01-07;3.88997000
2021-01-08;3.88506900
2021-01-11;3.87584400
2021-01-12;3.86747400
2021-01-13;3.87472700
2021-01-14;3.87903700
2021-01-15;3.87305100
2021-01-18;3.87587200
2021-01-19;3.87488100
2021-01-20;3.87355100
2021-01-21;3.87694300
2021-01-22;3.88436300
2021-01-25;3.89001600
2021-01-26;3.89332000
2021-01-27;3.89345500
2021-01-28;3.89433200
2021-01-29;3.88923800
2021-02-01;3.88918300
2021-02-02;3.88099800
2021-02-03;3.88076700
2021-02-04;3.88409900
2021-02-05;3.87810900
2021-02-08;3.87766700
2021-02-09;3.88304600
2021-02-10;3.88640700
2021-02-11;3.89304600
2021-02-12;3.89106500
2021-02-15;3.86877000
2021-02-16;3.86929300
2021-02-17;3.86560000
2021-02-18;3.86138700
2021-02-19;3.85843400
2021-02-22;3.85054400
2021-02-23;3.83847000
2021-02-24;3.83608700
2021-02-25;3.80098700
2021-02-26;3.81024500
2021-03-01;3.82416100
2021-03-02;3.82855200
2021-03-03;3.83188900
2021-03-04;3.82528100
2021-03-05;3.81536700
2021-03-08;3.79001700
2021-03-09;3.79990900
2021-03-10;3.80317400
2021-03-11;3.82103700
2021-03-12;3.81432200
2021-03-16;3.81081000
2021-03-17;3.81098100
2021-03-18;3.81048200
2021-03-19;3.81252600
2021-03-22;3.81947100
2021-03-23;3.82696500
2021-03-24;3.82701000
2021-03-25;3.82709200
2021-03-26;3.82269200
2021-03-29;3.82524500
2021-03-30;3.81282100
2021-03-31;3.81390100
2021-04-01;3.81069800
2021-04-06;3.81031300
2021-04-07;3.81608500
2021-04-08;3.81382100
2021-04-09;3.81597700
2021-04-12;3.82065000
2021-04-13;3.81869200
2021-04-14;3.83223100
2021-04-15;3.84145800
2021-04-16;3.84558200
2021-04-19;3.85396500
2021-04-20;3.84300900
2021-04-21;3.84326100
2021-04-22;3.84437700
2021-04-23;3.84537000
2021-04-26;3.84572700
2021-04-27;3.84791200
2021-04-28;3.84585800
2021-04-29;3.84502700
2021-04-30;3.84347700
2021-05-03;3.84042400
2021-05-04;3.84138300
2021-05-05;3.84174900
2021-05-06;3.84154800
2021-05-07;3.84181200
2021-05-10;3.84153900
2021-05-11;3.82840400
2021-05-12;3.82009600
2021-05-13;3.79147500
2021-05-14;3.79080100
2021-05-17;3.77315400
2021-05-18;3.75080700
2021-05-19;3.74923200
2021-05-20;3.76669500
2021-05-21;3.77076000
2021-05-25;3.78390300
2021-05-26;3.80112800
2021-05-27;3.79151800
2021-05-28;3.78807200
2021-05-31;3.79059000
2021-06-01;3.78666000
2021-06-02;3.78262900
2021-06-03;3.79286900
2021-06-04;3.79228100
2021-06-07;3.79224000
2021-06-08;3.79459900
2021-06-09;3.80081700
2021-06-10;3.80085900
2021-06-11;3.81577000
2021-06-14;3.81244600
2021-06-15;3.79993900
2021-06-16;3.79534900
2021-06-17;3.79565100
2021-06-18;3.79956500
2021-06-21;3.79178100
2021-06-22;3.78926400
2021-06-23;3.79724000
2021-06-24;3.79658100
2021-06-25;3.79688500
2021-06-28;3.79444800
2021-06-29;3.79352400
2021-06-30;3.80406300
2021-07-01;3.79244800
2021-07-02;3.79781500
2021-07-05;3.79832700
2021-07-06;3.79677700
2021-07-07;3.79728100
2021-07-08;3.80250300
2021-07-09;3.80319700
2021-07-12;3.80322600
2021-07-13;3.80811400
2021-07-14;3.80623600
2021-07-15;3.80852500
2021-07-16;3.80759400
2021-07-19;3.81091900
2021-07-20;3.81625000
2021-07-21;3.81713400
2021-07-22;3.81496700
2021-07-23;3.81708200
2021-07-26;3.81901800
2021-07-27;3.81801300
2021-07-28;3.81209700
2021-07-29;3.80961300
2021-07-30;3.81278000
2021-08-02;3.81479300
2021-08-03;3.81543100
2021-08-04;3.81960600
2021-08-05;3.81767200
2021-08-06;3.81540700
2021-08-09;3.81052800
2021-08-10;3.80891000
2021-08-11;3.80446700
2021-08-12;3.80013700
2021-08-13;3.80464000
2021-08-16;3.80644800
2021-08-17;3.81133700
2021-08-18;3.81051300
2021-08-19;3.81053200
2021-08-23;3.80799400
2021-08-24;3.80199200
2021-08-25;3.79715100
2021-08-26;3.78142200
2021-08-27;3.77582000
2021-08-30;3.77586600
2021-08-31;3.77870600
2021-09-01;3.76349700
2021-09-02;3.76146800
2021-09-03;3.76202600
2021-09-06;3.75995900
2021-09-07;3.75696400
2021-09-08;3.75281600
2021-09-09;3.75445900
2021-09-10;3.75857900
2021-09-13;3.75883400
2021-09-14;3.75764200
2021-09-15;3.75511200
2021-09-16;3.75438900
2021-09-17;3.74492900
2021-09-20;3.74198500
2021-09-21;3.74153300
2021-09-22;3.75301900
2021-09-23;3.75477200
2021-09-24;3.74729300
2021-09-27;3.74646300
2021-09-28;3.73012100
2021-09-29;3.73797000
2021-09-30;3.73967400
2021-10-01;3.71614500
2021-10-04;3.69456900
2021-10-05;3.69508600
2021-10-06;3.68964500
2021-10-07;3.69424800
2021-10-08;3.69258100
2021-10-11;3.69030800
2021-10-12;3.68556100
2021-10-13;3.67737000
2021-10-14;3.67498000
2021-10-15;3.67039900
2021-10-18;3.65170800
2021-10-19;3.64894600
2021-10-20;3.65101000
2021-10-21;3.65476700
2021-10-22;3.65097600
2021-10-25;3.64669800
2021-10-26;3.64280200
2021-10-27;3.64897900
2021-10-28;3.64734200
2021-10-29;3.64165200
2021-11-02;3.64231800
2021-11-03;3.65505000
2021-11-04;3.65579900
2021-11-05;3.64517500
2021-11-08;3.64623000
2021-11-09;3.63768000
2021-11-10;3.63309300
2021-11-11;3.62670600
2021-11-12;3.62160300
2021-11-15;3.61354000
2021-11-16;3.60321600
2021-11-17;3.57805100
2021-11-18;3.54957100
2021-11-19;3.54660600
2021-11-22;3.51634000
2021-11-23;3.46328400
2021-11-24;3.48978400
2021-11-25;3.50538200
2021-11-26;3.52673100
2021-11-29;3.51087200
2021-11-30;3.52046200
2021-12-01;3.49763500
2021-12-02;3.48320400
2021-12-03;3.50006600
2021-12-06;3.53329900
2021-12-07;3.52295500
2021-12-08;3.51262100
2021-12-09;3.52779400
2021-12-10;3.55875200
2021-12-13;3.54349200
2021-12-14;3.51304600
2021-12-15;3.48799100
2021-12-16;3.50420700
2021-12-17;3.50658200
2021-12-20;3.49723700
2021-12-21;3.50440600
2021-12-22;3.50452900
2021-12-23;3.50567200
2021-12-27;3.51971600
2021-12-28;3.52040000
2021-12-29;3.51996700
2021-12-30;3.49410400
2021-12-31;3.49421000
2022-01-03;3.49801100
2022-01-04;3.45740600
2022-01-05;3.46933500
2022-01-06;3.46090800
2022-01-07;3.46322100
2022-01-10;3.46412800
2022-01-11;3.47747700
2022-01-12;3.48759900
2022-01-13;3.49166000
2022-01-14;3.48685300
2022-01-17;3.47532200
2022-01-18;3.45714500
2022-01-19;3.44968900
2022-01-20;3.46180300
2022-01-21;3.47748800
2022-01-24;3.46485000
2022-01-25;3.46371900
2022-01-26;3.47832300
2022-01-27;3.45697900
2022-01-28;3.44785600
2022-01-31;3.44879900
2022-02-01;3.44561800
2022-02-02;3.44161300
2022-02-03;3.44168600
2022-02-04;3.45633500
2022-02-07;3.46517600
2022-02-08;3.48453400
2022-02-09;3.49930600
2022-02-10;3.48876000
2022-02-11;3.46705100
2022-02-14;3.45131100
2022-02-15;3.44562900
2022-02-16;3.44889700
2022-02-17;3.45865100
2022-02-18;3.46061600
2022-02-21;3.45899200
2022-02-22;3.44933000
2022-02-23;3.45257200
2022-02-24;3.40992000
2022-02-25;3.38841700
2022-02-28;3.36469600
2022-03-01;3.35517000
2022-03-02;3.32539200
2022-03-03;3.34052800
2022-03-04;3.30440800
2022-03-07;3.22162900
2022-03-08;3.24043000
2022-03-09;3.25731900
2022-03-10;3.25727100
2022-03-11;3.23041300
2022-03-16;3.23220900
2022-03-17;3.25999200
2022-03-18;3.25989100
2022-03-21;3.22580800
2022-03-22;3.19928600
2022-03-23;3.17968400
2022-03-24;3.15774400
2022-03-25;3.17125600
2022-03-28;3.15357600
2022-03-29;3.17606800
2022-03-30;3.19107100
2022-03-31;3.23222400
2022-04-01;3.21260500
2022-04-04;3.22459400
2022-04-05;3.21103900
2022-04-06;3.15988500
2022-04-07;3.15114900
2022-04-08;3.11729800
2022-04-11;3.10415600
2022-04-12;3.12101000
2022-04-13;3.13551000
2022-04-14;3.15340900
2022-04-19;3.14345000
2022-04-20;3.14386900
2022-04-21;3.13176200
2022-04-22;3.12924500
2022-04-25;3.13930100
2022-04-26;3.13507700
2022-04-27;3.13284800
2022-04-28;3.14371800
2022-04-29;3.12739500
2022-05-02;3.12367100
2022-05-03;3.08676400
2022-05-04;3.08466400
2022-05-05;3.09490000
2022-05-06;3.08259900
2022-05-09;3.07507200
2022-05-10;3.05757100
2022-05-11;3.06603800
2022-05-12;3.08087400
2022-05-13;3.07981100
2022-05-16;3.07964500
2022-05-17;3.08034200
2022-05-18;3.08086600
2022-05-19;3.09268300
2022-05-20;3.12421000
2022-05-23;3.15242300
2022-05-24;3.15028500
2022-05-25;3.16025300
2022-05-26;3.13181400
2022-05-27;3.13077800
2022-05-30;3.12105100
2022-05-31;3.12659200
2022-06-01;3.11883100
2022-06-02;3.12404000
2022-06-03;3.12650600
2022-06-07;3.12447600
2022-06-08;3.11649600
2022-06-09;3.09143300
2022-06-10;3.07023400
2022-06-13;2.98842800
2022-06-14;2.98069900
2022-06-15;2.95529000
2022-06-16;2.93631800
2022-06-17;2.94808900
2022-06-20;2.94501400
2022-06-21;2.93806900
2022-06-22;2.96687900
2022-06-23;3.00216700
2022-06-24;3.01776800
2022-06-27;2.96915000
2022-06-28;2.95750100
2022-06-29;2.96354300
2022-06-30;2.99287600
2022-07-01;2.98631500
2022-07-04;2.98460400
2022-07-05;2.94743000
2022-07-06;2.91182000
2022-07-07;2.86196200
2022-07-08;2.88980000
2022-07-11;2.89825800
2022-07-12;2.86512900
2022-07-13;2.83082400
2022-07-14;2.81515200
2022-07-15;2.81727600
2022-07-18;2.83189000
2022-07-19;2.84512100
2022-07-20;2.87472300
2022-07-21;2.85861600
2022-07-22;2.90223500
2022-07-25;2.92721900
2022-07-26;2.90766300
2022-07-27;2.90738000
2022-07-28;2.89491100
2022-07-29;2.91060500
2022-08-01;2.96138200
2022-08-02;2.95370700
2022-08-03;2.94774200
2022-08-04;2.94311300
2022-08-05;2.96401400
2022-08-08;2.97125200
2022-08-09;2.95549400
2022-08-10;2.95120700
2022-08-11;2.97212500
2022-08-12;3.01130000
2022-08-15;3.00497200
2022-08-16;2.96336500
2022-08-17;2.95232100
2022-08-18;2.94576400
2022-08-19;2.88632900
2022-08-22;2.88501000
2022-08-23;2.84923800
2022-08-24;2.85912900
2022-08-25;2.89699900
2022-08-26;2.87990800
2022-08-29;2.85534900
2022-08-30;2.84660300
2022-08-31;2.85267500
2022-09-01;2.83683000
2022-09-02;2.83241100
2022-09-05;2.81581100
2022-09-06;2.82570200
2022-09-07;2.81943600
2022-09-08;2.83292400
2022-09-09;2.78758800
2022-09-12;2.82604200
2022-09-13;2.85184300
2022-09-14;2.83081700
2022-09-15;2.81346200
2022-09-16;2.81535400
2022-09-19;2.81882000
2022-09-20;2.82619600
2022-09-21;2.81470100
2022-09-22;2.80788600
2022-09-23;2.82343300
2022-09-26;2.78495500
2022-09-27;2.78906300
2022-09-28;2.78340400
2022-09-29;2.77523500
2022-09-30;2.77624500
2022-10-03;2.76743200
2022-10-04;2.79806500
2022-10-05;2.78015800
2022-10-06;2.76582200
2022-10-07;2.75714200
2022-10-10;2.74012400
2022-10-11;2.71099500
2022-10-12;2.69389300
2022-10-13;2.66521300
2022-10-14;2.59459000
2022-10-17;2.62882800
2022-10-18;2.62725200
2022-10-19;2.64149600
2022-10-20;2.64126200
2022-10-21;2.64926500
2022-10-24;2.66587700
2022-10-25;2.71520700
2022-10-26;2.73842000
2022-10-27;2.71984500
2022-10-28;2.72566700
2022-11-02;2.68914000
2022-11-03;2.66942200
2022-11-04;2.69121000
2022-11-07;2.75284700
2022-11-08;2.76207400
2022-11-09;2.78183300
2022-11-10;2.85632300
2022-11-11;2.97695100
2022-11-14;2.94180200
2022-11-15;2.95851500
2022-11-16;2.95011800
2022-11-17;2.94544300
2022-11-18;2.98659100
2022-11-21;3.10359900
2022-11-22;3.06569300
2022-11-23;3.08550600
2022-11-24;3.02583400
2022-11-25;3.04079600
2022-11-28;3.04424600
2022-11-29;3.04573200
2022-11-30;3.03548100
2022-12-01;3.00582500
2022-12-02;3.04621600
2022-12-05;3.02709100
2022-12-06;2.97121200
2022-12-07;2.98773000
2022-12-08;2.94964700
2022-12-09;2.90274700
2022-12-12;2.88893700
2022-12-13;2.99861100
2022-12-14;2.98584600
2022-12-15;3.00521700
2022-12-16;2.99808600
2022-12-19;3.00232100
2022-12-20;2.97617500
2022-12-21;2.96473700
2022-12-22;2.96935200
2022-12-23;2.97150500
2022-12-27;2.96466400
2022-12-28;2.97185600
2022-12-29;2.91339600
2022-12-30;2.93006800
2022-12-31;2.93051800
2023-01-02;2.91686000
2023-01-03;2.93204700
2023-01-04;2.99677800
2023-01-05;3.04518100
2023-01-06;3.06592200
2023-01-09;3.07910800
2023-01-10;3.08515700
2023-01-11;3.11033400
2023-01-12;3.15852600
2023-01-13;3.18666000
2023-01-16;3.15287600
2023-01-17;3.10802600
2023-01-18;3.17940900
2023-01-19;3.16272800
2023-01-20;3.14980600
2023-01-23;3.14502900
2023-01-24;3.16582800
2023-01-25;3.17154400
2023-01-26;3.14442300
2023-01-27;3.12673600
2023-01-30;3.10107100
2023-01-31;3.10880900
2023-02-01;3.11703100
2023-02-02;3.14379200
2023-02-03;3.15637600
2023-02-06;3.11502800
2023-02-07;3.11637900
2023-02-08;3.11775700
2023-02-09;3.16253200
2023-02-10;3.11850700
2023-02-13;3.10183300
2023-02-14;3.10927900
2023-02-15;3.09684500
2023-02-16;3.05800600
2023-02-17;3.02853000
2023-02-20;3.02859200
2023-02-21;3.00851400
2023-02-22;3.05792800
2023-02-23;3.02611600
2023-02-24;3.05345000
2023-02-27;3.05993200
2023-02-28;3.05399600
2023-03-01;3.04515700
2023-03-02;3.03155800
2023-03-03;3.03706000
2023-03-06;3.05755800
2023-03-07;3.06278200
2023-03-08;3.04395400
2023-03-09;3.03545400
2023-03-10;3.04833400
2023-03-13;3.08451400
2023-03-14;3.05685100
2023-03-16;3.05644100
2023-03-17;3.05886000
2023-03-20;3.05680300
2023-03-21;3.06457400
2023-03-22;3.07187900
2023-03-23;3.09877200
2023-03-24;3.12364300
2023-03-27;3.12484900
2023-03-28;3.13098900
2023-03-29;3.12201200
2023-03-30;3.10614200
2023-03-31;3.09386600
2023-04-03;3.08815200
2023-04-04;3.09415700
2023-04-05;3.12100300
2023-04-06;3.12228700
2023-04-11;3.11292700
2023-04-12;3.07367400
2023-04-13;3.07849100
2023-04-14;3.08745200
2023-04-17;3.07070600
2023-04-18;3.07241000
2023-04-19;3.10689000
2023-04-20;3.12030600
2023-04-21;3.13648200
2023-04-24;3.16095100
2023-04-25;3.15334000
2023-04-26;3.18069900
2023-04-27;3.15596300
2023-04-28;3.18513000
2023-05-02;3.20068100
2023-05-03;3.19568200
2023-05-04;3.20156300
2023-05-05;3.19748400
2023-05-08;3.19565400
2023-05-09;3.19488200
2023-05-10;3.19961400
2023-05-11;3.20988300
2023-05-12;3.21404700
2023-05-15;3.21650700
2023-05-16;3.22775600
2023-05-17;3.22515000
2023-05-18;3.23340500
2023-05-19;3.22429000
2023-05-22;3.22998800
2023-05-23;3.21866600
2023-05-24;3.21951600
2023-05-25;3.21066000
2023-05-26;3.21166900
2023-05-30;3.22532600
2023-05-31;3.23369800
2023-06-01;3.26072700
2023-06-02;3.28039900
2023-06-05;3.28751700
2023-06-06;3.30576200
2023-06-07;3.29664300
2023-06-08;3.30442100
2023-06-09;3.32018900
2023-06-12;3.32794800
2023-06-13;3.33511800
2023-06-14;3.32989700
2023-06-15;3.31658100
2023-06-16;3.31873100
2023-06-19;3.30660700
2023-06-20;3.31557300
2023-06-21;3.32230100
2023-06-22;3.32137700
2023-06-23;3.32959500
2023-06-26;3.35229000
2023-06-27;3.35370400
2023-06-28;3.35313200
2023-06-29;3.35649600
2023-06-30;3.36644900
2023-07-03;3.36411200
2023-07-04;3.37137200
2023-07-05;3.37150100
2023-07-06;3.36341700
2023-07-07;3.30895400
2023-07-10;3.32674300
2023-07-11;3.33956500
2023-07-12;3.33571800
2023-07-13;3.36896900
2023-07-14;3.36739700
2023-07-17;3.37496100
2023-07-18;3.39029600
2023-07-19;3.38812400
2023-07-20;3.36158400
2023-07-21;3.35662600
2023-07-24;3.35776000
2023-07-25;3.35731600
2023-07-26;3.35232100
2023-07-27;3.35639100
2023-07-28;3.35614000
2023-07-31;3.35522600
2023-08-01;3.34105600
2023-08-02;3.34331400
2023-08-03;3.33407800
2023-08-04;3.32551100
2023-08-07;3.33680300
2023-08-08;3.34860400
2023-08-09;3.34155000
2023-08-10;3.34830100
2023-08-11;3.34900800
2023-08-14;3.35713400
2023-08-15;3.34826400
2023-08-16;3.35131400
2023-08-17;3.33663200
2023-08-18;3.34595300
2023-08-21;3.34355300
2023-08-22;3.34230100
2023-08-23;3.36107100
2023-08-24;3.37352800
2023-08-25;3.37711300
2023-08-28;3.38293700
2023-08-29;3.39124800
2023-08-30;3.40131900
2023-08-31;3.41312200
2023-09-01;3.41349000
2023-09-04;3.41087400
2023-09-05;3.40174500
2023-09-06;3.40058400
2023-09-07;3.41481000
2023-09-08;3.43488100
2023-09-11;3.42867400
2023-09-12;3.43676400
2023-09-13;3.43160900
2023-09-14;3.45279700
2023-09-15;3.44137100
2023-09-18;3.44479600
2023-09-19;3.45124500
2023-09-20;3.44512100
2023-09-21;3.43658300
2023-09-25;3.44179800
2023-09-26;3.43149800
2023-09-27;3.41711600
2023-09-28;3.38710100
2023-09-29;3.40672100
2023-10-02;3.40457600
2023-10-03;3.39409800
2023-10-04;3.38595100
2023-10-05;3.37811500
2023-10-06;3.37834900
2023-10-09;3.37557200
2023-10-10;3.40705000
2023-10-11;3.42793600
2023-10-12;3.43815700
2023-10-13;3.42169400
2023-10-16;3.41960300
2023-10-17;3.42143600
2023-10-18;3.41199300
2023-10-19;3.39707200
2023-10-20;3.39812600
2023-10-24;3.40204900
2023-10-25;3.39921700
2023-10-26;3.39511600
2023-10-27;3.41056900
2023-10-30;3.41161700
2023-10-31;3.42514800
2023-11-02;3.45103500
2023-11-03;3.47559800
2023-11-06;3.46641800
2023-11-07;3.46460900
2023-11-08;3.46821200
2023-11-09;3.46927700
2023-11-10;3.47339700
2023-11-13;3.46934200
2023-11-14;3.47091400
2023-11-15;3.48673200
2023-11-16;3.49994600
2023-11-17;3.50864300
2023-11-20;3.51054600
2023-11-21;3.53166700
2023-11-22;3.51801800
2023-11-23;3.50269700
2023-11-24;3.49403200
2023-11-27;3.50143400
2023-11-28;3.50691700
2023-11-29;3.52862600
2023-11-30;3.53280000
2023-12-01;3.53481900
2023-12-04;3.55697900
2023-12-05;3.57178000
2023-12-06;3.57112800
2023-12-07;3.59491500
2023-12-08;3.58283000
2023-12-11;3.57685400
2023-12-12;3.59080700
2023-12-13;3.59343200
2023-12-14;3.63435500
2023-12-15;3.65941500
2023-12-18;3.65877000
2023-12-19;3.66537500
2023-12-20;3.69617800
2023-12-21;3.68040900
2023-12-22;3.68370900
2023-12-27;3.68806600
2023-12-28;3.68106600
2023-12-29;3.67828200
2023-12-31;3.67895000
2024-01-02;3.65527300
2024-01-03;3.65026200
2024-01-04;3.65009100
2024-01-05;3.64146600
2024-01-08;3.65159600
2024-01-09;3.67115600
2024-01-10;3.68323200
2024-01-11;3.71153400
2024-01-12;3.72302600
2024-01-15;3.71999800
2024-01-16;3.71441100
2024-01-17;3.71127100
2024-01-18;3.70742400
2024-01-19;3.70528100
2024-01-22;3.71132800
2024-01-23;3.69880300
2024-01-24;3.69391300
2024-01-25;3.68414300
2024-01-26;3.68320500
2024-01-29;3.67506000
2024-01-30;3.67593400
2024-01-31;3.69808400
2024-02-01;3.71594100
2024-02-02;3.72745700
2024-02-05;3.69325200
2024-02-06;3.69218800
2024-02-07;3.68229500
2024-02-08;3.69388100
2024-02-09;3.70651000
2024-02-12;3.69610200
2024-02-13;3.68373200
2024-02-14;3.68558000
2024-02-15;3.69476500
2024-02-16;3.69209700
2024-02-19;3.68717600
2024-02-20;3.69230200
2024-02-21;3.70692100
2024-02-22;3.70347900
2024-02-23;3.70368200
2024-02-26;3.70994200
2024-02-27;3.70767800
2024-02-28;3.69308600
2024-02-29;3.69134300
2024-03-01;3.70030700
2024-03-04;3.69991400
2024-03-05;3.70248700
2024-03-06;3.70633400
2024-03-07;3.70098500
2024-03-08;3.70871400
2024-03-11;3.71039400
2024-03-12;3.70137900
2024-03-13;3.69131700
2024-03-14;3.69031100
2024-03-18;3.66656100
2024-03-19;3.67052200
2024-03-20;3.67213400
2024-03-21;3.68152900
2024-03-22;3.67082600
2024-03-25;3.66988800
2024-03-26;3.67124500
2024-03-27;3.66461900
2024-03-28;3.66064100
2024-04-02;3.66191300
2024-04-03;3.65374400
2024-04-04;3.65684100
2024-04-05;3.65895000
2024-04-08;3.64672300
2024-04-09;3.65421900
2024-04-10;3.65636700
2024-04-11;3.63306500
2024-04-12;3.65211100
2024-04-15;3.63923000
2024-04-16;3.61706400
2024-04-17;3.61712800
2024-04-18;3.62483800
2024-04-19;3.62186900
2024-04-22;3.62274900
2024-04-23;3.63545300
2024-04-24;3.63401700
2024-04-25;3.63148400
2024-04-26;3.62207300
2024-04-29;3.63074200
2024-04-30;3.63184400
2024-05-02;3.64389900
2024-05-03;3.65949300
2024-05-06;3.67074000
2024-05-07;3.68319200
2024-05-08;3.68803000
2024-05-09;3.67586200
2024-05-10;3.67624900
2024-05-13;3.67358400
2024-05-14;3.68356700
2024-05-15;3.69786800
2024-05-16;3.70352100
2024-05-17;3.69652000
2024-05-21;3.69897500
2024-05-22;3.69369700
2024-05-23;3.68340000
2024-05-24;3.67616700
2024-05-27;3.66678500
2024-05-28;3.67128600
2024-05-29;3.67181100
2024-05-30;3.66612900
2024-05-31;3.67516200
2024-06-03;3.69089600
2024-06-04;3.69256500
2024-06-05;3.69392200
2024-06-06;3.70553600
2024-06-07;3.70845500
2024-06-10;3.69345100
2024-06-11;3.69441900
2024-06-12;3.69944300
2024-06-13;3.69997500
2024-06-14;3.68654900
2024-06-17;3.69120200
2024-06-18;3.69341700
2024-06-19;3.70638500
2024-06-20;3.70624300
2024-06-21;3.70252800
2024-06-24;3.70365100
2024-06-25;3.71382600
2024-06-26;3.71518400
2024-06-27;3.71163200
2024-06-28;3.71228700
2024-07-01;3.70815500
2024-07-02;3.69934900
2024-07-03;3.70311300
2024-07-04;3.70751300
2024-07-05;3.71094300
2024-07-08;3.71393600
2024-07-09;3.72623600
2024-07-10;3.73455200
2024-07-11;3.74129100
2024-07-12;3.76323400
2024-07-15;3.77187500
2024-07-16;3.77757600
2024-07-17;3.76511100
2024-07-18;3.76557100
2024-07-19;3.76599100
2024-07-22;3.76943300
2024-07-23;3.77599100
2024-07-24;3.77435300
2024-07-25;3.77828000
2024-07-26;3.77377200
2024-07-29;3.78707800
2024-07-30;3.80485000
2024-07-31;3.80481700
2024-08-01;3.81120900
2024-08-02;3.82641600
2024-08-05;3.85837600
2024-08-06;3.83882300
2024-08-07;3.82524900
2024-08-08;3.81507600
2024-08-09;3.80522600
2024-08-12;3.79675100
2024-08-13;3.81237600
2024-08-14;3.82535700
2024-08-15;3.82961200
2024-08-16;3.81866100
2024-08-21;3.82084500
2024-08-22;3.82291000
2024-08-23;3.82222000
2024-08-26;3.83339400
2024-08-27;3.83389500
2024-08-28;3.82631600
2024-08-29;3.82476600
2024-08-30;3.83347300
2024-09-02;3.82715600
2024-09-03;3.82651100
2024-09-04;3.83374300
2024-09-05;3.84836000
2024-09-06;3.85139100
2024-09-09;3.84459600
2024-09-10;3.85455200
2024-09-11;3.85787500
2024-09-12;3.85360300
2024-09-13;3.85227400
2024-09-16;3.85444300
2024-09-17;3.85570300
2024-09-18;3.85384600
2024-09-19;3.85180600
2024-09-20;3.84849200
2024-09-23;3.85018900
2024-09-24;3.85414100
2024-09-25;3.85972200
2024-09-26;3.86709400
2024-09-27;3.87231800
2024-09-30;3.87601300
2024-10-01;3.87580000
2024-10-02;3.86737600
2024-10-03;3.84822600
2024-10-04;3.84616900
2024-10-07;3.82521600
2024-10-08;3.83827600
2024-10-09;3.84898300
2024-10-10;3.84908500
2024-10-11;3.84716700
2024-10-14;3.83457800
2024-10-15;3.83992100
2024-10-16;3.84871200
2024-10-17;3.83950700
2024-10-18;3.83462000
2024-10-21;3.81678200
2024-10-22;3.80551400
2024-10-24;3.80755700
2024-10-25;3.80603800
2024-10-28;3.79484300
2024-10-29;3.77802100
2024-10-30;3.79356700
2024-10-31;3.79273800
2024-11-04;3.79386600
2024-11-05;3.79043900
2024-11-06;3.78133100
2024-11-07;3.81270000
2024-11-08;3.82603600
2024-11-11;3.81371900
2024-11-12;3.81797400
2024-11-13;3.82089400
2024-11-14;3.82737400
2024-11-15;3.83485700
2024-11-18;3.83066900
2024-11-19;3.84103800
2024-11-20;3.83988300
2024-11-21;3.83638300
2024-11-22;3.85821600
2024-11-25;3.86849900
2024-11-26;3.88126900
2024-11-27;3.88452300
2024-11-28;3.86622200
2024-11-29;3.88004100
2024-12-02;3.88006300
2024-12-03;3.87252000
2024-12-04;3.86267400
2024-12-05;3.86540600
2024-12-06;3.86357700
2024-12-09;3.87355900
2024-12-10;3.88428200
2024-12-11;3.88605400
2024-12-12;3.89049300
2024-12-13;3.88389800
2024-12-16;3.87365800
2024-12-17;3.85584200
2024-12-18;3.86585900
2024-12-19;3.85204400
2024-12-20;3.84973400
2024-12-23;3.85335000
2024-12-30;3.85156600
2024-12-31;3.85188900
2025-01-02;3.84644200
2025-01-03;3.83788200
2025-01-06;3.83670000
2025-01-07;3.82871100
2025-01-08;3.82344000
2025-01-09;3.83076200
2025-01-10;3.82289600
2025-01-13;3.80829600
2025-01-14;3.80913500
2025-01-15;3.81557900
2025-01-16;3.82327700
2025-01-17;3.82959800
2025-01-20;3.82718200
2025-01-21;3.83114800
2025-01-22;3.84469900
2025-01-23;3.84888600
2025-01-24;3.85825100
2025-01-27;3.85924500
2025-01-28;3.85822500
2025-01-29;3.86829300
2025-01-30;3.87124100
2025-01-31;3.87154700
2025-02-03;3.85905800
2025-02-04;3.86224500
2025-02-05;3.87377000
2025-02-06;3.88652400
2025-02-07;3.88988700
2025-02-10;3.88265700
2025-02-11;3.86896300
2025-02-12;3.86192700
2025-02-13;3.86835400
2025-02-14;3.87434800
2025-02-17;3.87637300
2025-02-18;3.87427600
2025-02-19;3.87153800
2025-02-20;3.87288700
2025-02-21;3.87679900
2025-02-24;3.88182900
2025-02-25;3.88277000
2025-02-26;3.88621400
2025-02-27;3.89016000
2025-02-28;3.89052000
2025-03-03;3.88087100
2025-03-04;3.88907400
2025-03-05;3.87789000
2025-03-06;3.85916100
2025-03-07;3.86477100
2025-03-10;3.86580600
2025-03-11;3.85774700
2025-03-12;3.84282200
2025-03-13;3.83222700
2025-03-14;3.84203800
2025-03-17;3.84711600
2025-03-18;3.84544600
2025-03-19;3.84375000
2025-03-20;3.84599800
2025-03-21;3.84188400
2025-03-24;3.84045500
2025-03-25;3.84408700
2025-03-26;3.84921700
2025-03-27;3.84017700
2025-03-28;3.84363700
2025-03-31;3.84685500
2025-04-01;3.84838600
2025-04-02;3.86037600
2025-04-03;3.86823100
2025-04-04;3.88449700
2025-04-07;3.87390700
2025-04-08;3.87288700
2025-04-09;3.85548600
2025-04-10;3.86137000
2025-04-11;3.85747500
2025-04-14;3.87556000
2025-04-15;3.87612100
2025-04-16;3.87808000
2025-04-17;3.88053800
2025-04-22;3.89871100
2025-04-23;3.90123600
2025-04-24;3.90320300
2025-04-25;3.91133800
2025-04-28;3.92623300
2025-04-29;3.92724000
2025-04-30;3.92858700
2025-05-05;3.92173900
2025-05-06;3.91574900
2025-05-07;3.92029600
2025-05-08;3.92147600
2025-05-09;3.91989100
2025-05-12;3.91554600
2025-05-13;3.91623700
2025-05-14;3.91028500
2025-05-15;3.90318400
2025-05-16;3.91698500
2025-05-19;3.91218300
2025-05-20;3.91971200
2025-05-21;3.91271800
2025-05-22;3.91418700
2025-05-23;3.91532500
2025-05-26;3.91813200
2025-05-27;3.92302900
2025-05-28;3.92349300
2025-05-29;3.92542200
2025-06-02;3.92479100
2025-06-03;3.92932200
2025-06-04;3.92927300
2025-06-05;3.92896000
2025-06-06;3.92724400
2025-06-10;3.93485200
2025-06-11;3.92628500
2025-06-12;3.92599200
2025-06-13;3.92470700
2025-06-16;3.93036000
2025-06-17;3.93620500
2025-06-18;3.93471100
2025-06-19;3.93572600
2025-06-20;3.93130800
2025-06-23;3.93246400
2025-06-24;3.94128400
2025-06-25;3.93945300
2025-06-26;3.94608000
2025-06-27;3.94584800
2025-06-30;3.94791600
2025-07-01;3.95762200
2025-07-02;3.95283500
2025-07-03;3.95543500
2025-07-04;3.95723400
2025-07-07;3.95986600
2025-07-08;3.95382200
2025-07-09;3.95500500
2025-07-10;3.95996700
2025-07-11;3.95672900
2025-07-14;3.95838300
2025-07-15;3.96116100
2025-07-16;3.95767800
2025-07-17;3.95771500
2025-07-18;3.95942000
2025-07-21;3.96438200
2025-07-22;3.96281300
2025-07-23;3.96583700
2025-07-24;3.96286000
2025-07-25;3.95998500
2025-07-28;3.96272600
2025-07-29;3.95879400
2025-07-30;3.95907100
2025-07-31;3.94832200
2025-08-01;3.94847100
2025-08-04;3.96340600
2025-08-05;3.96347500
2025-08-06;3.96276200
2025-08-07;3.97102000
2025-08-08;3.97882500
2025-08-11;3.98151700
2025-08-12;3.97637900
2025-08-13;3.97741100
2025-08-14;3.97945500
2025-08-15;3.98150600
2025-08-18;3.98029900
2025-08-19;3.98028200
2025-08-21;3.97788200
2025-08-22;3.97458200
2025-08-25;3.97914200
2025-08-26;3.97948400
2025-08-27;3.97643400
2025-08-28;3.97543400
2025-08-29;3.97413200
2025-09-01;3.97364200
2025-09-02;3.96994000
2025-09-03;3.96935700
2025-09-04;3.97054100
2025-09-05;3.97262600
2025-09-08;3.98004800
2025-09-09;3.98141000
2025-09-10;3.97796700
2025-09-11;3.98227400
2025-09-12;3.98570400
2025-09-15;3.99165500
2025-09-16;3.99690000
2025-09-17;4.00171400
2025-09-18;4.00803300
2025-09-19;4.00499000
2025-09-22;4.01072000
2025-09-23;4.01399900
2025-09-24;4.01406500
2025-09-25;4.01318900
2025-09-26;4.00914700
2025-09-29;4.01321200
2025-09-30;4.01704100
2025-10-01;4.01115300
2025-10-02;4.01676400
2025-10-03;4.01481100
2025-10-06;4.01676200
2025-10-07;4.02143700
2025-10-08;4.02263700
2025-10-09;4.02514800
2025-10-10;4.02829400
2025-10-13;4.03019000
2025-10-14;4.03468200
2025-10-15;4.03494200
2025-10-16;4.03300200
2025-10-17;4.03422300
2025-10-20;4.03458400
2025-10-21;4.03576300
2025-10-22;4.03896400
2025-10-27;4.03898700
2025-10-28;4.04363000
2025-10-29;4.04563700
2025-10-30;4.04080300
2025-10-31;4.04001500
2025-11-03;4.04148300
2025-11-04;4.04202700
2025-11-05;4.03988700
2025-11-06;4.03872700
2025-11-07;4.03845600
2025-11-10;4.04806100
2025-11-11;4.03618700
2025-11-12;4.02473700
2025-11-13;4.02560000
2025-11-14;4.02707600
