datum;nee
1998-05-11;1.00000000
1998-05-12;1.00000000
1998-05-13;1.00271600
1998-05-14;1.00263800
1998-05-15;1.00246600
1998-05-16;1.00246600
1998-05-17;1.00246600
1998-05-18;1.00286900
1998-05-19;1.00407900
1998-05-20;1.00466500
1998-05-21;1.00508100
1998-05-22;1.01088800
1998-05-23;1.01088800
1998-05-24;1.01088800
1998-05-25;1.01386800
1998-05-26;1.01504700
1998-05-27;1.01544000
1998-05-28;1.01588600
1998-05-29;1.01629300
1998-05-30;1.01629300
1998-05-31;1.01629300
1998-06-01;1.01629300
1998-06-02;1.01670300
1998-06-03;1.02045900
1998-06-04;1.02086300
1998-06-05;1.02074500
1998-06-06;1.02074500
1998-06-07;1.02074500
1998-06-08;1.02035900
1998-06-09;1.02122300
1998-06-10;1.02170100
1998-06-11;1.02218500
1998-06-12;1.02251000
1998-06-13;1.02251000
1998-06-14;1.02251000
1998-06-15;1.02364000
1998-06-16;1.02538900
1998-06-17;1.02882800
1998-06-18;1.02943600
1998-06-19;1.03102600
1998-06-20;1.03102600
1998-06-21;1.03102600
1998-06-22;1.03142300
1998-06-23;1.03268300
1998-06-24;1.03307000
1998-06-25;1.03330800
1998-06-26;1.03361900
1998-06-27;1.03361900
1998-06-28;1.03361900
1998-06-29;1.03461900
1998-06-30;1.03588100
1998-07-01;1.03615400
1998-07-02;1.03621700
1998-07-03;1.03659500
1998-07-04;1.03659500
1998-07-05;1.03659500
1998-07-06;1.03698600
1998-07-07;1.03832500
1998-07-08;1.03881000
1998-07-09;1.03898500
1998-07-10;1.03912700
1998-07-11;1.03912700
1998-07-12;1.03912700
1998-07-13;1.04014500
1998-07-14;1.04066900
1998-07-15;1.04140000
1998-07-16;1.03897600
1998-07-17;1.04512000
1998-07-18;1.04512000
1998-07-19;1.04512000
1998-07-20;1.04350100
1998-07-21;1.04619000
1998-07-22;1.04556500
1998-07-23;1.04859100
1998-07-24;1.04896000
1998-07-25;1.04896000
1998-07-26;1.04896000
1998-07-27;1.04882600
1998-07-28;1.04990000
1998-07-29;1.05008600
1998-07-30;1.05015500
1998-07-31;1.05024100
1998-08-01;1.05024100
1998-08-02;1.05024100
1998-08-03;1.05140700
1998-08-04;1.05302400
1998-08-05;1.05326700
1998-08-06;1.05446800
1998-08-07;1.05445100
1998-08-08;1.05445100
1998-08-09;1.05445100
1998-08-10;1.05586700
1998-08-11;1.05750000
1998-08-12;1.05681900
1998-08-13;1.05322300
1998-08-14;1.05619500
1998-08-15;1.05619500
1998-08-16;1.05619500
1998-08-17;1.05571000
1998-08-18;1.05910100
1998-08-19;1.06182900
1998-08-20;1.06182900
1998-08-21;1.06182900
1998-08-22;1.06182900
1998-08-23;1.06182900
1998-08-24;1.06023000
1998-08-25;1.06045500
1998-08-26;1.06395500
1998-08-27;1.06287400
1998-08-28;1.05964300
1998-08-29;1.05964300
1998-08-30;1.05964300
1998-08-31;1.06573000
1998-09-01;1.06458500
1998-09-02;1.07029600
1998-09-03;1.06502500
1998-09-04;1.06479400
1998-09-05;1.06479400
1998-09-06;1.06479400
1998-09-07;1.06605200
1998-09-08;1.06701400
1998-09-09;1.06689500
1998-09-10;1.06844100
1998-09-11;1.06742500
1998-09-12;1.06742500
1998-09-13;1.06742500
1998-09-14;1.06781800
1998-09-15;1.06710900
1998-09-16;1.06872600
1998-09-17;1.07195100
1998-09-18;1.07273700
1998-09-19;1.07273700
1998-09-20;1.07273700
1998-09-21;1.07108500
1998-09-22;1.07262500
1998-09-23;1.07033800
1998-09-24;1.07060300
1998-09-25;1.06594900
1998-09-26;1.06594900
1998-09-27;1.06594900
1998-09-28;1.06377500
1998-09-29;1.06581500
1998-09-30;1.06395100
1998-10-01;1.07181900
1998-10-02;1.07660400
1998-10-03;1.07660400
1998-10-04;1.07660400
1998-10-05;1.07084900
1998-10-06;1.07297500
1998-10-07;1.07519000
1998-10-08;1.07025100
1998-10-09;1.07436800
1998-10-10;1.07436800
1998-10-11;1.07436800
1998-10-12;1.07325200
1998-10-13;1.07555700
1998-10-14;1.07640400
1998-10-15;1.07596100
1998-10-16;1.07704000
1998-10-17;1.07704000
1998-10-18;1.07704000
1998-10-19;1.07792000
1998-10-20;1.08233600
1998-10-21;1.08436800
1998-10-22;1.08604900
1998-10-23;1.08604900
1998-10-24;1.08604900
1998-10-25;1.08604900
1998-10-26;1.09062200
1998-10-27;1.09371100
1998-10-28;1.09446100
1998-10-29;1.09328600
1998-10-30;1.09387400
1998-10-31;1.09387400
1998-11-01;1.09387400
1998-11-02;1.09256700
1998-11-03;1.09733600
1998-11-04;1.09662800
1998-11-05;1.09378100
1998-11-06;1.09510600
1998-11-07;1.09510600
1998-11-08;1.09510600
1998-11-09;1.09500300
1998-11-10;1.09475000
1998-11-11;1.09589700
1998-11-12;1.09822700
1998-11-13;1.09814400
1998-11-14;1.09814400
1998-11-15;1.09814400
1998-11-16;1.10116100
1998-11-17;1.10388300
1998-11-18;1.10139300
1998-11-19;1.10231400
1998-11-20;1.10132200
1998-11-21;1.10132200
1998-11-22;1.10132200
1998-11-23;1.10334800
1998-11-24;1.10439900
1998-11-25;1.10688400
1998-11-26;1.10398800
1998-11-27;1.10392900
1998-11-28;1.10392900
1998-11-29;1.10392900
1998-11-30;1.10491100
1998-12-01;1.10601100
1998-12-02;1.10648700
1998-12-03;1.10700500
1998-12-04;1.10524700
1998-12-05;1.10524700
1998-12-06;1.10524700
1998-12-07;1.10806800
1998-12-08;1.10860700
1998-12-09;1.10743200
1998-12-10;1.10854100
1998-12-11;1.11159400
1998-12-12;1.11159400
1998-12-13;1.11159400
1998-12-14;1.11229300
1998-12-15;1.11201900
1998-12-16;1.11370700
1998-12-17;1.11492700
1998-12-18;1.11633800
1998-12-19;1.11633800
1998-12-20;1.11633800
1998-12-21;1.11664200
1998-12-22;1.11935700
1998-12-23;1.12088700
1998-12-24;1.12088700
1998-12-25;1.12088700
1998-12-26;1.12088700
1998-12-27;1.12088700
1998-12-28;1.12098400
1998-12-29;1.12334700
1998-12-30;1.12389900
1998-12-31;1.12446700
1999-01-01;1.12446700
1999-01-02;1.12446700
1999-01-03;1.12446700
1999-01-04;1.12446700
1999-01-05;1.12678200
1999-01-06;1.12714500
1999-01-07;1.12751500
1999-01-08;1.12788600
1999-01-09;1.12788600
1999-01-10;1.12788600
1999-01-11;1.13065100
1999-01-12;1.13093100
1999-01-13;1.13065800
1999-01-14;1.13129100
1999-01-15;1.13408700
1999-01-16;1.13408700
1999-01-17;1.13408700
1999-01-18;1.13414200
1999-01-19;1.13511600
1999-01-20;1.13389800
1999-01-21;1.13474700
1999-01-22;1.13627000
1999-01-23;1.13627000
1999-01-24;1.13627000
1999-01-25;1.13647200
1999-01-26;1.13686800
1999-01-27;1.13832000
1999-01-28;1.14038500
1999-01-29;1.13973100
1999-01-30;1.13973100
1999-01-31;1.13973100
1999-02-01;1.13990000
1999-02-02;1.14285900
1999-02-03;1.14238300
1999-02-04;1.14345200
1999-02-05;1.14368100
1999-02-06;1.14368100
1999-02-07;1.14368100
1999-02-08;1.14441700
1999-02-09;1.14635400
1999-02-10;1.14725800
1999-02-11;1.14646800
1999-02-12;1.14613700
1999-02-13;1.14613700
1999-02-14;1.14613700
1999-02-15;1.14661300
1999-02-16;1.14834400
1999-02-17;1.14834700
1999-02-18;1.14891100
1999-02-19;1.14829200
1999-02-20;1.14829200
1999-02-21;1.14829200
1999-02-22;1.15021000
1999-02-23;1.15294000
1999-02-24;1.15204400
1999-02-25;1.15169400
1999-02-26;1.14876500
1999-02-27;1.14876500
1999-02-28;1.14876500
1999-03-01;1.15275300
1999-03-02;1.15210300
1999-03-03;1.15342900
1999-03-04;1.15441500
1999-03-05;1.15335900
1999-03-06;1.15335900
1999-03-07;1.15335900
1999-03-08;1.15530400
1999-03-09;1.15626200
1999-03-10;1.15798000
1999-03-11;1.16314800
1999-03-12;1.16359700
1999-03-13;1.16359700
1999-03-14;1.16359700
1999-03-15;1.16359700
1999-03-16;1.16128300
1999-03-17;1.16179800
1999-03-18;1.16121100
1999-03-19;1.16005900
1999-03-20;1.16005900
1999-03-21;1.16005900
1999-03-22;1.16366000
1999-03-23;1.16216700
1999-03-24;1.16575500
1999-03-25;1.16094500
1999-03-26;1.16063100
1999-03-27;1.16063100
1999-03-28;1.16063100
1999-03-29;1.16747800
1999-03-30;1.16570100
1999-03-31;1.16285800
1999-04-01;1.16337400
1999-04-02;1.16818400
1999-04-03;1.16818400
1999-04-04;1.16818400
1999-04-05;1.16818400
1999-04-06;1.17528300
1999-04-07;1.17523600
1999-04-08;1.17254600
1999-04-09;1.17323200
1999-04-10;1.17323200
1999-04-11;1.17323200
1999-04-12;1.17479300
1999-04-13;1.18132300
1999-04-14;1.17578500
1999-04-15;1.17810900
1999-04-16;1.17107000
1999-04-17;1.17107000
1999-04-18;1.17107000
1999-04-19;1.17270700
1999-04-20;1.17416700
1999-04-21;1.17940800
1999-04-22;1.16340500
1999-04-23;1.17809200
1999-04-24;1.17809200
1999-04-25;1.17809200
1999-04-26;1.17607800
1999-04-27;1.17712600
1999-04-28;1.17925300
1999-04-29;1.17812800
1999-04-30;1.18140900
1999-05-01;1.18140900
1999-05-02;1.18140900
1999-05-03;1.17987900
1999-05-04;1.18048300
1999-05-05;1.18152500
1999-05-06;1.18351300
1999-05-07;1.18589800
1999-05-08;1.18589800
1999-05-09;1.18589800
1999-05-10;1.18876200
1999-05-11;1.18846900
1999-05-12;1.18026000
1999-05-13;1.18698900
1999-05-14;1.18527900
1999-05-15;1.18527900
1999-05-16;1.18527900
1999-05-17;1.18429000
1999-05-18;1.18310800
1999-05-19;1.18898800
1999-05-20;1.18661800
1999-05-21;1.19061200
1999-05-22;1.19061200
1999-05-23;1.19061200
1999-05-24;1.19061200
1999-05-25;1.19140400
1999-05-26;1.18921500
1999-05-27;1.18936200
1999-05-28;1.18716900
1999-05-29;1.18716900
1999-05-30;1.18716900
1999-05-31;1.18671600
1999-06-01;1.19037100
1999-06-02;1.19086900
1999-06-03;1.19338300
1999-06-04;1.19365700
1999-06-05;1.19365700
1999-06-06;1.19365700
1999-06-07;1.19319200
1999-06-08;1.19403800
1999-06-09;1.19305800
1999-06-10;1.19410900
1999-06-11;1.19441700
1999-06-12;1.19441700
1999-06-13;1.19441700
1999-06-14;1.19724300
1999-06-15;1.19873900
1999-06-16;1.19898800
1999-06-17;1.19852600
1999-06-18;1.19785100
1999-06-19;1.19785100
1999-06-20;1.19785100
1999-06-21;1.19811500
1999-06-22;1.19950400
1999-06-23;1.19961100
1999-06-24;1.19969300
1999-06-25;1.20121000
1999-06-26;1.20121000
1999-06-27;1.20121000
1999-06-28;1.20171900
1999-06-29;1.20192200
1999-06-30;1.20144300
1999-07-01;1.20327300
1999-07-02;1.20294900
1999-07-03;1.20294900
1999-07-04;1.20294900
1999-07-05;1.20366500
1999-07-06;1.20376900
1999-07-07;1.20546800
1999-07-08;1.20737400
1999-07-09;1.20806100
1999-07-10;1.20806100
1999-07-11;1.20806100
1999-07-12;1.20815000
1999-07-13;1.20986700
1999-07-14;1.20992100
1999-07-15;1.21057100
1999-07-16;1.21026900
1999-07-17;1.21026900
1999-07-18;1.21026900
1999-07-19;1.21027900
1999-07-20;1.21081700
1999-07-21;1.21077400
1999-07-22;1.21181500
1999-07-23;1.21122700
1999-07-24;1.21122700
1999-07-25;1.21122700
1999-07-26;1.21549300
1999-07-27;1.21556300
1999-07-28;1.21530900
1999-07-29;1.21643000
1999-07-30;1.22051100
1999-07-31;1.22051100
1999-08-01;1.22051100
1999-08-02;1.21733300
1999-08-03;1.21693700
1999-08-04;1.22134800
1999-08-05;1.22145800
1999-08-06;1.22200200
1999-08-07;1.22200200
1999-08-08;1.22200200
1999-08-09;1.22219500
1999-08-10;1.22261900
1999-08-11;1.22464000
1999-08-12;1.22372700
1999-08-13;1.22353800
1999-08-14;1.22353800
1999-08-15;1.22353800
1999-08-16;1.22695900
1999-08-17;1.22637100
1999-08-18;1.22678600
1999-08-19;1.22715900
1999-08-20;1.22715900
1999-08-21;1.22715900
1999-08-22;1.22715900
1999-08-23;1.22799700
1999-08-24;1.22887800
1999-08-25;1.22770200
1999-08-26;1.23156400
1999-08-27;1.22916000
1999-08-28;1.22916000
1999-08-29;1.22916000
1999-08-30;1.23272700
1999-08-31;1.23224500
1999-09-01;1.23554300
1999-09-02;1.23366200
1999-09-03;1.23523700
1999-09-04;1.23523700
1999-09-05;1.23523700
1999-09-06;1.23231500
1999-09-07;1.23407300
1999-09-08;1.23522500
1999-09-09;1.23511600
1999-09-10;1.23474800
1999-09-11;1.23474800
1999-09-12;1.23474800
1999-09-13;1.23348500
1999-09-14;1.23539200
1999-09-15;1.24037500
1999-09-16;1.23818300
1999-09-17;1.23818400
1999-09-18;1.23818400
1999-09-19;1.23818400
1999-09-20;1.24021200
1999-09-21;1.24287700
1999-09-22;1.24422600
1999-09-23;1.24360200
1999-09-24;1.24257600
1999-09-25;1.24257600
1999-09-26;1.24257600
1999-09-27;1.24131900
1999-09-28;1.24267600
1999-09-29;1.24571700
1999-09-30;1.24541600
1999-10-01;1.24413200
1999-10-02;1.24413200
1999-10-03;1.24413200
1999-10-04;1.24573700
1999-10-05;1.24847100
1999-10-06;1.24602000
1999-10-07;1.24880800
1999-10-08;1.24793000
1999-10-09;1.24793000
1999-10-10;1.24793000
1999-10-11;1.24901000
1999-10-12;1.25003700
1999-10-13;1.25134600
1999-10-14;1.25291600
1999-10-15;1.25154100
1999-10-16;1.25154100
1999-10-17;1.25154100
1999-10-18;1.25181000
1999-10-19;1.24973200
1999-10-20;1.25290600
1999-10-21;1.25318600
1999-10-22;1.25410500
1999-10-23;1.25410500
1999-10-24;1.25410500
1999-10-25;1.25694900
1999-10-26;1.25483300
1999-10-27;1.25648000
1999-10-28;1.25890000
1999-10-29;1.25780100
1999-10-30;1.25780100
1999-10-31;1.25780100
1999-11-01;1.25578600
1999-11-02;1.26087800
1999-11-03;1.25921400
1999-11-04;1.25764600
1999-11-05;1.26104200
1999-11-06;1.26104200
1999-11-07;1.26104200
1999-11-08;1.26152100
1999-11-09;1.26222500
1999-11-10;1.26249600
1999-11-11;1.26382500
1999-11-12;1.26347100
1999-11-13;1.26347100
1999-11-14;1.26347100
1999-11-15;1.26352600
1999-11-16;1.26478800
1999-11-17;1.26618900
1999-11-18;1.26660900
1999-11-19;1.26637700
1999-11-20;1.26637700
1999-11-21;1.26637700
1999-11-22;1.26833100
1999-11-23;1.26964000
1999-11-24;1.26970100
1999-11-25;1.27072900
1999-11-26;1.26924400
1999-11-27;1.26924400
1999-11-28;1.26924400
1999-11-29;1.27294800
1999-11-30;1.27417500
1999-12-01;1.27435000
1999-12-02;1.27345200
1999-12-03;1.27471700
1999-12-04;1.27471700
1999-12-05;1.27471700
1999-12-06;1.27412100
1999-12-07;1.27816200
1999-12-08;1.27832500
1999-12-09;1.27815300
1999-12-10;1.27867200
1999-12-11;1.27867200
1999-12-12;1.27867200
1999-12-13;1.27886200
1999-12-14;1.28000200
1999-12-15;1.27996900
1999-12-16;1.27911800
1999-12-17;1.28156100
1999-12-18;1.28156100
1999-12-19;1.28156100
1999-12-20;1.28065200
1999-12-21;1.28223900
1999-12-22;1.28067200
1999-12-23;1.27835500
1999-12-24;1.27835500
1999-12-25;1.27835500
1999-12-26;1.27835500
1999-12-27;1.27906800
1999-12-28;1.28773800
1999-12-29;1.28506400
1999-12-30;1.28506400
1999-12-31;1.28506400
2000-01-01;1.28506400
2000-01-02;1.28506400
2000-01-03;1.28506400
2000-01-04;1.28987800
2000-01-05;1.29164900
2000-01-06;1.28952200
2000-01-07;1.29244500
2000-01-08;1.29244500
2000-01-09;1.29244500
2000-01-10;1.28951200
2000-01-11;1.29603200
2000-01-12;1.29500300
2000-01-13;1.29566300
2000-01-14;1.29515900
2000-01-15;1.29515900
2000-01-16;1.29515900
2000-01-17;1.29740100
2000-01-18;1.29711300
2000-01-19;1.29297300
2000-01-20;1.29814900
2000-01-21;1.30056700
2000-01-22;1.30056700
2000-01-23;1.30056700
2000-01-24;1.30123900
2000-01-25;1.30433100
2000-01-26;1.30095700
2000-01-27;1.30098800
2000-01-28;1.30353100
2000-01-29;1.30353100
2000-01-30;1.30353100
2000-01-31;1.30581800
2000-02-01;1.30273600
2000-02-02;1.30854700
2000-02-03;1.29662500
2000-02-04;1.28989700
2000-02-05;1.28989700
2000-02-06;1.28989700
2000-02-07;1.28844600
2000-02-08;1.29772800
2000-02-09;1.29796200
2000-02-10;1.29192700
2000-02-11;1.30047100
2000-02-12;1.30047100
2000-02-13;1.30047100
2000-02-14;1.28913100
2000-02-15;1.29637600
2000-02-16;1.29525300
2000-02-17;1.31101600
2000-02-18;1.29789900
2000-02-19;1.29789900
2000-02-20;1.29789900
2000-02-21;1.29536900
2000-02-22;1.30374400
2000-02-23;1.30347700
2000-02-24;1.30873800
2000-02-25;1.30615500
2000-02-26;1.30615500
2000-02-27;1.30615500
2000-02-28;1.30514200
2000-02-29;1.30629000
2000-03-01;1.30821300
2000-03-02;1.30893300
2000-03-03;1.30947400
2000-03-04;1.30947400
2000-03-05;1.30947400
2000-03-06;1.31023300
2000-03-07;1.30850500
2000-03-08;1.30925100
2000-03-09;1.31125400
2000-03-10;1.31381100
2000-03-11;1.31381100
2000-03-12;1.31381100
2000-03-13;1.31720300
2000-03-14;1.31325300
2000-03-15;1.31325300
2000-03-16;1.31847100
2000-03-17;1.31936500
2000-03-18;1.31936500
2000-03-19;1.31936500
2000-03-20;1.31816400
2000-03-21;1.32006500
2000-03-22;1.31860500
2000-03-23;1.32129400
2000-03-24;1.32116300
2000-03-25;1.32116300
2000-03-26;1.32116300
2000-03-27;1.32059700
2000-03-28;1.31870100
2000-03-29;1.31995400
2000-03-30;1.32584000
2000-03-31;1.32116900
2000-04-01;1.32116900
2000-04-02;1.32116900
2000-04-03;1.32333700
2000-04-04;1.32470700
2000-04-05;1.32739200
2000-04-06;1.32545600
2000-04-07;1.32533500
2000-04-08;1.32533500
2000-04-09;1.32533500
2000-04-10;1.32538100
2000-04-11;1.32792300
2000-04-12;1.32952200
2000-04-13;1.32643700
2000-04-14;1.33203800
2000-04-15;1.33203800
2000-04-16;1.33203800
2000-04-17;1.32764500
2000-04-18;1.33402500
2000-04-19;1.33060700
2000-04-20;1.33035400
2000-04-21;1.33400700
2000-04-22;1.33400700
2000-04-23;1.33400700
2000-04-24;1.33400700
2000-04-25;1.33165100
2000-04-26;1.33486100
2000-04-27;1.33655300
2000-04-28;1.33561300
2000-04-29;1.33561300
2000-04-30;1.33561300
2000-05-01;1.33561300
2000-05-02;1.33569400
2000-05-03;1.33714100
2000-05-04;1.33855100
2000-05-05;1.33955200
2000-05-06;1.33955200
2000-05-07;1.33955200
2000-05-08;1.33890500
2000-05-09;1.34160200
2000-05-10;1.34045000
2000-05-11;1.34147800
2000-05-12;1.34312900
2000-05-13;1.34312900
2000-05-14;1.34312900
2000-05-15;1.34294400
2000-05-16;1.34188200
2000-05-17;1.34375500
2000-05-18;1.34521000
2000-05-19;1.34265000
2000-05-20;1.34265000
2000-05-21;1.34265000
2000-05-22;1.34131700
2000-05-23;1.35014900
2000-05-24;1.34412100
2000-05-25;1.34747400
2000-05-26;1.34297100
2000-05-27;1.34297100
2000-05-28;1.34297100
2000-05-29;1.34022800
2000-05-30;1.34545300
2000-05-31;1.34580700
2000-06-01;1.34783200
2000-06-02;1.34986000
2000-06-03;1.34986000
2000-06-04;1.34986000
2000-06-05;1.35106700
2000-06-06;1.35150300
2000-06-07;1.35132100
2000-06-08;1.35050900
2000-06-09;1.35043500
2000-06-10;1.35043500
2000-06-11;1.35043500
2000-06-12;1.35043500
2000-06-13;1.35275200
2000-06-14;1.35373000
2000-06-15;1.35419500
2000-06-16;1.35082100
2000-06-17;1.35082100
2000-06-18;1.35082100
2000-06-19;1.35384200
2000-06-20;1.35331400
2000-06-21;1.35202800
2000-06-22;1.35519500
2000-06-23;1.35783200
2000-06-24;1.35783200
2000-06-25;1.35783200
2000-06-26;1.35797800
2000-06-27;1.35710700
2000-06-28;1.35838400
2000-06-29;1.35920400
2000-06-30;1.36112200
2000-07-01;1.36112200
2000-07-02;1.36112200
2000-07-03;1.36121100
2000-07-04;1.36166400
2000-07-05;1.36033600
2000-07-06;1.36211800
2000-07-07;1.36221200
2000-07-08;1.36221200
2000-07-09;1.36221200
2000-07-10;1.36024600
2000-07-11;1.36428400
2000-07-12;1.36527700
2000-07-13;1.36473800
2000-07-14;1.36715700
2000-07-15;1.36715700
2000-07-16;1.36715700
2000-07-17;1.36594500
2000-07-18;1.36556300
2000-07-19;1.36494500
2000-07-20;1.36681800
2000-07-21;1.36575000
2000-07-22;1.36575000
2000-07-23;1.36575000
2000-07-24;1.36770900
2000-07-25;1.37008700
2000-07-26;1.36741000
2000-07-27;1.36692100
2000-07-28;1.36784600
2000-07-29;1.36784600
2000-07-30;1.36784600
2000-07-31;1.36586300
2000-08-01;1.36820700
2000-08-02;1.36967400
2000-08-03;1.37270500
2000-08-04;1.37269000
2000-08-05;1.37269000
2000-08-06;1.37269000
2000-08-07;1.37150400
2000-08-08;1.37170000
2000-08-09;1.37131800
2000-08-10;1.37022800
2000-08-11;1.37594200
2000-08-12;1.37594200
2000-08-13;1.37594200
2000-08-14;1.37607000
2000-08-15;1.37515300
2000-08-16;1.37443100
2000-08-17;1.37499100
2000-08-18;1.37344400
2000-08-19;1.37344400
2000-08-20;1.37344400
2000-08-21;1.37562700
2000-08-22;1.37981000
2000-08-23;1.37649800
2000-08-24;1.37787600
2000-08-25;1.37454100
2000-08-26;1.37454100
2000-08-27;1.37454100
2000-08-28;1.37778700
2000-08-29;1.37615800
2000-08-30;1.37862200
2000-08-31;1.37947300
2000-09-01;1.37847400
2000-09-02;1.37847400
2000-09-03;1.37847400
2000-09-04;1.37848400
2000-09-05;1.38220900
2000-09-06;1.38283700
2000-09-07;1.38064900
2000-09-08;1.38058800
2000-09-09;1.38058800
2000-09-10;1.38058800
2000-09-11;1.38074100
2000-09-12;1.38382900
2000-09-13;1.38291100
2000-09-14;1.38542600
2000-09-15;1.38308100
2000-09-16;1.38308100
2000-09-17;1.38308100
2000-09-18;1.38331600
2000-09-19;1.38054600
2000-09-20;1.38678200
2000-09-21;1.38762800
2000-09-22;1.38747600
2000-09-23;1.38747600
2000-09-24;1.38747600
2000-09-25;1.39007200
2000-09-26;1.38569200
2000-09-27;1.39087700
2000-09-28;1.38665600
2000-09-29;1.38906700
2000-09-30;1.38906700
2000-10-01;1.38906700
2000-10-02;1.39050200
2000-10-03;1.38570400
2000-10-04;1.39231700
2000-10-05;1.39462700
2000-10-06;1.39262800
2000-10-07;1.39262800
2000-10-08;1.39262800
2000-10-09;1.39309800
2000-10-10;1.39445800
2000-10-11;1.39279500
2000-10-12;1.39161300
2000-10-13;1.39230500
2000-10-14;1.39230500
2000-10-15;1.39230500
2000-10-16;1.39060800
2000-10-17;1.38804500
2000-10-18;1.39083700
2000-10-19;1.39014000
2000-10-20;1.38900000
2000-10-21;1.38900000
2000-10-22;1.38900000
2000-10-23;1.38900000
2000-10-24;1.39420100
2000-10-25;1.39088700
2000-10-26;1.39274000
2000-10-27;1.39512200
2000-10-28;1.39512200
2000-10-29;1.39512200
2000-10-30;1.39315000
2000-10-31;1.39550300
2000-11-01;1.39550300
2000-11-02;1.39480700
2000-11-03;1.39415500
2000-11-04;1.39415500
2000-11-05;1.39415500
2000-11-06;1.39739800
2000-11-07;1.39649900
2000-11-08;1.39678100
2000-11-09;1.39486800
2000-11-10;1.39509400
2000-11-11;1.39509400
2000-11-12;1.39509400
2000-11-13;1.39550900
2000-11-14;1.39994000
2000-11-15;1.39772100
2000-11-16;1.40017200
2000-11-17;1.40212100
2000-11-18;1.40212100
2000-11-19;1.40212100
2000-11-20;1.40160500
2000-11-21;1.40048200
2000-11-22;1.40404400
2000-11-23;1.40387600
2000-11-24;1.40392900
2000-11-25;1.40392900
2000-11-26;1.40392900
2000-11-27;1.40618000
2000-11-28;1.40641800
2000-11-29;1.40743500
2000-11-30;1.40816700
2000-12-01;1.40725000
2000-12-02;1.40725000
2000-12-03;1.40725000
2000-12-04;1.40725000
2000-12-05;1.40725000
2000-12-06;1.40725000
2000-12-07;1.40871100
2000-12-08;1.41086500
2000-12-09;1.41086500
2000-12-10;1.41086500
2000-12-11;1.41537200
2000-12-12;1.41480000
2000-12-13;1.41314000
2000-12-14;1.41085700
2000-12-15;1.41454000
2000-12-16;1.41454000
2000-12-17;1.41454000
2000-12-18;1.41260100
2000-12-19;1.41372400
2000-12-20;1.41372400
2000-12-21;1.40895900
2000-12-22;1.41710600
2000-12-23;1.41710600
2000-12-24;1.41710600
2000-12-25;1.40677800
2000-12-26;1.42021900
2000-12-27;1.41546800
2000-12-28;1.41712800
2000-12-29;1.42146500
2001-01-02;1.41913300
2001-01-03;1.42225400
2001-01-04;1.42261900
2001-01-05;1.42123200
2001-01-08;1.42354900
2001-01-09;1.42405700
2001-01-10;1.42289400
2001-01-11;1.42373000
2001-01-12;1.42567000
2001-01-15;1.42719700
2001-01-16;1.43043300
2001-01-17;1.43005400
2001-01-18;1.43125000
2001-01-19;1.42769800
2001-01-22;1.43358900
2001-01-23;1.43462100
2001-01-24;1.43579300
2001-01-25;1.43427800
2001-01-26;1.43514400
2001-01-29;1.43590500
2001-01-30;1.43737300
2001-01-31;1.43594000
2001-02-01;1.43625900
2001-02-02;1.43196300
2001-02-05;1.43492600
2001-02-06;1.43562700
2001-02-07;1.43733300
2001-02-08;1.43670300
2001-02-09;1.43628300
2001-02-12;1.43740600
2001-02-13;1.44095000
2001-02-14;1.44126700
2001-02-15;1.43934100
2001-02-16;1.44047700
2001-02-19;1.43945400
2001-02-20;1.44063600
2001-02-21;1.44102900
2001-02-22;1.44250600
2001-02-23;1.44232500
2001-02-26;1.44293500
2001-02-27;1.44439800
2001-02-28;1.44211200
2001-03-01;1.44252800
2001-03-02;1.44037200
2001-03-05;1.44288200
2001-03-06;1.44397400
2001-03-07;1.44013600
2001-03-08;1.44150000
2001-03-09;1.44419400
2001-03-10;1.44560900
2001-03-12;1.44431900
2001-03-13;1.44584100
2001-03-14;1.44744200
2001-03-19;1.44652900
2001-03-20;1.45154500
2001-03-21;1.45051900
2001-03-22;1.45207600
2001-03-23;1.45176900
2001-03-26;1.45150400
2001-03-27;1.44914000
2001-03-28;1.45711100
2001-03-29;1.45365400
2001-03-30;1.45794300
2001-04-02;1.45581700
2001-04-03;1.45866200
2001-04-04;1.45856000
2001-04-05;1.46066900
2001-04-06;1.45911500
2001-04-09;1.45717100
2001-04-10;1.46228500
2001-04-11;1.45905100
2001-04-12;1.45835600
2001-04-13;1.45973400
2001-04-17;1.46223700
2001-04-18;1.46195300
2001-04-19;1.46070600
2001-04-20;1.46009200
2001-04-23;1.46670000
2001-04-24;1.46324800
2001-04-25;1.46555200
2001-04-26;1.46527000
2001-04-27;1.46461500
2001-04-28;1.46364300
2001-05-02;1.46579200
2001-05-03;1.46708200
2001-05-04;1.46863600
2001-05-07;1.46983500
2001-05-08;1.47092400
2001-05-09;1.47100700
2001-05-10;1.47333700
2001-05-11;1.47260700
2001-05-14;1.47197400
2001-05-15;1.47467800
2001-05-16;1.47562900
2001-05-17;1.47520400
2001-05-18;1.47546000
2001-05-21;1.47482200
2001-05-22;1.47637700
2001-05-23;1.47560800
2001-05-24;1.47408300
2001-05-25;1.47494500
2001-05-28;1.47488700
2001-05-29;1.47290000
2001-05-30;1.47414900
2001-05-31;1.47592100
2001-06-01;1.47594500
2001-06-05;1.47702200
2001-06-06;1.47733600
2001-06-07;1.47682900
2001-06-08;1.47967100
2001-06-11;1.47945100
2001-06-12;1.48253100
2001-06-13;1.48152400
2001-06-14;1.48161700
2001-06-15;1.48093300
2001-06-18;1.48590400
2001-06-19;1.48754300
2001-06-20;1.48561200
2001-06-21;1.48631200
2001-06-22;1.48771300
2001-06-25;1.48961100
2001-06-26;1.48736400
2001-06-27;1.49025700
2001-06-28;1.49108800
2001-06-29;1.49138800
2001-07-02;1.49312400
2001-07-03;1.49291400
2001-07-04;1.49162600
2001-07-05;1.49245400
2001-07-06;1.49190100
2001-07-09;1.49277800
2001-07-10;1.49357000
2001-07-11;1.49098600
2001-07-12;1.49352700
2001-07-13;1.49310300
2001-07-16;1.49359100
2001-07-17;1.49473000
2001-07-18;1.49746500
2001-07-19;1.49611600
2001-07-20;1.49838800
2001-07-23;1.49728900
2001-07-24;1.49805800
2001-07-25;1.49641600
2001-07-26;1.49808400
2001-07-27;1.49944700
2001-07-30;1.50000700
2001-07-31;1.49754200
2001-08-01;1.49870600
2001-08-02;1.49840900
2001-08-03;1.50102700
2001-08-06;1.50015700
2001-08-07;1.50102400
2001-08-08;1.50022300
2001-08-09;1.50029800
2001-08-10;1.50127100
2001-08-13;1.50403600
2001-08-14;1.50396900
2001-08-15;1.50976300
2001-08-16;1.50684700
2001-08-17;1.50696100
2001-08-21;1.50787600
2001-08-22;1.50717400
2001-08-23;1.50705200
2001-08-24;1.50948600
2001-08-27;1.51043200
2001-08-28;1.50839600
2001-08-29;1.50533500
2001-08-30;1.50751800
2001-08-31;1.50728300
2001-09-03;1.51022700
2001-09-04;1.50920700
2001-09-05;1.50939000
2001-09-06;1.50944400
2001-09-07;1.51371600
2001-09-10;1.51055300
2001-09-11;1.51629000
2001-09-12;1.51102400
2001-09-13;1.51801900
2001-09-14;1.52278100
2001-09-17;1.51243100
2001-09-18;1.51916100
2001-09-19;1.53006700
2001-09-20;1.52409300
2001-09-21;1.51838000
2001-09-24;1.52412600
2001-09-25;1.52436900
2001-09-26;1.52849700
2001-09-27;1.52766300
2001-09-28;1.53055900
2001-10-01;1.53061100
2001-10-02;1.53049600
2001-10-03;1.52566700
2001-10-04;1.53477300
2001-10-05;1.53221100
2001-10-08;1.53006700
2001-10-09;1.53304400
2001-10-10;1.52864900
2001-10-11;1.53273800
2001-10-12;1.52940700
2001-10-15;1.55503500
2001-10-16;1.54982500
2001-10-17;1.54788200
2001-10-18;1.54489200
2001-10-19;1.54887800
2001-10-20;1.54907800
2001-10-24;1.54986500
2001-10-25;1.53772600
2001-10-26;1.53708900
2001-10-27;1.53732300
2001-10-29;1.53943800
2001-10-30;1.53948600
2001-10-31;1.54010000
2001-11-05;1.54390700
2001-11-06;1.54201500
2001-11-07;1.54215100
2001-11-08;1.54296300
2001-11-09;1.54295000
2001-11-12;1.54777000
2001-11-13;1.54716000
2001-11-14;1.54671200
2001-11-15;1.54661900
2001-11-16;1.54671000
2001-11-19;1.54831900
2001-11-20;1.54777600
2001-11-21;1.54775600
2001-11-22;1.55085000
2001-11-23;1.55071100
2001-11-26;1.55685000
2001-11-27;1.55624200
2001-11-28;1.55815800
2001-11-29;1.55657900
2001-11-30;1.55981100
2001-12-03;1.55938700
2001-12-04;1.56088200
2001-12-05;1.55609200
2001-12-06;1.55585000
2001-12-07;1.55449000
2001-12-10;1.55663400
2001-12-11;1.55706200
2001-12-12;1.55436400
2001-12-13;1.55273700
2001-12-14;1.55273200
2001-12-17;1.55704600
2001-12-18;1.56397200
2001-12-19;1.55851200
2001-12-20;1.55880400
2001-12-21;1.55698600
2001-12-22;1.55721200
2001-12-27;1.56042000
2001-12-28;1.55848200
2001-12-29;1.55865100
2002-01-02;1.56246100
2002-01-03;1.56133000
2002-01-04;1.56742400
2002-01-07;1.56575400
2002-01-08;1.56521700
2002-01-09;1.56784000
2002-01-10;1.56837600
2002-01-11;1.56861700
2002-01-14;1.56962900
2002-01-15;1.56856300
2002-01-16;1.57074700
2002-01-17;1.57228300
2002-01-18;1.57067700
2002-01-21;1.57106100
2002-01-22;1.57185300
2002-01-23;1.57160300
2002-01-24;1.57232500
2002-01-25;1.57343800
2002-01-28;1.57500100
2002-01-29;1.57492000
2002-01-30;1.57350000
2002-01-31;1.57679700
2002-02-01;1.57673400
2002-02-04;1.57719300
2002-02-05;1.57762800
2002-02-06;1.57797200
2002-02-07;1.57745700
2002-02-08;1.57858400
2002-02-11;1.57877400
2002-02-12;1.57987300
2002-02-13;1.57966100
2002-02-14;1.58220700
2002-02-15;1.58226000
2002-02-18;1.58218800
2002-02-19;1.58234700
2002-02-20;1.58312800
2002-02-21;1.58471100
2002-02-22;1.58318300
2002-02-25;1.58165900
2002-02-26;1.58231400
2002-02-27;1.58224300
2002-02-28;1.58036300
2002-03-01;1.58286400
2002-03-04;1.58529200
2002-03-05;1.58605400
2002-03-06;1.58766000
2002-03-07;1.58929600
2002-03-08;1.58514900
2002-03-11;1.58579000
2002-03-12;1.58708800
2002-03-13;1.58867100
2002-03-14;1.59099500
2002-03-18;1.58995800
2002-03-19;1.58886400
2002-03-20;1.58839100
2002-03-21;1.59043900
2002-03-22;1.59045100
2002-03-25;1.59175400
2002-03-26;1.58969800
2002-03-27;1.59191200
2002-03-28;1.58937600
2002-03-29;1.59363900
2002-04-02;1.59268900
2002-04-03;1.59209600
2002-04-04;1.59513600
2002-04-05;1.59642800
2002-04-08;1.60170300
2002-04-09;1.60101100
2002-04-10;1.59801600
2002-04-11;1.59863500
2002-04-12;1.59769400
2002-04-15;1.59445100
2002-04-16;1.60080100
2002-04-17;1.59800600
2002-04-18;1.60142100
2002-04-19;1.59884900
2002-04-22;1.60211600
2002-04-23;1.60171600
2002-04-24;1.60649600
2002-04-25;1.60288700
2002-04-26;1.60808600
2002-04-29;1.60981200
2002-04-30;1.60963700
2002-05-02;1.60732700
2002-05-03;1.60898000
2002-05-06;1.61053600
2002-05-07;1.60956300
2002-05-08;1.61121900
2002-05-09;1.61193500
2002-05-10;1.61170700
2002-05-13;1.61104300
2002-05-14;1.60965400
2002-05-15;1.60674000
2002-05-16;1.60543500
2002-05-17;1.60968300
2002-05-21;1.60657000
2002-05-22;1.60366100
2002-05-23;1.60529400
2002-05-24;1.60493900
2002-05-27;1.60559300
2002-05-28;1.60589900
2002-05-29;1.60642800
2002-05-30;1.60335600
2002-05-31;1.60511100
2002-06-03;1.60515600
2002-06-04;1.60407000
2002-06-05;1.60506800
2002-06-06;1.60642900
2002-06-07;1.60481900
2002-06-10;1.60713900
2002-06-11;1.60996400
2002-06-12;1.60767200
2002-06-13;1.60942400
2002-06-14;1.60824500
2002-06-17;1.60749100
2002-06-18;1.61021600
2002-06-19;1.60884500
2002-06-20;1.61037400
2002-06-21;1.60956400
2002-06-24;1.61095000
2002-06-25;1.61175100
2002-06-26;1.61011900
2002-06-27;1.61246700
2002-06-28;1.61121600
2002-07-01;1.61304800
2002-07-02;1.61539800
2002-07-03;1.61512300
2002-07-04;1.61488300
2002-07-05;1.61490100
2002-07-08;1.61481800
2002-07-09;1.61440000
2002-07-10;1.61687000
2002-07-11;1.61399600
2002-07-12;1.61649300
2002-07-15;1.61714200
2002-07-16;1.61863000
2002-07-17;1.61766000
2002-07-18;1.61910500
2002-07-19;1.61841400
2002-07-22;1.61836100
2002-07-23;1.61705100
2002-07-24;1.61623200
2002-07-25;1.61921800
2002-07-26;1.62085400
2002-07-29;1.62493700
2002-07-30;1.62359400
2002-07-31;1.62423700
2002-08-01;1.62327200
2002-08-02;1.62444800
2002-08-05;1.62218800
2002-08-06;1.62471500
2002-08-07;1.62278800
2002-08-08;1.62268800
2002-08-09;1.62575200
2002-08-12;1.63043700
2002-08-13;1.62526300
2002-08-14;1.62685700
2002-08-15;1.63287000
2002-08-16;1.63037100
2002-08-21;1.62961200
2002-08-22;1.63013600
2002-08-23;1.62935500
2002-08-26;1.62780400
2002-08-27;1.62986100
2002-08-28;1.63022100
2002-08-29;1.63048500
2002-08-30;1.63012700
2002-09-02;1.63163700
2002-09-03;1.63093600
2002-09-04;1.62995900
2002-09-05;1.62922600
2002-09-06;1.63380600
2002-09-09;1.63131000
2002-09-10;1.63285100
2002-09-11;1.63007600
2002-09-12;1.63316900
2002-09-13;1.63313600
2002-09-16;1.63293000
2002-09-17;1.62913800
2002-09-18;1.62854800
2002-09-19;1.63301800
2002-09-20;1.63662700
2002-09-23;1.63770000
2002-09-24;1.63253800
2002-09-25;1.63533300
2002-09-26;1.64319300
2002-09-27;1.64047400
2002-09-30;1.63996200
2002-10-01;1.64035800
2002-10-02;1.63810000
2002-10-03;1.63571000
2002-10-04;1.63522600
2002-10-07;1.63848800
2002-10-08;1.64322600
2002-10-09;1.65164800
2002-10-10;1.65248800
2002-10-11;1.64722100
2002-10-14;1.64856200
2002-10-15;1.65384400
2002-10-16;1.63911300
2002-10-17;1.66452800
2002-10-18;1.66664600
2002-10-21;1.66596900
2002-10-22;1.64868000
2002-10-24;1.65305000
2002-10-25;1.64695900
2002-10-28;1.64758200
2002-10-29;1.64914900
2002-10-30;1.65585300
2002-10-31;1.65619300
2002-11-04;1.65915800
2002-11-05;1.65954400
2002-11-06;1.66163400
2002-11-07;1.65904300
2002-11-08;1.66439900
2002-11-11;1.66425800
2002-11-12;1.66185900
2002-11-13;1.66319000
2002-11-14;1.65786100
2002-11-15;1.65743200
2002-11-18;1.65849100
2002-11-19;1.67234400
2002-11-20;1.67743300
2002-11-21;1.68699600
2002-11-22;1.68419300
2002-11-25;1.68684900
2002-11-26;1.67741600
2002-11-27;1.67711600
2002-11-28;1.66832600
2002-11-29;1.68272200
2002-12-02;1.68008000
2002-12-03;1.67353400
2002-12-04;1.67475500
2002-12-05;1.67971900
2002-12-06;1.67301300
2002-12-09;1.67175900
2002-12-10;1.66811400
2002-12-11;1.66167300
2002-12-12;1.66971300
2002-12-13;1.66486100
2002-12-16;1.67069000
2002-12-17;1.66789100
2002-12-18;1.65870000
2002-12-19;1.67180900
2002-12-20;1.66667300
2002-12-23;1.66969400
2002-12-27;1.67070100
2002-12-30;1.67856800
2002-12-31;1.68694100
2003-01-02;1.67872000
2003-01-03;1.68469900
2003-01-06;1.68164600
2003-01-07;1.68300700
2003-01-08;1.67954100
2003-01-09;1.67633300
2003-01-10;1.68056600
2003-01-13;1.68092300
2003-01-14;1.68043300
2003-01-15;1.68388500
2003-01-16;1.69232800
2003-01-17;1.68092300
2003-01-20;1.68187500
2003-01-21;1.68476200
2003-01-22;1.68116000
2003-01-23;1.68476400
2003-01-24;1.68602300
2003-01-27;1.68692800
2003-01-28;1.68561100
2003-01-29;1.69150800
2003-01-30;1.69096500
2003-01-31;1.69499200
2003-02-03;1.69221400
2003-02-04;1.69286200
2003-02-05;1.69607500
2003-02-06;1.69526200
2003-02-07;1.69411700
2003-02-10;1.69944900
2003-02-11;1.69846900
2003-02-12;1.69798600
2003-02-13;1.70239700
2003-02-14;1.69927600
2003-02-17;1.69944900
2003-02-18;1.69994000
2003-02-19;1.69834600
2003-02-20;1.70245900
2003-02-21;1.70130200
2003-02-24;1.70284600
2003-02-25;1.69963300
2003-02-26;1.70070800
2003-02-27;1.69939900
2003-02-28;1.70390100
2003-03-03;1.69990900
2003-03-04;1.69882200
2003-03-05;1.70143000
2003-03-06;1.70192500
2003-03-07;1.70043000
2003-03-10;1.70167700
2003-03-11;1.70277400
2003-03-12;1.70264200
2003-03-13;1.70424700
2003-03-14;1.70472500
2003-03-17;1.70668300
2003-03-18;1.70507700
2003-03-19;1.70723500
2003-03-20;1.70906600
2003-03-21;1.70615400
2003-03-24;1.71135100
2003-03-25;1.70814300
2003-03-26;1.71001800
2003-03-27;1.70658400
2003-03-28;1.71101800
2003-03-31;1.70592100
2003-04-01;1.71117500
2003-04-02;1.70889100
2003-04-03;1.70951000
2003-04-04;1.71006000
2003-04-07;1.71559500
2003-04-08;1.71296400
2003-04-09;1.71515900
2003-04-10;1.71301700
2003-04-11;1.71557800
2003-04-14;1.71320300
2003-04-15;1.71522800
2003-04-16;1.71169200
2003-04-17;1.71505100
2003-04-18;1.71322800
2003-04-22;1.71308100
2003-04-23;1.71406400
2003-04-24;1.71542100
2003-04-25;1.71626200
2003-04-26;1.71626200
2003-04-28;1.71689500
2003-04-29;1.71688000
2003-04-30;1.71710300
2003-05-05;1.71972200
2003-05-06;1.71843700
2003-05-07;1.71837700
2003-05-08;1.71906700
2003-05-09;1.71873800
2003-05-12;1.72075000
2003-05-13;1.72105500
2003-05-14;1.72287500
2003-05-15;1.72212100
2003-05-16;1.72285700
2003-05-19;1.72395800
2003-05-20;1.72281200
2003-05-21;1.72408800
2003-05-22;1.72575600
2003-05-23;1.72652900
2003-05-26;1.72406300
2003-05-27;1.72558000
2003-05-28;1.72737600
2003-05-29;1.72626100
2003-05-30;1.72795700
2003-06-02;1.72590500
2003-06-03;1.72451900
2003-06-04;1.72472000
2003-06-05;1.72229300
2003-06-06;1.72328100
2003-06-10;1.72124600
2003-06-11;1.72400300
2003-06-12;1.72417300
2003-06-13;1.72518500
2003-06-16;1.72375400
2003-06-17;1.71905100
2003-06-18;1.71674900
2003-06-19;1.71179300
2003-06-20;1.71540400
2003-06-23;1.71814800
2003-06-24;1.71803700
2003-06-25;1.71802100
2003-06-26;1.71587600
2003-06-27;1.71322300
2003-06-30;1.71410600
2003-07-01;1.71768900
2003-07-02;1.71701000
2003-07-03;1.71767400
2003-07-04;1.71990200
2003-07-07;1.71974700
2003-07-08;1.71892400
2003-07-09;1.72123600
2003-07-10;1.71827700
2003-07-11;1.72146000
2003-07-14;1.72221100
2003-07-15;1.72238900
2003-07-16;1.72227800
2003-07-17;1.72293200
2003-07-18;1.72063900
2003-07-21;1.71909700
2003-07-22;1.72178600
2003-07-23;1.72077000
2003-07-24;1.72178500
2003-07-25;1.72244600
2003-07-28;1.72521500
2003-07-29;1.72341000
2003-07-30;1.72478700
2003-07-31;1.72454600
2003-08-01;1.72184000
2003-08-04;1.72118600
2003-08-05;1.72160600
2003-08-06;1.72399900
2003-08-07;1.72553400
2003-08-08;1.72476700
2003-08-11;1.72630300
2003-08-12;1.72777700
2003-08-13;1.72895100
2003-08-14;1.72531800
2003-08-15;1.72509300
2003-08-18;1.72471900
2003-08-19;1.72462400
2003-08-21;1.72712200
2003-08-22;1.72780800
2003-08-25;1.72790600
2003-08-26;1.73051300
2003-08-27;1.73190600
2003-08-28;1.73148800
2003-08-29;1.73358700
2003-09-01;1.73375900
2003-09-02;1.73305600
2003-09-03;1.73424100
2003-09-04;1.73583200
2003-09-05;1.73815900
2003-09-08;1.73833000
2003-09-09;1.73779700
2003-09-10;1.73692800
2003-09-11;1.73873800
2003-09-12;1.73971600
2003-09-15;1.73825900
2003-09-16;1.73966800
2003-09-17;1.74176700
2003-09-18;1.74139000
2003-09-19;1.74256400
2003-09-22;1.74469500
2003-09-23;1.74472200
2003-09-24;1.74425700
2003-09-25;1.74566100
2003-09-26;1.74549000
2003-09-29;1.74650200
2003-09-30;1.74568400
2003-10-01;1.74700100
2003-10-02;1.74672800
2003-10-03;1.74685900
2003-10-06;1.74973500
2003-10-07;1.74777900
2003-10-08;1.74888500
2003-10-09;1.74979500
2003-10-10;1.74981400
2003-10-13;1.74901200
2003-10-14;1.75009800
2003-10-15;1.74918900
2003-10-16;1.74968100
2003-10-17;1.75037200
2003-10-18;1.75037200
2003-10-20;1.75128200
2003-10-21;1.75190200
2003-10-22;1.75155400
2003-10-27;1.75254000
2003-10-28;1.75405400
2003-10-29;1.75395300
2003-10-30;1.75265000
2003-10-31;1.74297200
2003-11-03;1.74416200
2003-11-04;1.74591600
2003-11-05;1.74941700
2003-11-06;1.74981900
2003-11-07;1.74906400
2003-11-10;1.74832300
2003-11-11;1.74379700
2003-11-12;1.73889900
2003-11-13;1.73756700
2003-11-14;1.73965600
2003-11-17;1.74304500
2003-11-18;1.74831100
2003-11-19;1.74627300
2003-11-20;1.74455300
2003-11-21;1.74547900
2003-11-24;1.74458600
2003-11-25;1.73008500
2003-11-26;1.72910800
2003-11-27;1.72469400
2003-11-28;1.70646100
2003-12-01;1.70720700
2003-12-02;1.67480400
2003-12-03;1.68434500
2003-12-04;1.69764900
2003-12-05;1.70333000
2003-12-08;1.70702200
2003-12-09;1.71114600
2003-12-10;1.72757400
2003-12-11;1.73003900
2003-12-12;1.73075800
2003-12-15;1.73288900
2003-12-16;1.73114400
2003-12-17;1.73019900
2003-12-18;1.72709300
2003-12-19;1.73082900
2003-12-22;1.73700000
2003-12-23;1.74011400
2003-12-29;1.74535400
2003-12-30;1.74195500
2003-12-31;1.74534300
2004-01-05;1.74133700
2004-01-06;1.74686600
2004-01-07;1.73718700
2004-01-08;1.74018200
2004-01-09;1.72626200
2004-01-10;1.72626200
2004-01-12;1.71556200
2004-01-13;1.71960600
2004-01-14;1.73098000
2004-01-15;1.72957800
2004-01-16;1.72789500
2004-01-19;1.73217600
2004-01-20;1.73644100
2004-01-21;1.73668800
2004-01-22;1.73971900
2004-01-23;1.73973100
2004-01-26;1.74774400
2004-01-27;1.74221400
2004-01-28;1.74295800
2004-01-29;1.74350300
2004-01-30;1.73531900
2004-02-02;1.73632700
2004-02-03;1.73298300
2004-02-04;1.73668200
2004-02-05;1.72962100
2004-02-06;1.72225100
2004-02-09;1.72646600
2004-02-10;1.72814400
2004-02-11;1.72704900
2004-02-12;1.72767900
2004-02-13;1.73071600
2004-02-16;1.73293700
2004-02-17;1.73420900
2004-02-18;1.73467200
2004-02-19;1.73343500
2004-02-20;1.73552400
2004-02-23;1.73285700
2004-02-24;1.73306500
2004-02-25;1.73612500
2004-02-26;1.73608700
2004-02-27;1.73931400
2004-03-01;1.74926900
2004-03-02;1.75005800
2004-03-03;1.74975500
2004-03-04;1.75729600
2004-03-05;1.75456400
2004-03-08;1.75832300
2004-03-09;1.75930100
2004-03-10;1.75871600
2004-03-11;1.76648800
2004-03-12;1.76981900
2004-03-16;1.76712500
2004-03-17;1.76697600
2004-03-18;1.76253400
2004-03-19;1.76545200
2004-03-22;1.77182000
2004-03-23;1.78322000
2004-03-24;1.78777600
2004-03-25;1.78253500
2004-03-26;1.78308600
2004-03-29;1.78579200
2004-03-30;1.78895000
2004-03-31;1.79356400
2004-04-01;1.79056600
2004-04-02;1.79065700
2004-04-05;1.79821100
2004-04-06;1.80002300
2004-04-07;1.80052000
2004-04-08;1.79643400
2004-04-09;1.79556400
2004-04-13;1.79420600
2004-04-14;1.79156400
2004-04-15;1.79118400
2004-04-16;1.79285800
2004-04-19;1.79880500
2004-04-20;1.80055200
2004-04-21;1.80007300
2004-04-22;1.79685100
2004-04-23;1.80046800
2004-04-26;1.79630500
2004-04-27;1.80081100
2004-04-28;1.80037500
2004-04-29;1.79408500
2004-04-30;1.79966900
2004-05-03;1.80724600
2004-05-04;1.80876700
2004-05-05;1.80930700
2004-05-06;1.80875500
2004-05-07;1.80500500
2004-05-10;1.79762000
2004-05-11;1.80000800
2004-05-12;1.80082500
2004-05-13;1.79900800
2004-05-14;1.79858600
2004-05-17;1.80323100
2004-05-18;1.80604000
2004-05-19;1.80574700
2004-05-20;1.80656700
2004-05-21;1.80329000
2004-05-24;1.80112700
2004-05-25;1.80870200
2004-05-26;1.80723600
2004-05-27;1.80785200
2004-05-28;1.80878200
2004-06-01;1.80672500
2004-06-02;1.80776800
2004-06-03;1.81559900
2004-06-04;1.81185000
2004-06-07;1.81528100
2004-06-08;1.81527400
2004-06-09;1.81506400
2004-06-10;1.81313800
2004-06-11;1.81076500
2004-06-14;1.81049500
2004-06-15;1.81441400
2004-06-16;1.81223300
2004-06-17;1.80352800
2004-06-18;1.80322300
2004-06-21;1.80290100
2004-06-22;1.80014100
2004-06-23;1.80052200
2004-06-24;1.80685900
2004-06-25;1.81443300
2004-06-28;1.81497600
2004-06-29;1.81528300
2004-06-30;1.81190200
2004-07-01;1.81426800
2004-07-02;1.81492600
2004-07-05;1.81781200
2004-07-06;1.81904400
2004-07-07;1.81827800
2004-07-08;1.81734800
2004-07-09;1.81459400
2004-07-12;1.81497700
2004-07-13;1.81556300
2004-07-14;1.81637000
2004-07-15;1.82177400
2004-07-16;1.82150900
2004-07-19;1.82223600
2004-07-20;1.82118400
2004-07-21;1.82132500
2004-07-22;1.82269400
2004-07-23;1.82642000
2004-07-26;1.83191100
2004-07-27;1.83387200
2004-07-28;1.83373900
2004-07-29;1.83741300
2004-07-30;1.83878400
2004-08-02;1.83883400
2004-08-03;1.83717100
2004-08-04;1.84110300
2004-08-05;1.84042500
2004-08-06;1.84321300
2004-08-09;1.84358300
2004-08-10;1.84532000
2004-08-11;1.84880500
2004-08-12;1.84908800
2004-08-13;1.84791800
2004-08-16;1.84821500
2004-08-17;1.84919800
2004-08-18;1.84927000
2004-08-19;1.84366000
2004-08-23;1.84110300
2004-08-24;1.84441900
2004-08-25;1.84290100
2004-08-26;1.84708500
2004-08-27;1.84921000
2004-08-30;1.84857400
2004-08-31;1.84992100
2004-09-01;1.84962400
2004-09-02;1.84819800
2004-09-03;1.84888300
2004-09-06;1.84969100
2004-09-07;1.84538100
2004-09-08;1.84448800
2004-09-09;1.84494300
2004-09-10;1.83983700
2004-09-13;1.84420900
2004-09-14;1.84830400
2004-09-15;1.84764500
2004-09-16;1.85184900
2004-09-17;1.85351300
2004-09-20;1.85709200
2004-09-21;1.85839600
2004-09-22;1.85937500
2004-09-23;1.86249500
2004-09-24;1.86775300
2004-09-27;1.86526500
2004-09-28;1.86604200
2004-09-29;1.86600500
2004-09-30;1.86740100
2004-10-01;1.86685100
2004-10-04;1.87008800
2004-10-05;1.86975600
2004-10-06;1.87059800
2004-10-07;1.87166400
2004-10-08;1.87302200
2004-10-11;1.87755900
2004-10-12;1.88042100
2004-10-13;1.88024300
2004-10-14;1.88015400
2004-10-15;1.88255900
2004-10-18;1.88282200
2004-10-19;1.88446400
2004-10-20;1.88554800
2004-10-21;1.88711500
2004-10-22;1.89071600
2004-10-25;1.89030900
2004-10-26;1.89306500
2004-10-27;1.89576100
2004-10-28;1.89315100
2004-10-29;1.89390100
2004-11-02;1.89796900
2004-11-03;1.89699100
2004-11-04;1.89612800
2004-11-05;1.90020000
2004-11-08;1.90188100
2004-11-09;1.90074000
2004-11-10;1.90532200
2004-11-11;1.91106600
2004-11-12;1.91139500
2004-11-15;1.91594200
2004-11-16;1.91671400
2004-11-17;1.91843900
2004-11-18;1.91316000
2004-11-19;1.91739700
2004-11-22;1.91671200
2004-11-23;1.92378900
2004-11-24;1.92804800
2004-11-25;1.92403000
2004-11-26;1.92227300
2004-11-29;1.92309500
2004-11-30;1.92498200
2004-12-01;1.92481500
2004-12-02;1.92960100
2004-12-03;1.93082400
2004-12-06;1.93249100
2004-12-07;1.93273800
2004-12-08;1.93618700
2004-12-09;1.93575200
2004-12-10;1.93453300
2004-12-13;1.93530300
2004-12-14;1.93772500
2004-12-15;1.93968300
2004-12-16;1.94116500
2004-12-17;1.93992000
2004-12-20;1.94618600
2004-12-21;1.95021300
2004-12-22;1.94809600
2004-12-23;1.94997100
2004-12-27;1.94930900
2004-12-28;1.94878500
2004-12-29;1.94927300
2004-12-30;1.95156300
2004-12-31;1.94808100
2005-01-03;1.95020500
2005-01-04;1.95373900
2005-01-05;1.95326800
2005-01-06;1.95329800
2005-01-07;1.95093000
2005-01-10;1.95265600
2005-01-11;1.95321900
2005-01-12;1.95250700
2005-01-13;1.95227300
2005-01-14;1.95197400
2005-01-17;1.95409600
2005-01-18;1.95490200
2005-01-19;1.95531400
2005-01-20;1.95550600
2005-01-21;1.95553700
2005-01-24;1.95935600
2005-01-25;1.95915200
2005-01-26;1.96074700
2005-01-27;1.96241800
2005-01-28;1.96231400
2005-01-31;1.96461500
2005-02-01;1.96722000
2005-02-02;1.96894700
2005-02-03;1.97255600
2005-02-04;1.97456100
2005-02-07;1.97575400
2005-02-08;1.97939600
2005-02-09;1.97942300
2005-02-10;1.98170700
2005-02-11;1.98246100
2005-02-14;1.97995000
2005-02-15;1.98025700
2005-02-16;1.98228000
2005-02-17;1.98879600
2005-02-18;1.99027800
2005-02-21;1.99239900
2005-02-22;1.99316900
2005-02-23;1.99783200
2005-02-24;1.99748700
2005-02-25;1.99540300
2005-02-28;2.00112100
2005-03-01;2.00283300
2005-03-02;2.00105000
2005-03-03;2.00157300
2005-03-04;2.00054400
2005-03-07;2.00240100
2005-03-08;2.00583200
2005-03-09;2.00642200
2005-03-10;2.00568800
2005-03-11;2.00661100
2005-03-16;2.00537900
2005-03-17;2.00279000
2005-03-18;2.00445800
2005-03-21;2.00523800
2005-03-22;2.00181000
2005-03-23;2.00204200
2005-03-24;1.99910700
2005-03-25;2.00330300
2005-03-29;2.00633500
2005-03-30;2.00865700
2005-03-31;2.01005000
2005-04-01;2.01102300
2005-04-04;2.01200700
2005-04-05;2.01245800
2005-04-06;2.01248300
2005-04-07;2.01245600
2005-04-08;2.01356500
2005-04-11;2.01403900
2005-04-12;2.01402900
2005-04-13;2.01392000
2005-04-14;2.01405300
2005-04-15;2.01377900
2005-04-18;2.01363300
2005-04-19;2.01199900
2005-04-20;2.01236100
2005-04-21;2.01305900
2005-04-22;2.01225500
2005-04-25;2.01311300
2005-04-26;2.01496000
2005-04-27;2.01543500
2005-04-28;2.01507700
2005-04-29;2.01441900
2005-05-02;2.01558900
2005-05-03;2.01588300
2005-05-04;2.01726200
2005-05-05;2.01883600
2005-05-06;2.01938100
2005-05-09;2.02014800
2005-05-10;2.02057700
2005-05-11;2.02078600
2005-05-12;2.02065200
2005-05-13;2.02196600
2005-05-17;2.02259300
2005-05-18;2.02285300
2005-05-19;2.02334200
2005-05-20;2.02379800
2005-05-23;2.02501400
2005-05-24;2.02746600
2005-05-25;2.02717600
2005-05-26;2.02696100
2005-05-27;2.02737800
2005-05-30;2.02698300
2005-05-31;2.02715500
2005-06-01;2.02823000
2005-06-02;2.03219800
2005-06-03;2.03418500
2005-06-06;2.03664500
2005-06-07;2.03794800
2005-06-08;2.03814100
2005-06-09;2.03863700
2005-06-10;2.03885900
2005-06-13;2.04026900
2005-06-14;2.04142200
2005-06-15;2.04324400
2005-06-16;2.04332800
2005-06-17;2.04441400
2005-06-20;2.04639300
2005-06-21;2.04712400
2005-06-22;2.04819700
2005-06-23;2.05134900
2005-06-24;2.05238500
2005-06-27;2.05309300
2005-06-28;2.05277400
2005-06-29;2.05276200
2005-06-30;2.05672200
2005-07-01;2.05767500
2005-07-04;2.05898800
2005-07-05;2.05988300
2005-07-06;2.05972200
2005-07-07;2.05955500
2005-07-08;2.05918700
2005-07-11;2.06064100
2005-07-12;2.06066700
2005-07-13;2.06151400
2005-07-14;2.06053200
2005-07-15;2.06219800
2005-07-18;2.06564100
2005-07-19;2.06638400
2005-07-20;2.06673500
2005-07-21;2.06746900
2005-07-22;2.06708000
2005-07-25;2.06902200
2005-07-26;2.06950100
2005-07-27;2.06981500
2005-07-28;2.07038600
2005-07-29;2.07024500
2005-08-01;2.07100900
2005-08-02;2.07103700
2005-08-03;2.07136300
2005-08-04;2.07226400
2005-08-05;2.07347500
2005-08-08;2.07490100
2005-08-09;2.07609100
2005-08-10;2.07665200
2005-08-11;2.07790200
2005-08-12;2.07908300
2005-08-15;2.08024200
2005-08-16;2.08041100
2005-08-17;2.08109600
2005-08-18;2.08122500
2005-08-19;2.08277400
2005-08-22;2.08326400
2005-08-23;2.08686500
2005-08-24;2.08739800
2005-08-25;2.08779300
2005-08-26;2.08754700
2005-08-29;2.08898400
2005-08-30;2.08921500
2005-08-31;2.09108400
2005-09-01;2.09241200
2005-09-02;2.09382500
2005-09-05;2.09540800
2005-09-06;2.09577300
2005-09-07;2.09635800
2005-09-08;2.09576900
2005-09-09;2.09670900
2005-09-12;2.09758900
2005-09-13;2.09857400
2005-09-14;2.09849400
2005-09-15;2.09859300
2005-09-16;2.09916300
2005-09-19;2.09868900
2005-09-20;2.09799700
2005-09-21;2.09804900
2005-09-22;2.09598000
2005-09-23;2.09516000
2005-09-26;2.09471800
2005-09-27;2.09521900
2005-09-28;2.09484900
2005-09-29;2.09333900
2005-09-30;2.09222400
2005-10-03;2.09189700
2005-10-04;2.09114000
2005-10-05;2.09293900
2005-10-06;2.09401200
2005-10-07;2.09246100
2005-10-10;2.09327600
2005-10-11;2.09468100
2005-10-12;2.09591900
2005-10-13;2.09377400
2005-10-14;2.09278500
2005-10-17;2.09310600
2005-10-18;2.09463300
2005-10-19;2.09396800
2005-10-20;2.09376700
2005-10-21;2.09390600
2005-10-24;2.09460500
2005-10-25;2.09277500
2005-10-26;2.09198400
2005-10-27;2.09094200
2005-10-28;2.09108400
2005-11-02;2.09334100
2005-11-03;2.09428400
2005-11-04;2.09416000
2005-11-07;2.09394500
2005-11-08;2.09367000
2005-11-09;2.09417800
2005-11-10;2.09135900
2005-11-11;2.09196400
2005-11-14;2.09278900
2005-11-15;2.09391600
2005-11-16;2.09519000
2005-11-17;2.09590200
2005-11-18;2.09500000
2005-11-21;2.09378300
2005-11-22;2.09322900
2005-11-23;2.09345000
2005-11-24;2.09543500
2005-11-25;2.09692200
2005-11-28;2.09851700
2005-11-29;2.10079200
2005-11-30;2.09964200
2005-12-01;2.09977400
2005-12-02;2.10051500
2005-12-05;2.10157900
2005-12-06;2.10134800
2005-12-07;2.10014400
2005-12-08;2.09916600
2005-12-09;2.09787000
2005-12-12;2.09792200
2005-12-13;2.10015500
2005-12-14;2.10005000
2005-12-15;2.10087300
2005-12-16;2.10117500
2005-12-19;2.10153400
2005-12-20;2.10261800
2005-12-21;2.10384700
2005-12-22;2.10503400
2005-12-23;2.10529200
2005-12-27;2.10654600
2005-12-28;2.10628400
2005-12-29;2.10745400
2005-12-30;2.10608900
2006-01-02;2.10770300
2006-01-03;2.10776000
2006-01-04;2.10926800
2006-01-05;2.11168400
2006-01-06;2.11251500
2006-01-09;2.11409500
2006-01-10;2.11588900
2006-01-11;2.11461700
2006-01-12;2.11647900
2006-01-13;2.11713500
2006-01-16;2.11904500
2006-01-17;2.12089300
2006-01-18;2.11845800
2006-01-19;2.11837600
2006-01-20;2.11754500
2006-01-23;2.11847800
2006-01-24;2.12139000
2006-01-25;2.12181900
2006-01-26;2.12214600
2006-01-27;2.11857300
2006-01-30;2.11973700
2006-01-31;2.11925700
2006-02-01;2.12012700
2006-02-02;2.12021300
2006-02-03;2.12170100
2006-02-06;2.12471600
2006-02-07;2.12641100
2006-02-08;2.12574200
2006-02-09;2.12546900
2006-02-10;2.12595700
2006-02-13;2.12743000
2006-02-14;2.12755100
2006-02-15;2.12779200
2006-02-16;2.12864800
2006-02-17;2.12872700
2006-02-20;2.12952800
2006-02-21;2.12951400
2006-02-22;2.12736100
2006-02-23;2.12760400
2006-02-24;2.12793300
2006-02-27;2.12919800
2006-02-28;2.12949700
2006-03-01;2.12963200
2006-03-02;2.12956100
2006-03-03;2.12914900
2006-03-06;2.12916900
2006-03-07;2.12858200
2006-03-08;2.12883100
2006-03-09;2.12665200
2006-03-10;2.12613600
2006-03-13;2.12599500
2006-03-14;2.12386700
2006-03-16;2.12434100
2006-03-17;2.12823300
2006-03-20;2.12773800
2006-03-21;2.12886300
2006-03-22;2.12730800
2006-03-23;2.12881900
2006-03-24;2.12901400
2006-03-27;2.12843100
2006-03-28;2.12938100
2006-03-29;2.12883700
2006-03-30;2.12942100
2006-03-31;2.12942000
2006-04-03;2.13203600
2006-04-04;2.13225900
2006-04-05;2.13135600
2006-04-06;2.13169500
2006-04-07;2.13153600
2006-04-10;2.13274100
2006-04-11;2.13387600
2006-04-12;2.13510800
2006-04-13;2.13460800
2006-04-14;2.13511900
2006-04-18;2.13632100
2006-04-19;2.13804900
2006-04-20;2.13805000
2006-04-21;2.13835600
2006-04-24;2.14021500
2006-04-25;2.14043500
2006-04-26;2.14067500
2006-04-27;2.14126300
2006-04-28;2.14193200
2006-05-02;2.14310200
2006-05-03;2.14406400
2006-05-04;2.14454300
2006-05-05;2.14488500
2006-05-08;2.14567900
2006-05-09;2.14621100
2006-05-10;2.14610400
2006-05-11;2.14637800
2006-05-12;2.14628200
2006-05-15;2.14588700
2006-05-16;2.14649100
2006-05-17;2.14700200
2006-05-18;2.14685200
2006-05-19;2.14738000
2006-05-22;2.14858700
2006-05-23;2.14871700
2006-05-24;2.14900300
2006-05-25;2.14924900
2006-05-26;2.14994200
2006-05-29;2.15117700
2006-05-30;2.15161800
2006-05-31;2.15186300
2006-06-01;2.15223400
2006-06-02;2.15246500
2006-06-06;2.15375500
2006-06-07;2.15368400
2006-06-08;2.15385600
2006-06-09;2.15391000
2006-06-12;2.15333000
2006-06-13;2.15262500
2006-06-14;2.15291100
2006-06-15;2.15415200
2006-06-16;2.15009300
2006-06-19;2.15085900
2006-06-20;2.15121600
2006-06-21;2.15058100
2006-06-22;2.15073600
2006-06-23;2.14752200
2006-06-26;2.14692500
2006-06-27;2.14785600
2006-06-28;2.14691400
2006-06-29;2.14559700
2006-06-30;2.14517700
2006-07-03;2.14554900
2006-07-04;2.14845600
2006-07-05;2.14939100
2006-07-06;2.14804000
2006-07-07;2.15085700
2006-07-10;2.15217000
2006-07-11;2.16126100
2006-07-12;2.16106700
2006-07-13;2.15958100
2006-07-14;2.15720000
2006-07-17;2.16001100
2006-07-18;2.16144300
2006-07-19;2.16328700
2006-07-20;2.16586700
2006-07-21;2.16680700
2006-07-24;2.16585900
2006-07-25;2.16772500
2006-07-26;2.16736400
2006-07-27;2.16769500
2006-07-28;2.16847000
2006-07-31;2.16934100
2006-08-01;2.16735900
2006-08-02;2.16637600
2006-08-03;2.16612700
2006-08-04;2.16695400
2006-08-07;2.16998300
2006-08-08;2.17059200
2006-08-09;2.17004900
2006-08-10;2.17110300
2006-08-11;2.17080100
2006-08-14;2.17065400
2006-08-15;2.16976700
2006-08-16;2.17026200
2006-08-17;2.17163600
2006-08-18;2.16798500
2006-08-21;2.16850400
2006-08-22;2.16883500
2006-08-23;2.16910800
2006-08-24;2.16749500
2006-08-25;2.16759100
2006-08-28;2.16804100
2006-08-29;2.16823200
2006-08-30;2.16893600
2006-08-31;2.17013900
2006-09-01;2.17016500
2006-09-04;2.17052100
2006-09-05;2.17151000
2006-09-06;2.17166300
2006-09-07;2.17216200
2006-09-08;2.17327400
2006-09-11;2.17442000
2006-09-12;2.17507300
2006-09-13;2.17541600
2006-09-14;2.17667300
2006-09-15;2.17684800
2006-09-18;2.17854100
2006-09-19;2.17809100
2006-09-20;2.17904600
2006-09-21;2.17853400
2006-09-22;2.17696600
2006-09-25;2.17787900
2006-09-26;2.17751400
2006-09-27;2.17831200
2006-09-28;2.17865900
2006-09-29;2.17881900
2006-10-02;2.17552400
2006-10-03;2.17418600
2006-10-04;2.17237100
2006-10-05;2.17244800
2006-10-06;2.17298300
2006-10-09;2.17497600
2006-10-10;2.17638500
2006-10-11;2.17851100
2006-10-12;2.17930500
2006-10-13;2.18118000
2006-10-16;2.18400600
2006-10-17;2.18323100
2006-10-18;2.18311000
2006-10-19;2.18547200
2006-10-20;2.18648700
2006-10-24;2.18617200
2006-10-25;2.18975700
2006-10-26;2.19337700
2006-10-27;2.19178200
2006-10-30;2.19249000
2006-10-31;2.19163800
2006-11-02;2.19201900
2006-11-03;2.19237900
2006-11-06;2.19397600
2006-11-07;2.19423700
2006-11-08;2.19463300
2006-11-09;2.19590200
2006-11-10;2.19578000
2006-11-13;2.19615800
2006-11-14;2.19711300
2006-11-15;2.19823600
2006-11-16;2.19945200
2006-11-17;2.19990000
2006-11-20;2.20055100
2006-11-21;2.20505700
2006-11-22;2.20522600
2006-11-23;2.20514300
2006-11-24;2.20475400
2006-11-27;2.20557300
2006-11-28;2.20565500
2006-11-29;2.20687000
2006-11-30;2.20851800
2006-12-01;2.20744600
2006-12-04;2.20892500
2006-12-05;2.20915300
2006-12-06;2.21002000
2006-12-07;2.21068300
2006-12-08;2.21125900
2006-12-11;2.21180600
2006-12-12;2.21203000
2006-12-13;2.21113600
2006-12-14;2.21172700
2006-12-15;2.21872100
2006-12-18;2.21970000
2006-12-19;2.21859000
2006-12-20;2.21982500
2006-12-21;2.22012900
2006-12-22;2.22214400
2006-12-27;2.22349500
2006-12-28;2.22426300
2006-12-29;2.22363300
2007-01-02;2.22565000
2007-01-03;2.22771800
2007-01-04;2.22920300
2007-01-05;2.22925400
2007-01-08;2.22892800
2007-01-09;2.22961000
2007-01-10;2.22655600
2007-01-11;2.21662800
2007-01-12;2.21569100
2007-01-15;2.22635200
2007-01-16;2.22778600
2007-01-17;2.22721500
2007-01-18;2.22682500
2007-01-19;2.22949900
2007-01-22;2.23027800
2007-01-23;2.22800700
2007-01-24;2.22759000
2007-01-25;2.22872800
2007-01-26;2.22820900
2007-01-29;2.23016500
2007-01-30;2.23105700
2007-01-31;2.23141900
2007-02-01;2.23352800
2007-02-02;2.23424500
2007-02-05;2.23399800
2007-02-06;2.23641300
2007-02-07;2.23551400
2007-02-08;2.23684800
2007-02-09;2.23726900
2007-02-12;2.23701000
2007-02-13;2.23813900
2007-02-14;2.23791800
2007-02-15;2.23927100
2007-02-16;2.24036500
2007-02-19;2.24064500
2007-02-20;2.24084600
2007-02-21;2.24326400
2007-02-22;2.24211800
2007-02-23;2.24255500
2007-02-26;2.24641500
2007-02-27;2.24481900
2007-02-28;2.24651000
2007-03-01;2.24345500
2007-03-02;2.24444900
2007-03-05;2.24658300
2007-03-06;2.24778900
2007-03-07;2.24709000
2007-03-08;2.24908400
2007-03-09;2.25229700
2007-03-12;2.25859700
2007-03-13;2.25396900
2007-03-14;2.25389600
2007-03-19;2.26071300
2007-03-20;2.26043000
2007-03-21;2.26115800
2007-03-22;2.26312000
2007-03-23;2.26337000
2007-03-26;2.26307300
2007-03-27;2.26370100
2007-03-28;2.26300500
2007-03-29;2.26485100
2007-03-30;2.26442800
2007-04-02;2.26685600
2007-04-03;2.26772400
2007-04-04;2.26875800
2007-04-05;2.26793600
2007-04-06;2.27022000
2007-04-10;2.27301900
2007-04-11;2.27219800
2007-04-12;2.27589000
2007-04-13;2.27660500
2007-04-16;2.27705700
2007-04-17;2.27673300
2007-04-18;2.27670100
2007-04-19;2.27805200
2007-04-20;2.28057300
2007-04-23;2.28158800
2007-04-24;2.28019400
2007-04-25;2.28193500
2007-04-26;2.28288600
2007-04-27;2.28501400
2007-05-02;2.28613900
2007-05-03;2.28754600
2007-05-04;2.29036300
2007-05-07;2.29156600
2007-05-08;2.29264900
2007-05-09;2.29330700
2007-05-10;2.29415900
2007-05-11;2.29178400
2007-05-14;2.29203900
2007-05-15;2.29148500
2007-05-16;2.29557900
2007-05-17;2.29628200
2007-05-18;2.29244200
2007-05-21;2.29357100
2007-05-22;2.29432900
2007-05-23;2.29560100
2007-05-24;2.29715700
2007-05-25;2.29148000
2007-05-29;2.29190600
2007-05-30;2.29741000
2007-05-31;2.29436800
2007-06-01;2.29936600
2007-06-04;2.30361200
2007-06-05;2.30286200
2007-06-06;2.30210800
2007-06-07;2.29951600
2007-06-08;2.29770500
2007-06-11;2.29953400
2007-06-12;2.30096400
2007-06-13;2.30027600
2007-06-14;2.30206400
2007-06-15;2.30140400
2007-06-18;2.30419000
2007-06-19;2.30329400
2007-06-20;2.30455600
2007-06-21;2.30568700
2007-06-22;2.30531700
2007-06-25;2.30555300
2007-06-26;2.30979000
2007-06-27;2.30842800
2007-06-28;2.31321400
2007-06-29;2.31322300
2007-07-02;2.31743600
2007-07-03;2.31551900
2007-07-04;2.31431100
2007-07-05;2.31604000
2007-07-06;2.31428800
2007-07-09;2.31526200
2007-07-10;2.31650000
2007-07-11;2.31668700
2007-07-12;2.31985300
2007-07-13;2.31909500
2007-07-16;2.32188200
2007-07-17;2.32220400
2007-07-18;2.32355100
2007-07-19;2.32223400
2007-07-20;2.32757000
2007-07-23;2.32732800
2007-07-24;2.32670600
2007-07-25;2.32891000
2007-07-26;2.32133100
2007-07-27;2.32527500
2007-07-30;2.32580300
2007-07-31;2.32889300
2007-08-01;2.32477900
2007-08-02;2.32881700
2007-08-03;2.32471800
2007-08-06;2.32542000
2007-08-07;2.32613200
2007-08-08;2.32797200
2007-08-09;2.33077600
2007-08-10;2.32639400
2007-08-13;2.33042500
2007-08-14;2.32908800
2007-08-15;2.32671200
2007-08-16;2.32105400
2007-08-17;2.32046900
2007-08-21;2.32361200
2007-08-22;2.32674800
2007-08-23;2.32902200
2007-08-24;2.33001500
2007-08-27;2.33057700
2007-08-28;2.32995600
2007-08-29;2.33082100
2007-08-30;2.33140800
2007-08-31;2.33533700
2007-09-03;2.33193500
2007-09-04;2.33506400
2007-09-05;2.33188400
2007-09-06;2.33220900
2007-09-07;2.33191500
2007-09-10;2.33396500
2007-09-11;2.33554100
2007-09-12;2.33960600
2007-09-13;2.33887400
2007-09-14;2.33964300
2007-09-17;2.33956400
2007-09-18;2.34175800
2007-09-19;2.34612800
2007-09-20;2.34646200
2007-09-21;2.34631900
2007-09-24;2.35043900
2007-09-25;2.35024000
2007-09-26;2.34946600
2007-09-27;2.35062900
2007-09-28;2.34811100
2007-10-01;2.35211700
2007-10-02;2.34497500
2007-10-03;2.34892700
2007-10-04;2.34762700
2007-10-05;2.35004500
2007-10-08;2.35150200
2007-10-09;2.35092000
2007-10-10;2.34932500
2007-10-11;2.35459200
2007-10-12;2.35498400
2007-10-15;2.35493100
2007-10-16;2.35445300
2007-10-17;2.35791000
2007-10-18;2.36010700
2007-10-19;2.36180800
2007-10-24;2.35986600
2007-10-25;2.36459500
2007-10-26;2.36365500
2007-10-29;2.36498700
2007-10-30;2.36540900
2007-10-31;2.36591700
2007-11-05;2.36492000
2007-11-06;2.36468700
2007-11-07;2.36366500
2007-11-08;2.36508500
2007-11-09;2.36519600
2007-11-12;2.36541300
2007-11-13;2.36491000
2007-11-14;2.36542700
2007-11-15;2.36709400
2007-11-16;2.36582500
2007-11-19;2.36279500
2007-11-20;2.36292900
2007-11-21;2.36283200
2007-11-22;2.36340500
2007-11-23;2.37016200
2007-11-26;2.37098100
2007-11-27;2.37071500
2007-11-28;2.37207300
2007-11-29;2.37104000
2007-11-30;2.37351000
2007-12-03;2.37292700
2007-12-04;2.37369000
2007-12-05;2.37533100
2007-12-06;2.37662200
2007-12-07;2.37670500
2007-12-10;2.37764300
2007-12-11;2.37706200
2007-12-12;2.37725200
2007-12-13;2.37802000
2007-12-14;2.37629000
2007-12-17;2.37192100
2007-12-18;2.37476000
2007-12-19;2.37371400
2007-12-20;2.37509300
2007-12-21;2.37506600
2007-12-27;2.37560600
2007-12-28;2.37795700
2008-01-02;2.37811500
2008-01-03;2.37815000
2008-01-04;2.37746200
2008-01-07;2.37879300
2008-01-08;2.38164300
2008-01-09;2.38301500
2008-01-10;2.38268400
2008-01-11;2.38428300
2008-01-14;2.38632300
2008-01-15;2.38399600
2008-01-16;2.38478700
2008-01-17;2.38398400
2008-01-18;2.38686900
2008-01-21;2.38721000
2008-01-22;2.38796900
2008-01-23;2.38636600
2008-01-24;2.39065800
2008-01-25;2.38797700
2008-01-28;2.39250300
2008-01-29;2.39340200
2008-01-30;2.39169100
2008-01-31;2.39398500
2008-02-01;2.39297500
2008-02-04;2.39578800
2008-02-05;2.39187600
2008-02-06;2.39071400
2008-02-07;2.38555900
2008-02-08;2.38792400
2008-02-11;2.38745600
2008-02-12;2.38802700
2008-02-13;2.38840300
2008-02-14;2.38658900
2008-02-15;2.38598200
2008-02-18;2.38877500
2008-02-19;2.38672000
2008-02-20;2.38680600
2008-02-21;2.38585200
2008-02-22;2.38563100
2008-02-25;2.38995100
2008-02-26;2.38971500
2008-02-27;2.39007200
2008-02-28;2.38809300
2008-02-29;2.38069100
2008-03-03;2.37322900
2008-03-04;2.37515800
2008-03-05;2.38338200
2008-03-06;2.37558100
2008-03-07;2.36091600
2008-03-10;2.35821800
2008-03-11;2.36225800
2008-03-12;2.36221500
2008-03-13;2.37095500
2008-03-14;2.36901100
2008-03-17;2.36915800
2008-03-18;2.37290000
2008-03-19;2.37791300
2008-03-20;2.37627700
2008-03-21;2.37995000
2008-03-25;2.37983600
2008-03-26;2.37842200
2008-03-27;2.37859600
2008-03-28;2.37898700
2008-03-31;2.36866200
2008-04-01;2.36868600
2008-04-02;2.37211400
2008-04-03;2.37274600
2008-04-04;2.37193200
2008-04-07;2.37691000
2008-04-08;2.37844900
2008-04-09;2.37997800
2008-04-10;2.38204300
2008-04-11;2.38384000
2008-04-14;2.38349100
2008-04-15;2.38695700
2008-04-16;2.38914000
2008-04-17;2.38936700
2008-04-18;2.39133000
2008-04-21;2.39112600
2008-04-22;2.39380700
2008-04-23;2.39330500
2008-04-24;2.39520900
2008-04-25;2.39406900
2008-04-28;2.39458100
2008-04-29;2.39563500
2008-04-30;2.39787700
2008-05-05;2.40012600
2008-05-06;2.39781800
2008-05-07;2.40150100
2008-05-08;2.40249900
2008-05-09;2.40124700
2008-05-13;2.40332300
2008-05-14;2.40340200
2008-05-15;2.40341600
2008-05-16;2.39913700
2008-05-19;2.40412300
2008-05-20;2.40220900
2008-05-21;2.40468200
2008-05-22;2.40287300
2008-05-23;2.40485200
2008-05-26;2.40714700
2008-05-27;2.40671600
2008-05-28;2.41006900
2008-05-29;2.40672800
2008-05-30;2.41187500
2008-06-02;2.41287600
2008-06-03;2.41283000
2008-06-04;2.40816800
2008-06-05;2.40698000
2008-06-06;2.40431100
2008-06-09;2.40771400
2008-06-10;2.40788700
2008-06-11;2.40379600
2008-06-12;2.40857000
2008-06-13;2.41329500
2008-06-16;2.40800800
2008-06-17;2.40584200
2008-06-18;2.40869600
2008-06-19;2.40863700
2008-06-20;2.40167600
2008-06-23;2.40795800
2008-06-24;2.41502700
2008-06-25;2.41316800
2008-06-26;2.41637800
2008-06-27;2.41512700
2008-06-30;2.42076600
2008-07-01;2.42051000
2008-07-02;2.42008300
2008-07-03;2.41510600
2008-07-04;2.41975100
2008-07-07;2.42459200
2008-07-08;2.42526100
2008-07-09;2.43463800
2008-07-10;2.43316500
2008-07-11;2.44060000
2008-07-14;2.44086700
2008-07-15;2.43927300
2008-07-16;2.44295600
2008-07-17;2.45206000
2008-07-18;2.44836900
2008-07-21;2.45245400
2008-07-22;2.45210100
2008-07-23;2.45171900
2008-07-24;2.45379400
2008-07-25;2.45769100
2008-07-28;2.45428900
2008-07-29;2.45729000
2008-07-30;2.46414500
2008-07-31;2.46428200
2008-08-01;2.46114400
2008-08-04;2.46138500
2008-08-05;2.46425200
2008-08-06;2.47325100
2008-08-07;2.47182600
2008-08-08;2.46919200
2008-08-11;2.47186700
2008-08-12;2.47321800
2008-08-13;2.47300600
2008-08-14;2.47729400
2008-08-15;2.47657400
2008-08-18;2.47645900
2008-08-19;2.47992800
2008-08-21;2.47809600
2008-08-22;2.47853700
2008-08-25;2.47854100
2008-08-26;2.47811600
2008-08-27;2.47921900
2008-08-28;2.47957500
2008-08-29;2.48100500
2008-09-01;2.48117600
2008-09-02;2.47693100
2008-09-03;2.47462300
2008-09-04;2.47508200
2008-09-05;2.46998200
2008-09-08;2.47968500
2008-09-09;2.47750200
2008-09-10;2.47675200
2008-09-11;2.48144400
2008-09-12;2.48271200
2008-09-15;2.47317800
2008-09-16;2.46315900
2008-09-17;2.46168900
2008-09-18;2.45599500
2008-09-19;2.48420400
2008-09-22;2.47669700
2008-09-23;2.47597200
2008-09-24;2.47854900
2008-09-25;2.47264500
2008-09-26;2.47858900
2008-09-29;2.46595500
2008-09-30;2.47055200
2008-10-01;2.47144000
2008-10-02;2.46091300
2008-10-03;2.45708700
2008-10-06;2.44412500
2008-10-07;2.44268800
2008-10-08;2.43324100
2008-10-09;2.39354800
2008-10-10;2.37969600
2008-10-13;2.40129500
2008-10-14;2.41168700
2008-10-15;2.39651600
2008-10-16;2.37251000
2008-10-17;2.33525600
2008-10-20;2.31826000
2008-10-21;2.32394700
2008-10-22;2.30700900
2008-10-27;2.29443400
2008-10-28;2.28943900
2008-10-29;2.29690700
2008-10-30;2.32910700
2008-10-31;2.33491400
2008-11-03;2.32751000
2008-11-04;2.33286100
2008-11-05;2.37644700
2008-11-06;2.37252500
2008-11-07;2.35762500
2008-11-10;2.34808700
2008-11-11;2.34071100
2008-11-12;2.32827600
2008-11-13;2.32916300
2008-11-14;2.33805100
2008-11-17;2.34675500
2008-11-18;2.34091500
2008-11-19;2.33499600
2008-11-20;2.34022800
2008-11-21;2.35823700
2008-11-24;2.35553500
2008-11-25;2.36963200
2008-11-26;2.38527500
2008-11-27;2.40628200
2008-11-28;2.40690400
2008-12-01;2.40672600
2008-12-02;2.41058700
2008-12-03;2.41315000
2008-12-04;2.44536000
2008-12-05;2.43914400
2008-12-08;2.44154100
2008-12-09;2.45977500
2008-12-10;2.46238700
2008-12-11;2.48793600
2008-12-12;2.48488100
2008-12-15;2.47509700
2008-12-16;2.47923100
2008-12-17;2.48046100
2008-12-18;2.47770800
2008-12-19;2.47775400
2008-12-22;2.47626500
2008-12-23;2.47593300
2008-12-29;2.48079600
2008-12-30;2.47953600
2008-12-31;2.47817800
2009-01-05;2.48112900
2009-01-06;2.48057000
2009-01-07;2.47957200
2009-01-08;2.47287500
2009-01-09;2.46647400
2009-01-12;2.47596500
2009-01-13;2.47502200
2009-01-14;2.47235100
2009-01-15;2.47661500
2009-01-16;2.48998200
2009-01-19;2.49667500
2009-01-20;2.49561700
2009-01-21;2.49610200
2009-01-22;2.50237300
2009-01-23;2.48859200
2009-01-26;2.48868800
2009-01-27;2.49501500
2009-01-28;2.48756200
2009-01-29;2.47900200
2009-01-30;2.46236600
2009-02-02;2.46872600
2009-02-03;2.46843600
2009-02-04;2.45162200
2009-02-05;2.45123200
2009-02-06;2.43492000
2009-02-09;2.44118600
2009-02-10;2.46034700
2009-02-11;2.45851100
2009-02-12;2.46049700
2009-02-13;2.45810200
2009-02-16;2.43770100
2009-02-17;2.41643900
2009-02-18;2.39354000
2009-02-19;2.39528600
2009-02-20;2.39334400
2009-02-23;2.39125600
2009-02-24;2.39262100
2009-02-25;2.39175600
2009-02-26;2.39126100
2009-02-27;2.41130100
2009-03-02;2.40850500
2009-03-03;2.40204300
2009-03-04;2.38880500
2009-03-05;2.38497500
2009-03-06;2.36370200
2009-03-09;2.36372900
2009-03-10;2.36856200
2009-03-11;2.38027800
2009-03-12;2.38620500
2009-03-13;2.41251500
2009-03-16;2.42226800
2009-03-17;2.42782500
2009-03-18;2.42090500
2009-03-19;2.41707900
2009-03-20;2.41941300
2009-03-23;2.42070700
2009-03-24;2.43625200
2009-03-25;2.45651100
2009-03-26;2.45429800
2009-03-27;2.44511300
2009-03-30;2.44464300
2009-03-31;2.43036800
2009-04-01;2.44140300
2009-04-02;2.45454600
2009-04-03;2.46195500
2009-04-06;2.48363800
2009-04-07;2.48380600
2009-04-08;2.49830700
2009-04-09;2.50003600
2009-04-10;2.49578700
2009-04-14;2.48606700
2009-04-15;2.48835900
2009-04-16;2.48999800
2009-04-17;2.48399100
2009-04-20;2.48597000
2009-04-21;2.48868600
2009-04-22;2.49891400
2009-04-23;2.50147500
2009-04-24;2.49837400
2009-04-27;2.50398500
2009-04-28;2.50175200
2009-04-29;2.51405000
2009-04-30;2.50968000
2009-05-04;2.51655900
2009-05-05;2.52383300
2009-05-06;2.52119900
2009-05-07;2.53218600
2009-05-08;2.53802200
2009-05-11;2.53828500
2009-05-12;2.53558100
2009-05-13;2.53369700
2009-05-14;2.52683500
2009-05-15;2.53081300
2009-05-18;2.53173500
2009-05-19;2.54833300
2009-05-20;2.54981300
2009-05-21;2.55243400
2009-05-22;2.55578900
2009-05-25;2.56792500
2009-05-26;2.56461700
2009-05-27;2.56644800
2009-05-28;2.56898600
2009-05-29;2.56894100
2009-06-02;2.57485500
2009-06-03;2.57647000
2009-06-04;2.57117200
2009-06-05;2.57263500
2009-06-08;2.57357700
2009-06-09;2.57433300
2009-06-10;2.57715900
2009-06-11;2.57891000
2009-06-12;2.57756100
2009-06-15;2.58176400
2009-06-16;2.58108200
2009-06-17;2.58062900
2009-06-18;2.58448300
2009-06-19;2.58520000
2009-06-22;2.58076700
2009-06-23;2.58585000
2009-06-24;2.58849600
2009-06-25;2.59300800
2009-06-26;2.59465000
2009-06-29;2.59922200
2009-06-30;2.60850800
2009-07-01;2.61292600
2009-07-02;2.62190700
2009-07-03;2.62341200
2009-07-06;2.62164300
2009-07-07;2.62480300
2009-07-08;2.62688100
2009-07-09;2.63350300
2009-07-10;2.63611600
2009-07-13;2.63808200
2009-07-14;2.64337200
2009-07-15;2.64723000
2009-07-16;2.65713000
2009-07-17;2.65722300
2009-07-20;2.65752000
2009-07-21;2.65824100
2009-07-22;2.66041400
2009-07-23;2.66256700
2009-07-24;2.66192400
2009-07-27;2.66381900
2009-07-28;2.66539200
2009-07-29;2.66233100
2009-07-30;2.66039400
2009-07-31;2.66220200
2009-08-03;2.66625100
2009-08-04;2.66871700
2009-08-05;2.67420700
2009-08-06;2.67387800
2009-08-07;2.67603400
2009-08-10;2.67681200
2009-08-11;2.67772300
2009-08-12;2.67451100
2009-08-13;2.68095800
2009-08-14;2.68863400
2009-08-17;2.68352300
2009-08-18;2.68911100
2009-08-19;2.69499600
2009-08-24;2.70988100
2009-08-25;2.71297500
2009-08-26;2.71267400
2009-08-27;2.71444200
2009-08-28;2.71665600
2009-08-31;2.72234600
2009-09-01;2.72434200
2009-09-02;2.72104100
2009-09-03;2.72390500
2009-09-04;2.72438400
2009-09-07;2.72511600
2009-09-08;2.73023000
2009-09-09;2.73019200
2009-09-10;2.72799600
2009-09-11;2.73277500
2009-09-14;2.73523800
2009-09-15;2.74086400
2009-09-16;2.75564300
2009-09-17;2.76074900
2009-09-18;2.76236300
2009-09-21;2.76401100
2009-09-22;2.76973300
2009-09-23;2.77443700
2009-09-24;2.77732500
2009-09-25;2.77731200
2009-09-28;2.77825200
2009-09-29;2.77909900
2009-09-30;2.78115000
2009-10-01;2.78126900
2009-10-02;2.77185000
2009-10-05;2.77843800
2009-10-06;2.77861800
2009-10-07;2.77960800
2009-10-08;2.78677800
2009-10-09;2.78845400
2009-10-12;2.78867900
2009-10-13;2.80048700
2009-10-14;2.80343000
2009-10-15;2.81264400
2009-10-16;2.81157700
2009-10-19;2.81301200
2009-10-20;2.81842800
2009-10-21;2.81829300
2009-10-22;2.81988400
2009-10-26;2.82765500
2009-10-27;2.82089600
2009-10-28;2.81519300
2009-10-29;2.81627600
2009-10-30;2.82050400
2009-11-02;2.82435100
2009-11-03;2.81608600
2009-11-04;2.81693800
2009-11-05;2.81841500
2009-11-06;2.82167100
2009-11-09;2.82726000
2009-11-10;2.83144900
2009-11-11;2.83125200
2009-11-12;2.83336900
2009-11-13;2.83376100
2009-11-16;2.83360400
2009-11-17;2.83470200
2009-11-18;2.83496700
2009-11-19;2.83426700
2009-11-20;2.83371600
2009-11-23;2.83788200
2009-11-24;2.84096200
2009-11-25;2.84113500
2009-11-26;2.84348600
2009-11-27;2.83863000
2009-11-30;2.84324600
2009-12-01;2.84521800
2009-12-02;2.84712000
2009-12-03;2.84916500
2009-12-04;2.85147800
2009-12-07;2.85360500
2009-12-08;2.85151500
2009-12-09;2.84953700
2009-12-10;2.85135500
2009-12-11;2.85263300
2009-12-14;2.85025100
2009-12-15;2.85166600
2009-12-16;2.85406100
2009-12-17;2.84300100
2009-12-18;2.84314900
2009-12-21;2.83996900
2009-12-22;2.84325700
2009-12-23;2.84583500
2009-12-28;2.84709500
2009-12-29;2.84588600
2009-12-30;2.84539700
2009-12-31;2.84383900
2010-01-04;2.84921600
2010-01-05;2.85480600
2010-01-06;2.85491400
2010-01-07;2.86273500
2010-01-08;2.86591400
2010-01-11;2.87391800
2010-01-12;2.87461500
2010-01-13;2.87350000
2010-01-14;2.87252900
2010-01-15;2.87369000
2010-01-18;2.87453700
2010-01-19;2.87684700
2010-01-20;2.87504000
2010-01-21;2.87656000
2010-01-22;2.87455600
2010-01-25;2.87602300
2010-01-26;2.87605300
2010-01-27;2.87614000
2010-01-28;2.87870100
2010-01-29;2.87969400
2010-02-01;2.88166300
2010-02-02;2.88466100
2010-02-03;2.88831300
2010-02-04;2.88561900
2010-02-05;2.87805000
2010-02-08;2.87805500
2010-02-09;2.87835900
2010-02-10;2.88073600
2010-02-11;2.88238500
2010-02-12;2.88394900
2010-02-15;2.88505400
2010-02-16;2.88741800
2010-02-17;2.89037500
2010-02-18;2.89213400
2010-02-19;2.89032000
2010-02-22;2.89228800
2010-02-23;2.89312200
2010-02-24;2.89708200
2010-02-25;2.89873700
2010-02-26;2.90069700
2010-03-01;2.90445400
2010-03-02;2.90613100
2010-03-03;2.90683600
2010-03-04;2.90713400
2010-03-05;2.91275400
2010-03-08;2.91392400
2010-03-09;2.91677600
2010-03-10;2.92157400
2010-03-11;2.92195800
2010-03-12;2.92394200
2010-03-16;2.92828500
2010-03-17;2.93137400
2010-03-18;2.93406400
2010-03-19;2.93317600
2010-03-22;2.93480800
2010-03-23;2.93744700
2010-03-24;2.94411900
2010-03-25;2.94743800
2010-03-26;2.94659200
2010-03-29;2.95095200
2010-03-30;2.95264300
2010-03-31;2.95384700
2010-04-01;2.95674900
2010-04-02;2.95826200
2010-04-06;2.96024400
2010-04-07;2.96598800
2010-04-08;2.96714100
2010-04-09;2.96984200
2010-04-12;2.97345500
2010-04-13;2.97600100
2010-04-14;2.98240200
2010-04-15;2.98650800
2010-04-16;2.98622600
2010-04-19;2.98751300
2010-04-20;2.98730900
2010-04-21;2.98714800
2010-04-22;2.98770600
2010-04-23;2.98772500
2010-04-26;2.99266200
2010-04-27;2.99332800
2010-04-28;2.99233300
2010-04-29;2.98912000
2010-04-30;2.99026600
2010-05-03;2.99624700
2010-05-04;2.98139300
2010-05-05;2.98131800
2010-05-06;2.97019400
2010-05-07;2.95228000
2010-05-10;2.97078100
2010-05-11;2.97199800
2010-05-12;2.98024600
2010-05-13;2.97889700
2010-05-14;2.97616600
2010-05-17;2.97546300
2010-05-18;2.97669500
2010-05-19;2.97338500
2010-05-20;2.97205200
2010-05-21;2.96798300
2010-05-25;2.96425000
2010-05-26;2.95712800
2010-05-27;2.96192700
2010-05-28;2.96458700
2010-05-31;2.96651500
2010-06-01;2.96212000
2010-06-02;2.96430900
2010-06-03;2.96097000
2010-06-04;2.92629700
2010-06-07;2.92669100
2010-06-08;2.93860100
2010-06-09;2.93920300
2010-06-10;2.93753100
2010-06-11;2.93965100
2010-06-14;2.94195500
2010-06-15;2.93838300
2010-06-16;2.93745200
2010-06-17;2.93585300
2010-06-18;2.93408500
2010-06-21;2.93789500
2010-06-22;2.94023800
2010-06-23;2.93934400
2010-06-24;2.93910500
2010-06-25;2.94290500
2010-06-28;2.94229700
2010-06-29;2.92929900
2010-06-30;2.93338300
2010-07-01;2.93540700
2010-07-02;2.93641400
2010-07-05;2.93826800
2010-07-06;2.94770800
2010-07-07;2.94576300
2010-07-08;2.95225500
2010-07-09;2.95011800
2010-07-12;2.95465300
2010-07-13;2.95238300
2010-07-14;2.95226100
2010-07-15;2.95386500
2010-07-16;2.95398100
2010-07-19;2.95327500
2010-07-20;2.95378100
2010-07-21;2.95682900
2010-07-22;2.95960600
2010-07-23;2.95719200
2010-07-26;2.96453200
2010-07-27;2.96869400
2010-07-28;2.96584100
2010-07-29;2.97456300
2010-07-30;2.97063100
2010-08-02;2.97735800
2010-08-03;2.97924900
2010-08-04;2.98055700
2010-08-05;2.98414400
2010-08-06;2.98403500
2010-08-09;2.98451900
2010-08-10;2.98422500
2010-08-11;2.98678100
2010-08-12;2.98764900
2010-08-13;2.98832200
2010-08-16;2.98927900
2010-08-17;2.99532900
2010-08-18;3.00299600
2010-08-19;3.00189500
2010-08-23;3.00069100
2010-08-24;2.99772300
2010-08-25;2.99923100
2010-08-26;2.98459100
2010-08-27;2.98405100
2010-08-30;2.98901000
2010-08-31;2.98311700
2010-09-01;2.99258400
2010-09-02;2.98938600
2010-09-03;2.98949900
2010-09-06;2.99242800
2010-09-07;2.99223400
2010-09-08;2.99492400
2010-09-09;3.00423700
2010-09-10;3.00213100
2010-09-13;3.00671300
2010-09-14;3.00971000
2010-09-15;3.01652200
2010-09-16;3.01310500
2010-09-17;3.01282800
2010-09-20;3.01279100
2010-09-21;3.01309200
2010-09-22;3.01565800
2010-09-23;3.01365800
2010-09-24;3.01522600
2010-09-27;3.02046800
2010-09-28;3.02266200
2010-09-29;3.02349800
2010-09-30;3.02726800
2010-10-01;3.02908000
2010-10-04;3.02899700
2010-10-05;3.02895900
2010-10-06;3.03022100
2010-10-07;3.02366500
2010-10-08;3.03097200
2010-10-11;3.03149000
2010-10-12;3.03242000
2010-10-13;3.03447700
2010-10-14;3.02432600
2010-10-15;3.02811300
2010-10-18;3.03411900
2010-10-19;3.03327800
2010-10-20;3.03372400
2010-10-21;3.03148600
2010-10-22;3.03364800
2010-10-25;3.03259300
2010-10-26;3.03452700
2010-10-27;3.03170500
2010-10-28;3.03422000
2010-10-29;3.03443100
2010-11-02;3.03449400
2010-11-03;3.03565000
2010-11-04;3.03504700
2010-11-05;3.03752600
2010-11-08;3.03844400
2010-11-09;3.03825300
2010-11-10;3.03753900
2010-11-11;3.03641600
2010-11-12;3.03965400
2010-11-15;3.04124400
2010-11-16;3.03624600
2010-11-17;3.03469000
2010-11-18;3.03260400
2010-11-19;3.03127400
2010-11-22;3.03344700
2010-11-23;3.02860300
2010-11-24;3.02404200
2010-11-25;3.01559900
2010-11-26;3.00755000
2010-11-29;3.00516700
2010-11-30;2.98799000
2010-12-01;3.00046600
2010-12-02;3.00373400
2010-12-03;3.00671900
2010-12-06;3.00503900
2010-12-07;3.00774100
2010-12-08;3.00928000
2010-12-09;3.01058700
2010-12-10;3.01278600
2010-12-13;3.01283800
2010-12-14;3.01394200
2010-12-15;3.00940100
2010-12-16;3.01418700
2010-12-17;3.01473300
2010-12-20;3.01605800
2010-12-21;3.01534200
2010-12-22;3.01677700
2010-12-23;3.01621500
2010-12-27;3.01732300
2010-12-28;3.01503100
2010-12-29;3.01601300
2010-12-30;3.01278600
2010-12-31;3.01405600
2011-01-03;3.02095500
2011-01-04;3.02230100
2011-01-05;3.02303500
2011-01-06;3.02435700
2011-01-07;3.02339600
2011-01-10;3.02330700
2011-01-11;3.02698900
2011-01-12;3.03190500
2011-01-13;3.03542700
2011-01-14;3.03607700
2011-01-17;3.04110300
2011-01-18;3.04462400
2011-01-19;3.04622400
2011-01-20;3.04717900
2011-01-21;3.04817500
2011-01-24;3.04901500
2011-01-25;3.05306700
2011-01-26;3.05860500
2011-01-27;3.06044300
2011-01-28;3.06023200
2011-01-31;3.06143200
2011-02-01;3.06610900
2011-02-02;3.07033600
2011-02-03;3.06868800
2011-02-04;3.06901100
2011-02-07;3.07197900
2011-02-08;3.07204300
2011-02-09;3.07095000
2011-02-10;3.06808700
2011-02-11;3.07023600
2011-02-14;3.07430300
2011-02-15;3.07413500
2011-02-16;3.07553300
2011-02-17;3.07530400
2011-02-18;3.07735700
2011-02-21;3.07820900
2011-02-22;3.08006300
2011-02-23;3.08054300
2011-02-24;3.08218000
2011-02-25;3.08418000
2011-02-28;3.08824600
2011-03-01;3.08643100
2011-03-02;3.09066300
2011-03-03;3.09071100
2011-03-04;3.09064800
2011-03-07;3.09066400
2011-03-08;3.08708900
2011-03-09;3.08932400
2011-03-10;3.08939700
2011-03-11;3.08936400
2011-03-16;3.09359800
2011-03-17;3.09474700
2011-03-18;3.09487100
2011-03-21;3.09589700
2011-03-22;3.09508500
2011-03-23;3.09488500
2011-03-24;3.09784400
2011-03-25;3.09770100
2011-03-28;3.10019300
2011-03-29;3.09974900
2011-03-30;3.10136000
2011-03-31;3.10123500
2011-04-01;3.10186600
2011-04-04;3.10382100
2011-04-05;3.10377200
2011-04-06;3.10612400
2011-04-07;3.10563600
2011-04-08;3.10666600
2011-04-11;3.11082300
2011-04-12;3.10986700
2011-04-13;3.11155100
2011-04-14;3.11146900
2011-04-15;3.11241800
2011-04-18;3.11274800
2011-04-19;3.11249600
2011-04-20;3.11281400
2011-04-21;3.11323600
2011-04-22;3.11443500
2011-04-26;3.11583900
2011-04-27;3.11643100
2011-04-28;3.11614600
2011-04-29;3.11695600
2011-05-02;3.11863100
2011-05-03;3.11842000
2011-05-04;3.11896300
2011-05-05;3.11977000
2011-05-06;3.12224700
2011-05-09;3.12299500
2011-05-10;3.12339700
2011-05-11;3.12405900
2011-05-12;3.12551700
2011-05-13;3.12780900
2011-05-16;3.12915500
2011-05-17;3.12850900
2011-05-18;3.12945600
2011-05-19;3.13173300
2011-05-20;3.13089400
2011-05-23;3.13406100
2011-05-24;3.13445900
2011-05-25;3.13386000
2011-05-26;3.13222500
2011-05-27;3.13094900
2011-05-30;3.13251000
2011-05-31;3.13238900
2011-06-01;3.13349800
2011-06-02;3.13404500
2011-06-03;3.13419300
2011-06-06;3.13461000
2011-06-07;3.13591100
2011-06-08;3.13706900
2011-06-09;3.13514900
2011-06-10;3.13509400
2011-06-14;3.13642900
2011-06-15;3.13808300
2011-06-16;3.13878700
2011-06-17;3.13638700
2011-06-20;3.13675600
2011-06-21;3.13728400
2011-06-22;3.13861800
2011-06-23;3.13612900
2011-06-24;3.13592000
2011-06-27;3.13690000
2011-06-28;3.13778900
2011-06-29;3.13659100
2011-06-30;3.13595500
2011-07-01;3.13547700
2011-07-04;3.13618300
2011-07-05;3.13752400
2011-07-06;3.13745500
2011-07-07;3.13789600
2011-07-08;3.13934600
2011-07-11;3.14114000
2011-07-12;3.14152100
2011-07-13;3.14165200
2011-07-14;3.14109100
2011-07-15;3.14353800
2011-07-18;3.14456300
2011-07-19;3.14597900
2011-07-20;3.14571200
2011-07-21;3.14519400
2011-07-22;3.14756300
2011-07-25;3.14895000
2011-07-26;3.14921600
2011-07-27;3.14943400
2011-07-28;3.14971700
2011-07-29;3.15047300
2011-08-01;3.15155800
2011-08-02;3.15119000
2011-08-03;3.15049100
2011-08-04;3.14691500
2011-08-05;3.13640300
2011-08-08;3.13754000
2011-08-09;3.13427300
2011-08-10;3.13780700
2011-08-11;3.14150700
2011-08-12;3.14401600
2011-08-15;3.14492400
2011-08-16;3.14801900
2011-08-17;3.15276900
2011-08-18;3.16036600
2011-08-19;3.15670500
2011-08-22;3.15894500
2011-08-23;3.15896900
2011-08-24;3.15950700
2011-08-25;3.16166200
2011-08-26;3.16381800
2011-08-29;3.16479300
2011-08-30;3.16626500
2011-08-31;3.16636600
2011-09-01;3.16982700
2011-09-02;3.17128600
2011-09-05;3.17296600
2011-09-06;3.17593900
2011-09-07;3.17782000
2011-09-08;3.18049400
2011-09-09;3.18108200
2011-09-12;3.17701900
2011-09-13;3.17791700
2011-09-14;3.17478700
2011-09-15;3.17790300
2011-09-16;3.17926600
2011-09-19;3.17719700
2011-09-20;3.17482500
2011-09-21;3.16946800
2011-09-22;3.16245600
2011-09-23;3.15693200
2011-09-26;3.15934700
2011-09-27;3.16446200
2011-09-28;3.16273100
2011-09-29;3.15952400
2011-09-30;3.15566600
2011-10-03;3.15293100
2011-10-04;3.14769500
2011-10-05;3.15112800
2011-10-06;3.15257400
2011-10-07;3.15387300
2011-10-10;3.15738000
2011-10-11;3.15792000
2011-10-12;3.16035800
2011-10-13;3.16255000
2011-10-14;3.16438300
2011-10-17;3.16708000
2011-10-18;3.16686900
2011-10-19;3.16748200
2011-10-20;3.16732800
2011-10-21;3.16653600
2011-10-24;3.17089900
2011-10-25;3.17366500
2011-10-26;3.17566100
2011-10-27;3.17085000
2011-10-28;3.17360200
2011-11-02;3.16551500
2011-11-03;3.16245600
2011-11-04;3.16371800
2011-11-07;3.16581000
2011-11-08;3.16738400
2011-11-09;3.16638900
2011-11-10;3.16289800
2011-11-11;3.15939300
2011-11-14;3.14797200
2011-11-15;3.14743000
2011-11-16;3.14598500
2011-11-17;3.14107600
2011-11-18;3.15213900
2011-11-21;3.15141800
2011-11-22;3.15267300
2011-11-23;3.15031800
2011-11-24;3.14295200
2011-11-25;3.11909200
2011-11-28;3.12586800
2011-11-29;3.11957700
2011-11-30;3.12911400
2011-12-01;3.13771900
2011-12-02;3.14772700
2011-12-05;3.15486600
2011-12-06;3.15197800
2011-12-07;3.15134500
2011-12-08;3.15171400
2011-12-09;3.15074100
2011-12-12;3.14832100
2011-12-13;3.14824200
2011-12-14;3.14628400
2011-12-15;3.14778600
2011-12-16;3.14926500
2011-12-19;3.14805000
2011-12-20;3.14947900
2011-12-21;3.15004600
2011-12-22;3.14639800
2011-12-23;3.14605900
2011-12-27;3.14930700
2011-12-28;3.14853700
2011-12-29;3.14085800
2011-12-30;3.14348800
2012-01-02;3.13807400
2012-01-03;3.12940600
2012-01-04;3.12448600
2012-01-05;3.11887500
2012-01-06;3.12378100
2012-01-09;3.12529100
2012-01-10;3.12033200
2012-01-11;3.12832600
2012-01-12;3.13536300
2012-01-13;3.13034300
2012-01-16;3.12955200
2012-01-17;3.12664800
2012-01-18;3.13120400
2012-01-19;3.13733700
2012-01-20;3.14098500
2012-01-23;3.14561400
2012-01-24;3.15462100
2012-01-25;3.16085000
2012-01-26;3.16956100
2012-01-27;3.17420000
2012-01-30;3.17473500
2012-01-31;3.17310000
2012-02-01;3.17386800
2012-02-02;3.17920800
2012-02-03;3.17975500
2012-02-06;3.18812800
2012-02-07;3.18832600
2012-02-08;3.19506100
2012-02-09;3.19488100
2012-02-10;3.19315100
2012-02-13;3.20109700
2012-02-14;3.20197800
2012-02-15;3.21012400
2012-02-16;3.21049600
2012-02-17;3.20867700
2012-02-20;3.20917000
2012-02-21;3.21003100
2012-02-22;3.20698300
2012-02-23;3.20621300
2012-02-24;3.20764100
2012-02-27;3.20586700
2012-02-28;3.21417500
2012-02-29;3.22166700
2012-03-01;3.22240100
2012-03-02;3.22096600
2012-03-05;3.22353400
2012-03-06;3.22864600
2012-03-07;3.23138800
2012-03-08;3.22735400
2012-03-09;3.23037400
2012-03-12;3.23133900
2012-03-13;3.23309800
2012-03-14;3.23428300
2012-03-19;3.23482000
2012-03-20;3.23407000
2012-03-21;3.23424100
2012-03-22;3.23488300
2012-03-23;3.23604000
2012-03-24;3.23604000
2012-03-26;3.23531700
2012-03-27;3.23504200
2012-03-28;3.23737100
2012-03-29;3.23844400
2012-03-30;3.23770100
2012-04-02;3.23879400
2012-04-03;3.24065800
2012-04-04;3.24058900
2012-04-05;3.23988500
2012-04-06;3.23988500
2012-04-10;3.23929300
2012-04-11;3.24324200
2012-04-12;3.24231400
2012-04-13;3.24214800
2012-04-16;3.24354500
2012-04-17;3.24492300
2012-04-18;3.24546500
2012-04-19;3.24731700
2012-04-20;3.24696200
2012-04-23;3.25002100
2012-04-24;3.25108700
2012-04-25;3.26569700
2012-04-26;3.26470200
2012-04-27;3.26671400
2012-05-02;3.27038900
2012-05-03;3.27210100
2012-05-04;3.27326700
2012-05-07;3.27692900
2012-05-08;3.27712000
2012-05-09;3.28019900
2012-05-10;3.27936700
2012-05-11;3.28213300
2012-05-14;3.28489500
2012-05-15;3.28492500
2012-05-16;3.28163700
2012-05-17;3.27960600
2012-05-18;3.27840500
2012-05-21;3.27864500
2012-05-22;3.28587300
2012-05-23;3.28517900
2012-05-24;3.28617000
2012-05-25;3.28673300
2012-05-29;3.28937800
2012-05-30;3.28909000
2012-05-31;3.28794600
2012-06-01;3.28350400
2012-06-04;3.28489000
2012-06-05;3.28564700
2012-06-06;3.28371900
2012-06-07;3.29241300
2012-06-08;3.29051000
2012-06-11;3.29139200
2012-06-12;3.29298000
2012-06-13;3.29322000
2012-06-14;3.29710700
2012-06-15;3.29623100
2012-06-18;3.30433100
2012-06-19;3.30765400
2012-06-20;3.30819800
2012-06-21;3.30831800
2012-06-22;3.30837400
2012-06-25;3.30933900
2012-06-26;3.31111900
2012-06-27;3.31165500
2012-06-28;3.31698300
2012-06-29;3.32062700
2012-07-02;3.32416600
2012-07-03;3.32536000
2012-07-04;3.32786500
2012-07-05;3.33154000
2012-07-06;3.33494500
2012-07-09;3.33799000
2012-07-10;3.33738000
2012-07-11;3.33874400
2012-07-12;3.34641200
2012-07-13;3.35568400
2012-07-16;3.36562800
2012-07-17;3.37015700
2012-07-18;3.36657800
2012-07-19;3.37073400
2012-07-20;3.37207500
2012-07-23;3.37027200
2012-07-24;3.37106400
2012-07-25;3.36574400
2012-07-26;3.36330900
2012-07-27;3.36278300
2012-07-30;3.36654700
2012-07-31;3.36621600
2012-08-01;3.36844900
2012-08-02;3.36893300
2012-08-03;3.36808400
2012-08-06;3.37393800
2012-08-07;3.37415800
2012-08-08;3.37541900
2012-08-09;3.37905400
2012-08-10;3.38039900
2012-08-13;3.38215500
2012-08-14;3.38362800
2012-08-15;3.38444500
2012-08-16;3.38650600
2012-08-17;3.38734700
2012-08-21;3.39147100
2012-08-22;3.39432300
2012-08-23;3.39675700
2012-08-24;3.39808000
2012-08-27;3.39949300
2012-08-28;3.40377800
2012-08-29;3.40649100
2012-08-30;3.40732800
2012-08-31;3.41013900
2012-09-03;3.41365400
2012-09-04;3.41332000
2012-09-05;3.41248600
2012-09-06;3.41631600
2012-09-07;3.41158300
2012-09-10;3.41736700
2012-09-11;3.41763200
2012-09-12;3.41611800
2012-09-13;3.42048100
2012-09-14;3.42166600
2012-09-17;3.42575300
2012-09-18;3.42702000
2012-09-19;3.42798400
2012-09-20;3.42895500
2012-09-21;3.42660400
2012-09-24;3.43071500
2012-09-25;3.43175900
2012-09-26;3.43575900
2012-09-27;3.43772900
2012-09-28;3.43638000
2012-10-01;3.44192600
2012-10-02;3.44092500
2012-10-03;3.44126800
2012-10-04;3.44020300
2012-10-05;3.44039400
2012-10-08;3.44817500
2012-10-09;3.44821200
2012-10-10;3.44899500
2012-10-11;3.45412600
2012-10-12;3.45898300
2012-10-15;3.46490600
2012-10-16;3.47062700
2012-10-17;3.46739300
2012-10-18;3.47358800
2012-10-19;3.47638600
2012-10-24;3.48283400
2012-10-25;3.48174800
2012-10-26;3.48164100
2012-10-27;3.48164100
2012-10-29;3.47903400
2012-10-30;3.48378200
2012-10-31;3.48493900
2012-11-05;3.49031900
2012-11-06;3.49337500
2012-11-07;3.49524200
2012-11-08;3.49331300
2012-11-09;3.49528800
2012-11-12;3.49780600
2012-11-13;3.49872100
2012-11-14;3.50092200
2012-11-15;3.50042700
2012-11-16;3.50147200
2012-11-19;3.50249900
2012-11-20;3.50128200
2012-11-21;3.49871400
2012-11-22;3.49981200
2012-11-23;3.49994700
2012-11-26;3.50197800
2012-11-27;3.49899200
2012-11-28;3.49892900
2012-11-29;3.50041000
2012-11-30;3.50231300
2012-12-01;3.50231300
2012-12-03;3.50525700
2012-12-04;3.50553100
2012-12-05;3.50738200
2012-12-06;3.51160900
2012-12-07;3.52054700
2012-12-10;3.52455900
2012-12-11;3.52836600
2012-12-12;3.52789600
2012-12-13;3.53324200
2012-12-14;3.53320800
2012-12-17;3.53714400
2012-12-18;3.53696400
2012-12-19;3.54053500
2012-12-20;3.54648700
2012-12-21;3.54874300
2012-12-27;3.55748800
2012-12-28;3.55560300
2012-12-31;3.55560300
2013-01-02;3.56154700
2013-01-03;3.56586600
2013-01-04;3.55793100
2013-01-07;3.56401700
2013-01-08;3.56555000
2013-01-09;3.56007200
2013-01-10;3.56289200
2013-01-11;3.56354000
2013-01-14;3.56730600
2013-01-15;3.56827600
2013-01-16;3.56884400
2013-01-17;3.57622600
2013-01-18;3.57614600
2013-01-21;3.57879500
2013-01-22;3.57664300
2013-01-23;3.57845300
2013-01-24;3.58157700
2013-01-25;3.58041100
2013-01-28;3.58178600
2013-01-29;3.58430200
2013-01-30;3.58291900
2013-01-31;3.58537400
2013-02-01;3.58873700
2013-02-04;3.58954600
2013-02-05;3.59016500
2013-02-06;3.59099400
2013-02-07;3.59100500
2013-02-08;3.59116500
2013-02-11;3.59251300
2013-02-12;3.59457900
2013-02-13;3.59785300
2013-02-14;3.59607400
2013-02-15;3.59743100
2013-02-18;3.60133100
2013-02-19;3.60728100
2013-02-20;3.60611000
2013-02-21;3.60674000
2013-02-22;3.60800100
2013-02-25;3.61054800
2013-02-26;3.60908000
2013-02-27;3.61292500
2013-02-28;3.61439300
2013-03-01;3.61729700
2013-03-04;3.61773900
2013-03-05;3.61718700
2013-03-06;3.61987700
2013-03-07;3.62033800
2013-03-08;3.62122200
2013-03-11;3.62061700
2013-03-12;3.62145700
2013-03-13;3.62318600
2013-03-14;3.62256100
2013-03-18;3.62341700
2013-03-19;3.62356800
2013-03-20;3.61604800
2013-03-21;3.61778500
2013-03-22;3.61370500
2013-03-25;3.61584300
2013-03-26;3.62018700
2013-03-27;3.62250600
2013-03-28;3.63036700
2013-04-02;3.63076200
2013-04-03;3.63561100
2013-04-04;3.64383100
2013-04-05;3.64248100
2013-04-08;3.64818000
2013-04-09;3.65236600
2013-04-10;3.65257100
2013-04-11;3.65287300
2013-04-12;3.65444200
2013-04-15;3.65722800
2013-04-16;3.66005100
2013-04-17;3.65830100
2013-04-18;3.66407600
2013-04-19;3.66839700
2013-04-22;3.66794900
2013-04-23;3.67299900
2013-04-24;3.67284500
2013-04-25;3.67445900
2013-04-26;3.67211400
2013-04-29;3.67459500
2013-04-30;3.67940700
2013-05-02;3.68200900
2013-05-03;3.68534600
2013-05-06;3.68614800
2013-05-07;3.68786900
2013-05-08;3.68900800
2013-05-09;3.69151800
2013-05-10;3.68779500
2013-05-13;3.68980400
2013-05-14;3.69152900
2013-05-15;3.69312900
2013-05-16;3.69764400
2013-05-17;3.69871700
2013-05-21;3.69732400
2013-05-22;3.69777300
2013-05-23;3.69705300
2013-05-24;3.69842000
2013-05-27;3.69729200
2013-05-28;3.69953700
2013-05-29;3.69941800
2013-05-30;3.69400200
2013-05-31;3.69531700
2013-06-03;3.69616700
2013-06-04;3.69826900
2013-06-05;3.69288800
2013-06-06;3.68874700
2013-06-07;3.69234700
2013-06-10;3.68827900
2013-06-11;3.67879400
2013-06-12;3.68309400
2013-06-13;3.68052600
2013-06-14;3.68542700
2013-06-17;3.68935400
2013-06-18;3.68784400
2013-06-19;3.67759400
2013-06-20;3.66927800
2013-06-21;3.66503300
2013-06-24;3.65617300
2013-06-25;3.65604100
2013-06-26;3.65750100
2013-06-27;3.67316100
2013-06-28;3.67851900
2013-07-01;3.68276800
2013-07-02;3.69072000
2013-07-03;3.69078200
2013-07-04;3.69323500
2013-07-05;3.69676400
2013-07-08;3.69659000
2013-07-09;3.69838300
2013-07-10;3.69881100
2013-07-11;3.69696800
2013-07-12;3.69687600
2013-07-15;3.69774200
2013-07-16;3.70028200
2013-07-17;3.70176900
2013-07-18;3.69993700
2013-07-19;3.69719200
2013-07-22;3.69699400
2013-07-23;3.69802800
2013-07-24;3.70225500
2013-07-25;3.69801600
2013-07-26;3.69893900
2013-07-29;3.69468000
2013-07-30;3.69445000
2013-07-31;3.69616200
2013-08-01;3.70097100
2013-08-02;3.70213300
2013-08-05;3.70424800
2013-08-06;3.70604100
2013-08-07;3.70602300
2013-08-08;3.70536500
2013-08-09;3.70505600
2013-08-12;3.70680800
2013-08-13;3.70590200
2013-08-14;3.70568400
2013-08-15;3.70558900
2013-08-16;3.70081900
2013-08-21;3.70339000
2013-08-22;3.70352200
2013-08-23;3.70282900
2013-08-26;3.70342800
2013-08-27;3.70479300
2013-08-28;3.70287200
2013-08-29;3.70304400
2013-08-30;3.70480300
2013-09-02;3.70576000
2013-09-03;3.70628500
2013-09-04;3.70713200
2013-09-05;3.70836000
2013-09-06;3.70776000
2013-09-09;3.71033200
2013-09-10;3.71402300
2013-09-11;3.72374000
2013-09-12;3.72691600
2013-09-13;3.73196400
2013-09-16;3.73695800
2013-09-17;3.73614800
2013-09-18;3.73706700
2013-09-19;3.74605600
2013-09-20;3.74547900
2013-09-23;3.74610800
2013-09-24;3.74944500
2013-09-25;3.75430200
2013-09-26;3.75416200
2013-09-27;3.75297000
2013-09-30;3.75345500
2013-10-01;3.75403200
2013-10-02;3.75510600
2013-10-03;3.75552700
2013-10-04;3.75574800
2013-10-07;3.75602800
2013-10-08;3.75749900
2013-10-09;3.75847200
2013-10-10;3.76133200
2013-10-11;3.76278200
2013-10-14;3.76413300
2013-10-15;3.76550200
2013-10-16;3.76577900
2013-10-17;3.76963000
2013-10-18;3.77018300
2013-10-21;3.77164000
2013-10-22;3.77322300
2013-10-24;3.77713600
2013-10-25;3.77595700
2013-10-28;3.77581200
2013-10-29;3.77764300
2013-10-30;3.78046100
2013-10-31;3.77779900
2013-11-04;3.77800300
2013-11-05;3.78327800
2013-11-06;3.78841300
2013-11-07;3.78951400
2013-11-08;3.78825800
2013-11-11;3.78488800
2013-11-12;3.78140000
2013-11-13;3.78830500
2013-11-14;3.79057200
2013-11-15;3.79220100
2013-11-18;3.79492500
2013-11-19;3.79616200
2013-11-20;3.79418900
2013-11-21;3.79451500
2013-11-22;3.79771100
2013-11-25;3.79756500
2013-11-26;3.79956500
2013-11-27;3.80107800
2013-11-28;3.80131000
2013-11-29;3.80381700
2013-12-02;3.80607500
2013-12-03;3.80675900
2013-12-04;3.80750600
2013-12-05;3.81229800
2013-12-06;3.81255300
2013-12-09;3.82033400
2013-12-10;3.81678900
2013-12-11;3.81858000
2013-12-12;3.81981900
2013-12-13;3.81989800
2013-12-16;3.82403200
2013-12-17;3.82296500
2013-12-18;3.82404200
2013-12-19;3.82520900
2013-12-20;3.82561700
2013-12-23;3.82959500
2013-12-30;3.83134000
2013-12-31;3.83144100
2014-01-02;3.83223800
2014-01-03;3.83483800
2014-01-06;3.83820300
2014-01-07;3.84022400
2014-01-08;3.84144900
2014-01-09;3.84664700
2014-01-10;3.84779100
2014-01-13;3.85130000
2014-01-14;3.85221000
2014-01-15;3.85371400
2014-01-16;3.85592700
2014-01-17;3.85984300
2014-01-20;3.86027000
2014-01-21;3.86159600
2014-01-22;3.86567100
2014-01-23;3.86636300
2014-01-24;3.86209400
2014-01-27;3.86172000
2014-01-28;3.85889600
2014-01-29;3.85629400
2014-01-30;3.84892700
2014-01-31;3.84578200
2014-02-03;3.84649800
2014-02-04;3.84751700
2014-02-05;3.85078300
2014-02-06;3.85172200
2014-02-07;3.85249400
2014-02-10;3.85244600
2014-02-11;3.85347200
2014-02-12;3.85377800
2014-02-13;3.85648100
2014-02-14;3.85527800
2014-02-17;3.85561900
2014-02-18;3.85380100
2014-02-19;3.85237300
2014-02-20;3.85264500
2014-02-21;3.85591400
2014-02-24;3.85679200
2014-02-25;3.85884100
2014-02-26;3.85816600
2014-02-27;3.85835700
2014-02-28;3.85850600
2014-03-03;3.85744800
2014-03-04;3.86295700
2014-03-05;3.86408000
2014-03-06;3.86601400
2014-03-07;3.86579700
2014-03-10;3.86514700
2014-03-11;3.86618700
2014-03-12;3.86553200
2014-03-13;3.86650800
2014-03-14;3.86604200
2014-03-17;3.86782300
2014-03-18;3.87135000
2014-03-19;3.87240500
2014-03-20;3.87444800
2014-03-21;3.87589300
2014-03-24;3.87604700
2014-03-25;3.87617300
2014-03-26;3.87737300
2014-03-27;3.87890200
2014-03-28;3.88227200
2014-03-31;3.88360600
2014-04-01;3.88393800
2014-04-02;3.88408100
2014-04-03;3.88551100
2014-04-04;3.88666100
2014-04-07;3.88735700
2014-04-08;3.88925400
2014-04-09;3.88901500
2014-04-10;3.89217400
2014-04-11;3.89231400
2014-04-14;3.89305900
2014-04-15;3.89246500
2014-04-16;3.89346900
2014-04-17;3.89537300
2014-04-22;3.89552700
2014-04-23;3.89779500
2014-04-24;3.90639300
2014-04-25;3.90743100
2014-04-28;3.90676300
2014-04-29;3.91146300
2014-04-30;3.91589200
2014-05-05;3.91591800
2014-05-06;3.91823800
2014-05-07;3.91955300
2014-05-08;3.92230000
2014-05-09;3.92258700
2014-05-12;3.92315500
2014-05-13;3.92452000
2014-05-14;3.92997700
2014-05-15;3.93722400
2014-05-16;3.93449900
2014-05-19;3.93320500
2014-05-20;3.93341100
2014-05-21;3.93280100
2014-05-22;3.93357900
2014-05-23;3.93623400
2014-05-26;3.93948700
2014-05-27;3.93957200
2014-05-28;3.94062700
2014-05-29;3.94535100
2014-05-30;3.94615700
2014-06-02;3.95201000
2014-06-03;3.94929900
2014-06-04;3.94862800
2014-06-05;3.95056900
2014-06-06;3.95916300
2014-06-10;3.96391800
2014-06-11;3.96440800
2014-06-12;3.96470700
2014-06-13;3.96678700
2014-06-16;3.96740300
2014-06-17;3.96851600
2014-06-18;3.96625500
2014-06-19;3.96752000
2014-06-20;3.96710400
2014-06-23;3.96771200
2014-06-24;3.96899200
2014-06-25;3.96931700
2014-06-26;3.97602500
2014-06-27;3.97849600
2014-06-30;3.97552300
2014-07-01;3.97375500
2014-07-02;3.97746100
2014-07-03;3.97781800
2014-07-04;3.97784100
2014-07-07;3.97474400
2014-07-08;3.97762500
2014-07-09;3.97860900
2014-07-10;3.98031500
2014-07-11;3.97978100
2014-07-14;3.97826900
2014-07-15;3.97647400
2014-07-16;3.97664100
2014-07-17;3.97756900
2014-07-18;3.98033100
2014-07-21;3.98246900
2014-07-22;3.98416500
2014-07-23;3.98385300
2014-07-24;3.98295700
2014-07-25;3.98350500
2014-07-28;3.98499000
2014-07-29;3.98477100
2014-07-30;3.98444400
2014-07-31;3.97841200
2014-08-01;3.97151500
2014-08-04;3.97565700
2014-08-05;3.97417700
2014-08-06;3.96723700
2014-08-07;3.97195400
2014-08-08;3.97283500
2014-08-11;3.97301800
2014-08-12;3.97391400
2014-08-13;3.97440300
2014-08-14;3.97998600
2014-08-15;3.97974800
2014-08-18;3.98485300
2014-08-19;3.98892400
2014-08-21;3.99165000
2014-08-22;3.99083400
2014-08-25;3.99123100
2014-08-26;3.99382200
2014-08-27;3.99642500
2014-08-28;3.99411200
2014-08-29;3.99492500
2014-09-01;3.99363900
2014-09-02;3.99278400
2014-09-03;3.99446200
2014-09-04;3.99482000
2014-09-05;3.99516800
2014-09-08;4.00049300
2014-09-09;3.99793700
2014-09-10;3.99593700
2014-09-11;3.99620100
2014-09-12;3.99238500
2014-09-15;3.99250900
2014-09-16;3.99590400
2014-09-17;3.99738300
2014-09-18;3.99725700
2014-09-19;3.99772400
2014-09-22;3.99789100
2014-09-23;3.99942300
2014-09-24;4.00020000
2014-09-25;4.00162900
2014-09-26;4.00135900
2014-09-29;3.99923600
2014-09-30;3.99967400
2014-10-01;3.99987800
2014-10-02;4.00218700
2014-10-03;4.00220100
2014-10-06;4.00254400
2014-10-07;4.00366000
2014-10-08;4.00566700
2014-10-09;4.01137600
2014-10-10;4.00881800
2014-10-13;4.01297500
2014-10-14;4.01474900
2014-10-15;4.01869200
2014-10-16;4.01005400
2014-10-17;4.01234200
2014-10-20;4.01524500
2014-10-21;4.01547200
2014-10-22;4.01392600
2014-10-27;4.01549400
2014-10-28;4.01770300
2014-10-29;4.01876500
2014-10-30;4.01858300
2014-10-31;4.02164000
2014-11-03;4.02674500
2014-11-04;4.02542300
2014-11-05;4.02687500
2014-11-06;4.02790700
2014-11-07;4.02743700
2014-11-10;4.03079400
2014-11-11;4.03023300
2014-11-12;4.03212800
2014-11-13;4.03397500
2014-11-14;4.03447400
2014-11-17;4.03679700
2014-11-18;4.03879900
2014-11-19;4.03671600
2014-11-20;4.03601200
2014-11-21;4.03899200
2014-11-24;4.04082700
2014-11-25;4.04059200
2014-11-26;4.04369500
2014-11-27;4.04437100
2014-11-28;4.04527100
2014-12-01;4.04552000
2014-12-02;4.04512600
2014-12-03;4.04386200
2014-12-04;4.04401100
2014-12-05;4.04513800
2014-12-08;4.04483900
2014-12-09;4.04685500
2014-12-10;4.04676600
2014-12-11;4.04761000
2014-12-12;4.04931200
2014-12-15;4.05019700
2014-12-16;4.06218800
2014-12-17;4.05576500
2014-12-18;4.05909100
2014-12-19;4.06072900
2014-12-22;4.06527700
2014-12-23;4.06388200
2014-12-29;4.06722200
2014-12-30;4.06858700
2014-12-31;4.06892100
2015-01-05;4.07077300
2015-01-06;4.07254400
2015-01-07;4.07462400
2015-01-08;4.07630300
2015-01-09;4.07572700
2015-01-12;4.07667100
2015-01-13;4.07955700
2015-01-14;4.08168400
2015-01-15;4.08330100
2015-01-16;4.08643400
2015-01-19;4.08804100
2015-01-20;4.08908600
2015-01-21;4.08996700
2015-01-22;4.08927700
2015-01-23;4.09858700
2015-01-26;4.09997300
2015-01-27;4.10164800
2015-01-28;4.10459900
2015-01-29;4.10423900
2015-01-30;4.10379100
2015-02-02;4.10440900
2015-02-03;4.10402200
2015-02-04;4.10471600
2015-02-05;4.10217200
2015-02-06;4.10053100
2015-02-09;4.09849500
2015-02-10;4.09707500
2015-02-11;4.09560800
2015-02-12;4.09801300
2015-02-13;4.10007900
2015-02-16;4.10061200
2015-02-17;4.09897100
2015-02-18;4.09304700
2015-02-19;4.09630700
2015-02-20;4.09708200
2015-02-23;4.09844100
2015-02-24;4.10037700
2015-02-25;4.10218900
2015-02-26;4.10727400
2015-02-27;4.10851700
2015-03-02;4.11217100
2015-03-03;4.11145900
2015-03-04;4.10956300
2015-03-05;4.10576700
2015-03-06;4.10725000
2015-03-09;4.09998200
2015-03-10;4.09377000
2015-03-11;4.09342900
2015-03-12;4.09712300
2015-03-13;4.09442500
2015-03-16;4.09401900
2015-03-17;4.09500200
2015-03-18;4.09616200
2015-03-19;4.10636600
2015-03-20;4.10761800
2015-03-23;4.10998500
2015-03-24;4.10938500
2015-03-25;4.11131700
2015-03-26;4.10760900
2015-03-30;4.10707700
2015-03-31;4.10638900
2015-04-01;4.10461400
2015-04-02;4.10573200
2015-04-07;4.10828500
2015-04-08;4.11200400
2015-04-09;4.11356200
2015-04-10;4.11223700
2015-04-13;4.11060400
2015-04-14;4.11041800
2015-04-15;4.11223300
2015-04-16;4.11282400
2015-04-17;4.11291700
2015-04-20;4.11255900
2015-04-21;4.11207700
2015-04-22;4.11198700
2015-04-23;4.11208800
2015-04-24;4.11408600
2015-04-27;4.11447200
2015-04-28;4.11403000
2015-04-29;4.11183500
2015-04-30;4.10654700
2015-05-04;4.10671500
2015-05-05;4.10517800
2015-05-06;4.10188200
2015-05-07;4.09657100
2015-05-08;4.10025100
2015-05-11;4.10244500
2015-05-12;4.09731000
2015-05-13;4.09936400
2015-05-14;4.09879100
2015-05-15;4.10258600
2015-05-18;4.10518100
2015-05-19;4.10559600
2015-05-20;4.10794400
2015-05-21;4.10793300
2015-05-22;4.11149700
2015-05-26;4.11291900
2015-05-27;4.11400800
2015-05-28;4.11612400
2015-05-29;4.11793200
2015-06-01;4.11777800
2015-06-02;4.11739900
2015-06-03;4.12018800
2015-06-04;4.11725600
2015-06-05;4.12016700
2015-06-08;4.11574700
2015-06-09;4.11294700
2015-06-10;4.10870400
2015-06-11;4.10769800
2015-06-12;4.10977400
2015-06-15;4.10425000
2015-06-16;4.10428300
2015-06-17;4.10594400
2015-06-18;4.10766700
2015-06-19;4.10823900
2015-06-22;4.11118100
2015-06-23;4.11478500
2015-06-24;4.11475500
2015-06-25;4.11570000
2015-06-26;4.11655900
2015-06-29;4.11218700
2015-06-30;4.11561500
2015-07-01;4.11705700
2015-07-02;4.11563700
2015-07-03;4.11742300
2015-07-06;4.11516500
2015-07-07;4.11818700
2015-07-08;4.11669200
2015-07-09;4.12233000
2015-07-10;4.12661200
2015-07-13;4.12743300
2015-07-14;4.12700800
2015-07-15;4.12717700
2015-07-16;4.13131300
2015-07-17;4.13146000
2015-07-20;4.13341400
2015-07-21;4.13116300
2015-07-22;4.13204500
2015-07-23;4.13582500
2015-07-24;4.13506200
2015-07-27;4.13451000
2015-07-28;4.13316100
2015-07-29;4.13129100
2015-07-30;4.13053600
2015-07-31;4.12987800
2015-08-03;4.13070300
2015-08-04;4.13346900
2015-08-05;4.13415100
2015-08-06;4.13354600
2015-08-07;4.13330400
2015-08-10;4.13417800
2015-08-11;4.13758500
2015-08-12;4.14005700
2015-08-13;4.14145300
2015-08-14;4.14244800
2015-08-17;4.14232000
2015-08-18;4.14240800
2015-08-19;4.14161700
2015-08-24;4.13607600
2015-08-25;4.13606300
2015-08-26;4.13564100
2015-08-27;4.13782200
2015-08-28;4.13925800
2015-08-31;4.14056700
2015-09-01;4.13892500
2015-09-02;4.13898800
2015-09-03;4.14115600
2015-09-04;4.14177900
2015-09-07;4.14326400
2015-09-08;4.14360600
2015-09-09;4.14547300
2015-09-10;4.14487900
2015-09-11;4.14648900
2015-09-14;4.14861600
2015-09-15;4.14926400
2015-09-16;4.14797900
2015-09-17;4.14836200
2015-09-18;4.15154100
2015-09-21;4.15499300
2015-09-22;4.15628200
2015-09-23;4.15814200
2015-09-24;4.16043100
2015-09-25;4.15971400
2015-09-28;4.15906900
2015-09-29;4.15976900
2015-09-30;4.15983500
2015-10-01;4.16038200
2015-10-02;4.16057600
2015-10-05;4.16232900
2015-10-06;4.16311900
2015-10-07;4.16333000
2015-10-08;4.16444700
2015-10-09;4.16543900
2015-10-12;4.16381800
2015-10-13;4.16392900
2015-10-14;4.16289500
2015-10-15;4.16121200
2015-10-16;4.16062200
2015-10-19;4.16003300
2015-10-20;4.15961600
2015-10-21;4.16006900
2015-10-22;4.15935000
2015-10-26;4.16254700
2015-10-27;4.16311900
2015-10-28;4.16413100
2015-10-29;4.16287000
2015-10-30;4.16124200
2015-11-02;4.16169300
2015-11-03;4.16188000
2015-11-04;4.16304700
2015-11-05;4.16301200
2015-11-06;4.16367300
2015-11-09;4.16294200
2015-11-10;4.16188700
2015-11-11;4.16173100
2015-11-12;4.16156800
2015-11-13;4.16244500
2015-11-16;4.16493900
2015-11-17;4.16621900
2015-11-18;4.16603600
2015-11-19;4.16594900
2015-11-20;4.16892000
2015-11-23;4.17019600
2015-11-24;4.16905800
2015-11-25;4.16880500
2015-11-26;4.16881700
2015-11-27;4.16887300
2015-11-30;4.16866300
2015-12-01;4.16820900
2015-12-02;4.16708400
2015-12-03;4.16640000
2015-12-04;4.16053800
2015-12-07;4.16212500
2015-12-08;4.16325300
2015-12-09;4.16358100
2015-12-10;4.16443100
2015-12-11;4.16115500
2015-12-14;4.16098700
2015-12-15;4.15811900
2015-12-16;4.16024200
2015-12-17;4.16246000
2015-12-18;4.16473800
2015-12-21;4.16781400
2015-12-22;4.16982800
2015-12-23;4.17058900
2015-12-28;4.17254400
2015-12-29;4.17261800
2015-12-30;4.17258200
2015-12-31;4.17255700
2016-01-04;4.17254400
2016-01-05;4.17181100
2016-01-06;4.17039400
2016-01-07;4.17267900
2016-01-08;4.16947600
2016-01-11;4.16969900
2016-01-12;4.17485200
2016-01-13;4.17917100
2016-01-14;4.18009900
2016-01-15;4.17914100
2016-01-18;4.17738400
2016-01-19;4.17655700
2016-01-20;4.17922200
2016-01-21;4.17804200
2016-01-22;4.17915300
2016-01-25;4.17944800
2016-01-26;4.17962600
2016-01-27;4.18057600
2016-01-28;4.18529400
2016-01-29;4.18801800
2016-02-01;4.19330200
2016-02-02;4.19178900
2016-02-03;4.19221100
2016-02-04;4.19103400
2016-02-05;4.18959700
2016-02-08;4.18991700
2016-02-09;4.18707600
2016-02-10;4.18819900
2016-02-11;4.18710300
2016-02-12;4.18964200
2016-02-15;4.19235700
2016-02-16;4.19336900
2016-02-17;4.19360800
2016-02-18;4.19498300
2016-02-19;4.19631500
2016-02-22;4.19949400
2016-02-23;4.19981700
2016-02-24;4.20443200
2016-02-25;4.20357400
2016-02-26;4.20379900
2016-02-29;4.20279900
2016-03-01;4.20674500
2016-03-02;4.20362500
2016-03-03;4.20454600
2016-03-04;4.20497500
2016-03-07;4.20749700
2016-03-08;4.19707700
2016-03-09;4.19540000
2016-03-10;4.20010300
2016-03-11;4.19926100
2016-03-16;4.20129600
2016-03-17;4.20438900
2016-03-18;4.20481900
2016-03-21;4.20737500
2016-03-22;4.20646600
2016-03-23;4.21332900
2016-03-24;4.21401900
2016-03-29;4.21550800
2016-03-30;4.21651900
2016-03-31;4.21519700
2016-04-01;4.21362900
2016-04-04;4.21316000
2016-04-05;4.21168500
2016-04-06;4.21003900
2016-04-07;4.20998100
2016-04-08;4.20862900
2016-04-11;4.21301800
2016-04-12;4.21339500
2016-04-13;4.21828100
2016-04-14;4.21927100
2016-04-15;4.21980400
2016-04-18;4.21891900
2016-04-19;4.22123800
2016-04-20;4.22119400
2016-04-21;4.22122700
2016-04-22;4.21984200
2016-04-25;4.22015900
2016-04-26;4.21836800
2016-04-27;4.21108100
2016-04-28;4.20804600
2016-04-29;4.20668400
2016-05-02;4.20555800
2016-05-03;4.20697900
2016-05-04;4.20451700
2016-05-05;4.20631600
2016-05-06;4.20841800
2016-05-09;4.20927600
2016-05-10;4.20660800
2016-05-11;4.20562200
2016-05-12;4.20519400
2016-05-13;4.20282500
2016-05-17;4.20344300
2016-05-18;4.20344800
2016-05-19;4.20014500
2016-05-20;4.20267900
2016-05-23;4.20568300
2016-05-24;4.20600800
2016-05-25;4.20277600
2016-05-26;4.20247600
2016-05-27;4.20268400
2016-05-30;4.20349200
2016-05-31;4.20184000
2016-06-01;4.20192500
2016-06-02;4.20095100
2016-06-03;4.20113300
2016-06-06;4.20353200
2016-06-07;4.20412200
2016-06-08;4.20684700
2016-06-09;4.21213600
2016-06-10;4.21277200
2016-06-13;4.21188800
2016-06-14;4.20905500
2016-06-15;4.20850800
2016-06-16;4.20754000
2016-06-17;4.20794700
2016-06-20;4.21060200
2016-06-21;4.21093600
2016-06-22;4.21218500
2016-06-23;4.21590600
2016-06-24;4.20324900
2016-06-27;4.21108700
2016-06-28;4.21466600
2016-06-29;4.21726800
2016-06-30;4.21778100
2016-07-01;4.22235400
2016-07-04;4.22265100
2016-07-05;4.22295200
2016-07-06;4.22738900
2016-07-07;4.22773400
2016-07-08;4.22995200
2016-07-11;4.23132100
2016-07-12;4.23519100
2016-07-13;4.23490100
2016-07-14;4.23998300
2016-07-15;4.24095500
2016-07-18;4.23927800
2016-07-19;4.23885400
2016-07-20;4.23671300
2016-07-21;4.23539700
2016-07-22;4.23455500
2016-07-25;4.23483200
2016-07-26;4.23849400
2016-07-27;4.23877400
2016-07-28;4.24210800
2016-07-29;4.24137100
2016-08-01;4.24256000
2016-08-02;4.24066500
2016-08-03;4.23626900
2016-08-04;4.23511600
2016-08-05;4.23816700
2016-08-08;4.23926000
2016-08-09;4.24144600
2016-08-10;4.24258500
2016-08-11;4.24380500
2016-08-12;4.24411700
2016-08-15;4.24666000
2016-08-16;4.24719800
2016-08-17;4.24570600
2016-08-18;4.24682100
2016-08-19;4.24818000
2016-08-22;4.24842400
2016-08-23;4.24733200
2016-08-24;4.24753900
2016-08-25;4.24503100
2016-08-26;4.24522600
2016-08-29;4.24563600
2016-08-30;4.24686200
2016-08-31;4.24641200
2016-09-01;4.24562100
2016-09-02;4.24293000
2016-09-05;4.24375200
2016-09-06;4.24437700
2016-09-07;4.24653900
2016-09-08;4.24848500
2016-09-09;4.24735200
2016-09-12;4.24619700
2016-09-13;4.24814200
2016-09-14;4.24729500
2016-09-15;4.24674200
2016-09-16;4.24779700
2016-09-19;4.25291300
2016-09-20;4.25314500
2016-09-21;4.25378400
2016-09-22;4.25448100
2016-09-23;4.25521300
2016-09-26;4.25521300
2016-09-27;4.25586800
2016-09-28;4.25509600
2016-09-29;4.25618600
2016-09-30;4.25580100
2016-10-03;4.25613700
2016-10-04;4.25624300
2016-10-05;4.25571200
2016-10-06;4.25578300
2016-10-07;4.25346800
2016-10-10;4.25307700
2016-10-11;4.25205900
2016-10-12;4.25173200
2016-10-13;4.25238300
2016-10-14;4.25223200
2016-10-17;4.25213500
2016-10-18;4.25390100
2016-10-19;4.25625100
2016-10-20;4.25808000
2016-10-21;4.26012300
2016-10-24;4.26299600
2016-10-25;4.26376800
2016-10-26;4.26348600
2016-10-27;4.26269400
2016-10-28;4.26146300
2016-11-02;4.26014300
2016-11-03;4.26015600
2016-11-04;4.25947600
2016-11-07;4.26135500
2016-11-08;4.26012000
2016-11-09;4.25986400
2016-11-10;4.25382100
2016-11-11;4.25127600
2016-11-14;4.24735800
2016-11-15;4.24991600
2016-11-16;4.24787000
2016-11-17;4.24849400
2016-11-18;4.24664700
2016-11-21;4.24670500
2016-11-22;4.24972200
2016-11-23;4.24961100
2016-11-24;4.25077300
2016-11-25;4.25132500
2016-11-28;4.25439100
2016-11-29;4.25680600
2016-11-30;4.25911800
2016-12-01;4.25649300
2016-12-02;4.25329400
2016-12-05;4.25419700
2016-12-06;4.25636800
2016-12-07;4.26025800
2016-12-08;4.26227000
2016-12-09;4.26251800
2016-12-12;4.26374200
2016-12-13;4.26705100
2016-12-14;4.26755700
2016-12-15;4.26431900
2016-12-16;4.25702800
2016-12-19;4.25864500
2016-12-20;4.26414500
2016-12-21;4.26976700
2016-12-22;4.27079300
2016-12-23;4.27174600
2016-12-27;4.27075500
2016-12-28;4.27066700
2016-12-29;4.27106700
2016-12-30;4.27201600
2017-01-02;4.27414500
2017-01-03;4.27279600
2017-01-04;4.27116300
2017-01-05;4.27115100
2017-01-06;4.27039000
2017-01-09;4.26601400
2017-01-10;4.26396200
2017-01-11;4.26701500
2017-01-12;4.26821400
2017-01-13;4.26826500
2017-01-16;4.26664700
2017-01-17;4.26833200
2017-01-18;4.26699100
2017-01-19;4.26764300
2017-01-20;4.26612500
2017-01-23;4.26618800
2017-01-24;4.26710400
2017-01-25;4.26630000
2017-01-26;4.26628800
2017-01-27;4.26612200
2017-01-30;4.26659200
2017-01-31;4.26862400
2017-02-01;4.26733000
2017-02-02;4.26730200
2017-02-03;4.26555100
2017-02-06;4.26471800
2017-02-07;4.26528200
2017-02-08;4.26420000
2017-02-09;4.26593300
2017-02-10;4.26558700
2017-02-13;4.26415600
2017-02-14;4.26476000
2017-02-15;4.26428100
2017-02-16;4.26406700
2017-02-17;4.26508500
2017-02-20;4.26481100
2017-02-21;4.26493200
2017-02-22;4.26625200
2017-02-23;4.26757400
2017-02-24;4.26742800
2017-02-27;4.26906800
2017-02-28;4.27036100
2017-03-01;4.26773300
2017-03-02;4.26650400
2017-03-03;4.26642900
2017-03-06;4.26673900
2017-03-07;4.26679200
2017-03-08;4.26594100
2017-03-09;4.26478500
2017-03-10;4.26222800
2017-03-13;4.26348800
2017-03-14;4.26345900
2017-03-16;4.26280700
2017-03-17;4.26230100
2017-03-20;4.26304700
2017-03-21;4.26240600
2017-03-22;4.26692200
2017-03-23;4.26806100
2017-03-24;4.26943600
2017-03-27;4.27286100
2017-03-28;4.27167500
2017-03-29;4.27381800
2017-03-30;4.27543100
2017-03-31;4.27557500
2017-04-03;4.27825800
2017-04-04;4.27638900
2017-04-05;4.27576200
2017-04-06;4.27654500
2017-04-07;4.27606100
2017-04-10;4.27696500
2017-04-11;4.27664400
2017-04-12;4.27738200
2017-04-13;4.27821500
2017-04-18;4.27743200
2017-04-19;4.27861500
2017-04-20;4.27907700
2017-04-21;4.27772600
2017-04-24;4.27733200
2017-04-25;4.27857800
2017-04-26;4.27711700
2017-04-27;4.27985200
2017-04-28;4.28266700
2017-05-02;4.28229500
2017-05-03;4.28260400
2017-05-04;4.28259200
2017-05-05;4.28348200
2017-05-08;4.28551000
2017-05-09;4.28639800
2017-05-10;4.28895600
2017-05-11;4.29209700
2017-05-12;4.29233300
2017-05-15;4.29330000
2017-05-16;4.29547800
2017-05-17;4.29418600
2017-05-18;4.29564200
2017-05-19;4.29389700
2017-05-22;4.29552800
2017-05-23;4.29677900
2017-05-24;4.29965200
2017-05-25;4.30030700
2017-05-26;4.30045200
2017-05-29;4.29891800
2017-05-30;4.29945900
2017-05-31;4.30018400
2017-06-01;4.30009000
2017-06-02;4.29931700
2017-06-06;4.30075700
2017-06-07;4.30119200
2017-06-08;4.30263300
2017-06-09;4.30349000
2017-06-12;4.30427800
2017-06-13;4.30405200
2017-06-14;4.30489300
2017-06-15;4.30563100
2017-06-16;4.30458200
2017-06-19;4.30477200
2017-06-20;4.30438100
2017-06-21;4.30605600
2017-06-22;4.30774900
2017-06-23;4.30797300
2017-06-26;4.30869600
2017-06-27;4.31051600
2017-06-28;4.30547200
2017-06-29;4.30472900
2017-06-30;4.30618200
2017-07-03;4.30540600
2017-07-04;4.30498400
2017-07-05;4.30432800
2017-07-06;4.30056100
2017-07-07;4.29987100
2017-07-10;4.30210900
2017-07-11;4.30176400
2017-07-12;4.30341200
2017-07-13;4.30575900
2017-07-14;4.30585300
2017-07-17;4.30667500
2017-07-18;4.30689800
2017-07-19;4.30785200
2017-07-20;4.30608400
2017-07-21;4.30662700
2017-07-24;4.30684100
2017-07-25;4.30644000
2017-07-26;4.30587900
2017-07-27;4.30670400
2017-07-28;4.30593900
2017-07-31;4.30826200
2017-08-01;4.30506700
2017-08-02;4.30589300
2017-08-03;4.30701700
2017-08-04;4.30783600
2017-08-07;4.30690600
2017-08-08;4.30825700
2017-08-09;4.30838500
2017-08-10;4.30760100
2017-08-11;4.30663600
2017-08-14;4.30657800
2017-08-15;4.30642400
2017-08-16;4.30714300
2017-08-17;4.30733900
2017-08-18;4.30865200
2017-08-21;4.30949300
2017-08-22;4.30985300
2017-08-23;4.31071200
2017-08-24;4.31343400
2017-08-25;4.31540700
2017-08-28;4.31650200
2017-08-29;4.31879600
2017-08-30;4.31651500
2017-08-31;4.31836900
2017-09-01;4.31709600
2017-09-04;4.31660400
2017-09-05;4.31789400
2017-09-06;4.32007700
2017-09-07;4.32184400
2017-09-08;4.32423800
2017-09-11;4.32635200
2017-09-12;4.32573400
2017-09-13;4.32599700
2017-09-14;4.32974800
2017-09-15;4.33071400
2017-09-18;4.33152200
2017-09-19;4.33250100
2017-09-20;4.33563900
2017-09-21;4.33802000
2017-09-22;4.34242700
2017-09-25;4.34341300
2017-09-26;4.34483600
2017-09-27;4.34206100
2017-09-28;4.33877400
2017-09-29;4.34132900
2017-10-02;4.33703700
2017-10-03;4.33798800
2017-10-04;4.33836800
2017-10-05;4.33722000
2017-10-06;4.33647900
2017-10-09;4.33549000
2017-10-10;4.33622600
2017-10-11;4.33906100
2017-10-12;4.34013900
2017-10-13;4.34053100
2017-10-16;4.34237300
2017-10-17;4.34366000
2017-10-18;4.34398100
2017-10-19;4.34329900
2017-10-20;4.34372400
2017-10-24;4.34477000
2017-10-25;4.34653300
2017-10-26;4.34580900
2017-10-27;4.34551700
2017-10-30;4.34500100
2017-10-31;4.34406400
2017-11-02;4.34393100
2017-11-03;4.34555500
2017-11-06;4.34620700
2017-11-07;4.34668600
2017-11-08;4.34734800
2017-11-09;4.34986200
2017-11-10;4.34902100
2017-11-13;4.34987500
2017-11-14;4.34928700
2017-11-15;4.35155600
2017-11-16;4.35060900
2017-11-17;4.34992200
2017-11-20;4.35008700
2017-11-21;4.35057800
2017-11-22;4.35337900
2017-11-23;4.35661300
2017-11-24;4.35680000
2017-11-27;4.35659400
2017-11-28;4.35594900
2017-11-29;4.35504000
2017-11-30;4.35468200
2017-12-01;4.35662500
2017-12-04;4.35649200
2017-12-05;4.35613000
2017-12-06;4.35566600
2017-12-07;4.35573600
2017-12-08;4.35537600
2017-12-11;4.35481500
2017-12-12;4.35496100
2017-12-13;4.34945100
2017-12-14;4.34946900
2017-12-15;4.35024300
2017-12-18;4.35192000
2017-12-19;4.35468100
2017-12-20;4.35429400
2017-12-21;4.35355100
2017-12-22;4.35346600
2017-12-27;4.35423100
2017-12-28;4.35411500
2017-12-29;4.35479400
2018-01-02;4.35364700
2018-01-03;4.35407500
2018-01-04;4.35686400
2018-01-05;4.35962200
2018-01-08;4.35953400
2018-01-09;4.35926700
2018-01-10;4.35864600
2018-01-11;4.35923500
2018-01-12;4.35835700
2018-01-15;4.35801200
2018-01-16;4.35783100
2018-01-17;4.35826300
2018-01-18;4.35646600
2018-01-19;4.35229500
2018-01-22;4.35140000
2018-01-23;4.35421300
2018-01-24;4.35295000
2018-01-25;4.35341800
2018-01-26;4.35265500
2018-01-29;4.34947300
2018-01-30;4.35031300
2018-01-31;4.34919900
2018-02-01;4.34585800
2018-02-02;4.34326100
2018-02-05;4.33763700
2018-02-06;4.33761900
2018-02-07;4.33840000
2018-02-08;4.33956800
2018-02-09;4.34243200
2018-02-12;4.34242300
2018-02-13;4.34436000
2018-02-14;4.34428700
2018-02-15;4.34214800
2018-02-16;4.34240100
2018-02-19;4.34082100
2018-02-20;4.33904800
2018-02-21;4.34213400
2018-02-22;4.34148300
2018-02-23;4.34371200
2018-02-26;4.34514900
2018-02-27;4.34292700
2018-02-28;4.34303600
2018-03-01;4.34152100
2018-03-02;4.33969300
2018-03-05;4.34020500
2018-03-06;4.33833400
2018-03-07;4.33849300
2018-03-08;4.33786000
2018-03-09;4.33921100
2018-03-12;4.33891400
2018-03-13;4.33975400
2018-03-14;4.34085200
2018-03-19;4.34256000
2018-03-20;4.34309400
2018-03-21;4.34025500
2018-03-22;4.34433000
2018-03-23;4.34337100
2018-03-26;4.34345000
2018-03-27;4.34448500
2018-03-28;4.34617700
2018-03-29;4.34790300
2018-04-03;4.34753200
2018-04-04;4.34625400
2018-04-05;4.34333000
2018-04-06;4.34241300
2018-04-09;4.34595200
2018-04-10;4.34797800
2018-04-11;4.34835100
2018-04-12;4.34835200
2018-04-13;4.34636100
2018-04-16;4.34503400
2018-04-17;4.34592200
2018-04-18;4.34672800
2018-04-19;4.34563800
2018-04-20;4.34547100
2018-04-23;4.34433200
2018-04-24;4.34466200
2018-04-25;4.34420700
2018-04-26;4.34450800
2018-04-27;4.34714000
2018-05-02;4.34550900
2018-05-03;4.34471800
2018-05-04;4.34486700
2018-05-07;4.34444300
2018-05-08;4.34083700
2018-05-09;4.33956800
2018-05-10;4.33933800
2018-05-11;4.33822500
2018-05-14;4.33415800
2018-05-15;4.32989700
2018-05-16;4.32953900
2018-05-17;4.32584300
2018-05-18;4.32886000
2018-05-22;4.32399500
2018-05-23;4.32274500
2018-05-24;4.32816600
2018-05-25;4.32885500
2018-05-28;4.32907900
2018-05-29;4.32826200
2018-05-30;4.32739900
2018-05-31;4.32799700
2018-06-01;4.32076900
2018-06-04;4.32138400
2018-06-05;4.32312000
2018-06-06;4.32242200
2018-06-07;4.32056600
2018-06-08;4.31877900
2018-06-11;4.31475100
2018-06-12;4.31209000
2018-06-13;4.30491300
2018-06-14;4.30217800
2018-06-15;4.30469000
2018-06-18;4.30420300
2018-06-19;4.30308000
2018-06-20;4.30375400
2018-06-21;4.29966900
2018-06-22;4.29957900
2018-06-25;4.29923900
2018-06-26;4.29895800
2018-06-27;4.30027700
2018-06-28;4.29947500
2018-06-29;4.29806200
2018-07-02;4.29469700
2018-07-03;4.29015000
2018-07-04;4.29577200
2018-07-05;4.29736800
2018-07-06;4.29932600
2018-07-09;4.30116600
2018-07-10;4.30111000
2018-07-11;4.30391300
2018-07-12;4.30354500
2018-07-13;4.30358300
2018-07-16;4.30431600
2018-07-17;4.30538600
2018-07-18;4.30825800
2018-07-19;4.30864000
2018-07-20;4.30688400
2018-07-23;4.30725700
2018-07-24;4.30637300
2018-07-25;4.30786800
2018-07-26;4.31328000
2018-07-27;4.31346500
2018-07-30;4.31363300
2018-07-31;4.31373400
2018-08-01;4.31386300
2018-08-02;4.31138000
2018-08-03;4.31053100
2018-08-06;4.31027400
2018-08-07;4.30980100
2018-08-08;4.30567300
2018-08-09;4.30398400
2018-08-10;4.30306200
2018-08-13;4.29826800
2018-08-14;4.30420300
2018-08-15;4.30441000
2018-08-16;4.30388700
2018-08-17;4.30420100
2018-08-21;4.30659100
2018-08-22;4.30952900
2018-08-23;4.30983300
2018-08-24;4.31068500
2018-08-27;4.31079500
2018-08-28;4.31078900
2018-08-29;4.30687800
2018-08-30;4.30623600
2018-08-31;4.30577200
2018-09-03;4.30516700
2018-09-04;4.30407000
2018-09-05;4.30140200
2018-09-06;4.30218200
2018-09-07;4.30587900
2018-09-10;4.30524500
2018-09-11;4.30326200
2018-09-12;4.30239200
2018-09-13;4.30169900
2018-09-14;4.30277800
2018-09-17;4.30016500
2018-09-18;4.29565600
2018-09-19;4.29877400
2018-09-20;4.29926000
2018-09-21;4.30226500
2018-09-24;4.30351300
2018-09-25;4.30198200
2018-09-26;4.30320400
2018-09-27;4.30371300
2018-09-28;4.30526700
2018-10-01;4.30477100
2018-10-02;4.30510200
2018-10-03;4.30472600
2018-10-04;4.30283000
2018-10-05;4.30091900
2018-10-08;4.30066800
2018-10-09;4.29610900
2018-10-10;4.29352600
2018-10-11;4.29472400
2018-10-12;4.29297500
2018-10-15;4.29451900
2018-10-16;4.29456800
2018-10-17;4.29857600
2018-10-18;4.30045200
2018-10-19;4.29920400
2018-10-24;4.30305900
2018-10-25;4.30292800
2018-10-26;4.30444500
2018-10-29;4.30736800
2018-10-30;4.30920800
2018-10-31;4.30628500
2018-11-05;4.30664900
2018-11-06;4.31025100
2018-11-07;4.31083800
2018-11-08;4.30787800
2018-11-09;4.30779100
2018-11-12;4.30719900
2018-11-13;4.30613700
2018-11-14;4.30755300
2018-11-15;4.30633300
2018-11-16;4.30687600
2018-11-19;4.30793700
2018-11-20;4.31042400
2018-11-21;4.31175400
2018-11-22;4.31468000
2018-11-23;4.31579700
2018-11-26;4.31926000
2018-11-27;4.31925100
2018-11-28;4.32059800
2018-11-29;4.32086200
2018-11-30;4.32550800
2018-12-03;4.32385800
2018-12-04;4.32658600
2018-12-05;4.32495700
2018-12-06;4.32527700
2018-12-07;4.32701500
2018-12-10;4.32510600
2018-12-11;4.32567600
2018-12-12;4.32495200
2018-12-13;4.32480300
2018-12-14;4.32431500
2018-12-17;4.32427100
2018-12-18;4.32387800
2018-12-19;4.32669000
2018-12-20;4.32835000
2018-12-21;4.33085100
2018-12-27;4.33381800
2018-12-28;4.33505500
2018-12-31;4.33514500
2019-01-02;4.33882700
2019-01-03;4.34167200
2019-01-04;4.34052500
2019-01-07;4.33937400
2019-01-08;4.33649800
2019-01-09;4.33974100
2019-01-10;4.34059700
2019-01-11;4.34064000
2019-01-14;4.34457700
2019-01-15;4.34767000
2019-01-16;4.34263700
2019-01-17;4.33879500
2019-01-18;4.33713400
2019-01-21;4.33758300
2019-01-22;4.33772300
2019-01-23;4.33750200
2019-01-24;4.33987500
2019-01-25;4.34102600
2019-01-28;4.33919200
2019-01-29;4.33920000
2019-01-30;4.33893500
2019-01-31;4.34212600
2019-02-01;4.34545100
2019-02-04;4.34451500
2019-02-05;4.34335100
2019-02-06;4.34605900
2019-02-07;4.34727100
2019-02-08;4.34677000
2019-02-11;4.34557500
2019-02-12;4.34286500
2019-02-13;4.34391500
2019-02-14;4.34327000
2019-02-15;4.34273300
2019-02-18;4.34290600
2019-02-19;4.34290400
2019-02-20;4.34523200
2019-02-21;4.34612100
2019-02-22;4.34639600
2019-02-25;4.34617700
2019-02-26;4.34596900
2019-02-27;4.34549000
2019-02-28;4.34507400
2019-03-01;4.34290900
2019-03-04;4.34269600
2019-03-05;4.34191300
2019-03-06;4.34407700
2019-03-07;4.34475100
2019-03-08;4.34515200
2019-03-11;4.34505400
2019-03-12;4.34441900
2019-03-13;4.34416900
2019-03-14;4.34383200
2019-03-18;4.34473200
2019-03-19;4.34719500
2019-03-20;4.34827800
2019-03-21;4.35255800
2019-03-22;4.35463100
2019-03-25;4.35583600
2019-03-26;4.35497100
2019-03-27;4.36072900
2019-03-28;4.36065600
2019-03-29;4.36054100
2019-04-01;4.35868700
2019-04-02;4.35769400
2019-04-03;4.35790700
2019-04-04;4.35710300
2019-04-05;4.35626700
2019-04-08;4.35458200
2019-04-09;4.35191400
2019-04-11;4.35211700
2019-04-12;4.34917400
2019-04-15;4.34844600
2019-04-16;4.35082900
2019-04-17;4.34976800
2019-04-18;4.35288300
2019-04-23;4.35223100
2019-04-24;4.35300100
2019-04-25;4.35225600
2019-04-26;4.35200300
2019-04-29;4.35175100
2019-04-30;4.35045300
2019-05-02;4.34885900
2019-05-03;4.34752100
2019-05-06;4.34832000
2019-05-07;4.34806200
2019-05-08;4.34763200
2019-05-09;4.34834600
2019-05-10;4.34924000
2019-05-13;4.35085000
2019-05-14;4.35329400
2019-05-15;4.35454300
2019-05-16;4.35505500
2019-05-17;4.35526300
2019-05-20;4.35299800
2019-05-21;4.35245000
2019-05-22;4.35365200
2019-05-23;4.35626200
2019-05-24;4.35642800
2019-05-27;4.35699700
2019-05-28;4.35809600
2019-05-29;4.35875300
2019-05-30;4.35933500
2019-05-31;4.36291600
2019-06-03;4.36643500
2019-06-04;4.36398800
2019-06-05;4.36375700
2019-06-06;4.36599000
2019-06-07;4.36492200
2019-06-11;4.36514700
2019-06-12;4.36577400
2019-06-13;4.36720000
2019-06-14;4.36842000
2019-06-17;4.36766300
2019-06-18;4.37019100
2019-06-19;4.36825700
2019-06-20;4.37085400
2019-06-21;4.36828300
2019-06-24;4.36849300
2019-06-25;4.36849500
2019-06-26;4.36701300
2019-06-27;4.36612500
2019-06-28;4.36700400
2019-07-01;4.36711400
2019-07-02;4.37008500
2019-07-03;4.37503700
2019-07-04;4.37582800
2019-07-05;4.37557200
2019-07-08;4.37399300
2019-07-09;4.37499700
2019-07-10;4.37230000
2019-07-11;4.37292600
2019-07-12;4.37047300
2019-07-15;4.37083200
2019-07-16;4.37271000
2019-07-17;4.37221400
2019-07-18;4.37342200
2019-07-19;4.37492600
2019-07-22;4.37544700
2019-07-23;4.37776900
2019-07-24;4.38020200
2019-07-25;4.38181600
2019-07-26;4.38151900
2019-07-29;4.38311100
2019-07-30;4.38215300
2019-07-31;4.38305800
2019-08-01;4.38151700
2019-08-02;4.38630800
2019-08-05;4.39073200
2019-08-06;4.38995600
2019-08-07;4.39041900
2019-08-08;4.39118600
2019-08-09;4.39272800
2019-08-12;4.39449600
2019-08-13;4.39655000
2019-08-14;4.40144700
2019-08-15;4.39970000
2019-08-16;4.39838000
2019-08-21;4.39506700
2019-08-22;4.39130900
2019-08-23;4.39000300
2019-08-26;4.39244200
2019-08-27;4.39456400
2019-08-28;4.39555900
2019-08-29;4.39428100
2019-08-30;4.39190200
2019-09-02;4.39234600
2019-09-03;4.39351700
2019-09-04;4.39143300
2019-09-05;4.38857800
2019-09-06;4.38662200
2019-09-09;4.38657400
2019-09-10;4.38501400
2019-09-11;4.38724200
2019-09-12;4.39029400
2019-09-13;4.38893100
2019-09-16;4.38967500
2019-09-17;4.38978400
2019-09-18;4.39101100
2019-09-19;4.39080900
2019-09-20;4.39200500
2019-09-23;4.39319000
2019-09-24;4.39410700
2019-09-25;4.39364300
2019-09-26;4.39176600
2019-09-27;4.39198600
2019-09-30;4.39112300
2019-10-01;4.38998300
2019-10-02;4.39052800
2019-10-03;4.39252100
2019-10-04;4.39425300
2019-10-07;4.39416200
2019-10-08;4.39335200
2019-10-09;4.39313900
2019-10-10;4.39162600
2019-10-11;4.38989300
2019-10-14;4.39018900
2019-10-15;4.39148200
2019-10-16;4.39047800
2019-10-17;4.38871200
2019-10-18;4.38989700
2019-10-21;4.39013000
2019-10-22;4.39153900
2019-10-24;4.39190100
2019-10-25;4.39258000
2019-10-28;4.39340300
2019-10-29;4.39362400
2019-10-30;4.39338600
2019-10-31;4.39531700
2019-11-04;4.39509100
2019-11-05;4.39157800
2019-11-06;4.39155500
2019-11-07;4.39170300
2019-11-08;4.38693000
2019-11-11;4.39046300
2019-11-12;4.39029300
2019-11-13;4.39246300
2019-11-14;4.39194900
2019-11-15;4.39192900
2019-11-18;4.39183800
2019-11-19;4.39203400
2019-11-20;4.39355200
2019-11-21;4.39436700
2019-11-22;4.39461700
2019-11-25;4.39537800
2019-11-26;4.39644600
2019-11-27;4.39616500
2019-11-28;4.39566400
2019-11-29;4.39488400
2019-12-02;4.39078400
2019-12-03;4.39285500
2019-12-04;4.39406300
2019-12-05;4.39402600
2019-12-06;4.39528400
2019-12-09;4.39825400
2019-12-10;4.39472800
2019-12-11;4.39483800
2019-12-12;4.39433100
2019-12-13;4.39429300
2019-12-16;4.39516500
2019-12-17;4.39538900
2019-12-18;4.39486800
2019-12-19;4.39182300
2019-12-20;4.39219400
2019-12-23;4.39276900
2019-12-30;4.39180500
2019-12-31;4.39180200
2020-01-02;4.39148100
2020-01-03;4.39494000
2020-01-06;4.39466700
2020-01-07;4.39424500
2020-01-08;4.39294000
2020-01-09;4.39288300
2020-01-10;4.39290100
2020-01-13;4.39164000
2020-01-14;4.38816400
2020-01-15;4.38829800
2020-01-16;4.38752700
2020-01-17;4.38619800
2020-01-20;4.38564600
2020-01-21;4.38447100
2020-01-22;4.38464000
2020-01-23;4.38315300
2020-01-24;4.38644500
2020-01-27;4.38955000
2020-01-28;4.38708500
2020-01-29;4.38513500
2020-01-30;4.38584700
2020-01-31;4.38603000
2020-02-03;4.38767400
2020-02-04;4.38542600
2020-02-05;4.38568400
2020-02-06;4.38668800
2020-02-07;4.38609900
2020-02-10;4.38802000
2020-02-11;4.38774800
2020-02-12;4.38693500
2020-02-13;4.37924000
2020-02-14;4.37468200
2020-02-17;4.36604300
2020-02-18;4.36983100
2020-02-19;4.36976200
2020-02-20;4.36712900
2020-02-21;4.37074700
2020-02-24;4.37455500
2020-02-25;4.37572700
2020-02-26;4.37340100
2020-02-27;4.37127700
2020-02-28;4.37397300
2020-03-02;4.37813100
2020-03-03;4.37621900
2020-03-04;4.38047300
2020-03-05;4.38022000
2020-03-06;4.38228900
2020-03-09;4.38980400
2020-03-10;4.38437800
2020-03-11;4.38447800
2020-03-12;4.36984000
2020-03-13;4.36142900
2020-03-16;4.34386800
2020-03-17;4.35572600
2020-03-18;4.33765700
2020-03-19;4.33928400
2020-03-20;4.34365000
2020-03-23;4.35283300
2020-03-24;4.37438100
2020-03-25;4.36755500
2020-03-26;4.37506300
2020-03-27;4.37836400
2020-03-30;4.37068000
2020-03-31;4.36421900
2020-04-01;4.36259400
2020-04-02;4.36235600
2020-04-03;4.35005800
2020-04-06;4.35769000
2020-04-07;4.35595800
2020-04-08;4.35285100
2020-04-09;4.35646100
2020-04-14;4.35918000
2020-04-15;4.36969700
2020-04-16;4.37206600
2020-04-17;4.37190100
2020-04-20;4.37322600
2020-04-21;4.37094400
2020-04-22;4.37166500
2020-04-23;4.36751000
2020-04-24;4.37042100
2020-04-27;4.37203200
2020-04-28;4.37059300
2020-04-29;4.37961500
2020-04-30;4.37864800
2020-05-04;4.37641200
2020-05-05;4.37630200
2020-05-06;4.37609500
2020-05-07;4.37411800
2020-05-08;4.37593600
2020-05-11;4.37669400
2020-05-12;4.37867400
2020-05-13;4.37929800
2020-05-14;4.38196100
2020-05-15;4.38267000
2020-05-18;4.38646000
2020-05-19;4.38446600
2020-05-20;4.38436100
2020-05-21;4.38405500
2020-05-22;4.38239200
2020-05-25;4.38313300
2020-05-26;4.38125700
2020-05-27;4.37614900
2020-05-28;4.37661700
2020-05-29;4.38647700
2020-06-02;4.38523900
2020-06-03;4.38395000
2020-06-04;4.38526800
2020-06-05;4.38355500
2020-06-08;4.38051100
2020-06-09;4.38106900
2020-06-10;4.38090300
2020-06-11;4.38627200
2020-06-12;4.38568000
2020-06-15;4.38605500
2020-06-16;4.38513100
2020-06-17;4.38340200
2020-06-18;4.38494200
2020-06-19;4.38736100
2020-06-22;4.39067300
2020-06-23;4.39266000
2020-06-24;4.40313000
2020-06-25;4.39993200
2020-06-26;4.40339200
2020-06-29;4.40301500
2020-06-30;4.40307100
2020-07-01;4.40129200
2020-07-02;4.40076900
2020-07-03;4.40035500
2020-07-06;4.39989000
2020-07-07;4.39757300
2020-07-08;4.39879300
2020-07-09;4.39798400
2020-07-10;4.39852000
2020-07-13;4.39772900
2020-07-14;4.39662600
2020-07-15;4.39533800
2020-07-16;4.39359000
2020-07-17;4.39501300
2020-07-20;4.39873900
2020-07-21;4.39985400
2020-07-22;4.40324900
2020-07-23;4.40373300
2020-07-24;4.40369000
2020-07-27;4.40411100
2020-07-28;4.40373400
2020-07-29;4.40376000
2020-07-30;4.40376000
2020-07-31;4.40485200
2020-08-03;4.40443800
2020-08-04;4.40396200
2020-08-05;4.40549200
2020-08-06;4.40536400
2020-08-07;4.40524400
2020-08-10;4.40447400
2020-08-11;4.40083500
2020-08-12;4.39652000
2020-08-13;4.39814600
2020-08-14;4.39666400
2020-08-17;4.39671100
2020-08-18;4.39536500
2020-08-19;4.39421500
2020-08-24;4.39260100
2020-08-25;4.39181800
2020-08-26;4.39433300
2020-08-27;4.39423700
2020-08-28;4.39219800
2020-08-31;4.39332900
2020-09-01;4.39307400
2020-09-02;4.39319500
2020-09-03;4.39224500
2020-09-04;4.39361800
2020-09-07;4.39399000
2020-09-08;4.39390500
2020-09-09;4.38986500
2020-09-10;4.38942800
2020-09-11;4.39119400
2020-09-14;4.39278300
2020-09-15;4.39133700
2020-09-16;4.39261400
2020-09-17;4.39335600
2020-09-18;4.39360400
2020-09-21;4.39185300
2020-09-22;4.39042000
2020-09-23;4.38843100
2020-09-24;4.38563900
2020-09-25;4.38872700
2020-09-28;4.38835500
2020-09-29;4.38675900
2020-09-30;4.38839100
2020-10-01;4.38920200
2020-10-02;4.39102300
2020-10-05;4.39161100
2020-10-06;4.39050400
2020-10-07;4.39019700
2020-10-08;4.39398200
2020-10-09;4.39646600
2020-10-12;4.39654300
2020-10-13;4.39738200
2020-10-14;4.39542800
2020-10-15;4.39608300
2020-10-16;4.39734200
2020-10-19;4.39696200
2020-10-20;4.39617200
2020-10-21;4.39500300
2020-10-22;4.39424900
2020-10-26;4.39375900
2020-10-27;4.39379100
2020-10-28;4.39792700
2020-10-29;4.39755000
2020-10-30;4.39926800
2020-11-02;4.39697100
2020-11-03;4.40022400
2020-11-04;4.40160800
2020-11-05;4.40817400
2020-11-06;4.40799800
2020-11-09;4.40759800
2020-11-10;4.40683000
2020-11-11;4.40662900
2020-11-12;4.40820000
2020-11-13;4.41024800
2020-11-16;4.40970900
2020-11-17;4.40931000
2020-11-18;4.40899000
2020-11-19;4.41003800
2020-11-20;4.41054100
2020-11-23;4.41069100
2020-11-24;4.41093400
2020-11-25;4.41045100
2020-11-26;4.41031600
2020-11-27;4.41061700
2020-11-30;4.41207800
2020-12-01;4.41120900
2020-12-02;4.41075900
2020-12-03;4.40935200
2020-12-04;4.40923800
2020-12-07;4.40902700
2020-12-08;4.40932300
2020-12-09;4.41051900
2020-12-10;4.41150200
2020-12-11;4.41224900
2020-12-14;4.41241200
2020-12-15;4.41723800
2020-12-16;4.41686300
2020-12-17;4.41688900
2020-12-18;4.41827500
2020-12-21;4.41884300
2020-12-22;4.41868200
2020-12-23;4.41910900
2020-12-28;4.41933300
2020-12-29;4.41931200
2020-12-30;4.42077300
2020-12-31;4.42076100
2021-01-04;4.42163900
2021-01-05;4.42194500
2021-01-06;4.42044600
2021-01-07;4.41899200
2021-01-08;4.41809300
2021-01-11;4.41586100
2021-01-12;4.41371200
2021-01-13;4.41578900
2021-01-14;4.41649900
2021-01-15;4.41501800
2021-01-18;4.41555600
2021-01-19;4.41473700
2021-01-20;4.41407300
2021-01-21;4.41492700
2021-01-22;4.41667900
2021-01-25;4.41781500
2021-01-26;4.41857300
2021-01-27;4.41836000
2021-01-28;4.41880800
2021-01-29;4.41777100
2021-02-01;4.41766800
2021-02-02;4.41567300
2021-02-03;4.41571600
2021-02-04;4.41699600
2021-02-05;4.41520100
2021-02-08;4.41464600
2021-02-09;4.41663500
2021-02-10;4.41762300
2021-02-11;4.41911500
2021-02-12;4.41849600
2021-02-15;4.41222100
2021-02-16;4.41264400
2021-02-17;4.41093400
2021-02-18;4.41006800
2021-02-19;4.41029200
2021-02-22;4.40786300
2021-02-23;4.40365800
2021-02-24;4.40249400
2021-02-25;4.39177500
2021-02-26;4.39409400
2021-03-01;4.39827700
2021-03-02;4.39962800
2021-03-03;4.40038300
2021-03-04;4.39920000
2021-03-05;4.39668700
2021-03-08;4.38974000
2021-03-09;4.39221100
2021-03-10;4.39289200
2021-03-11;4.39761300
2021-03-12;4.39584100
2021-03-16;4.39507200
2021-03-17;4.39508600
2021-03-18;4.39506100
2021-03-19;4.39569800
2021-03-22;4.39796400
2021-03-23;4.39997600
2021-03-24;4.40011600
2021-03-25;4.40013000
2021-03-26;4.39916100
2021-03-29;4.39978800
2021-03-30;4.39680000
2021-03-31;4.39671800
2021-04-01;4.39602000
2021-04-06;4.39589500
2021-04-07;4.39796400
2021-04-08;4.39754600
2021-04-09;4.39808300
2021-04-12;4.39945500
2021-04-13;4.39874900
2021-04-14;4.40141900
2021-04-15;4.40463200
2021-04-16;4.40696600
2021-04-19;4.40912600
2021-04-20;4.40643800
2021-04-21;4.40642700
2021-04-22;4.40749900
2021-04-23;4.40805400
2021-04-26;4.40799600
2021-04-27;4.40867400
2021-04-28;4.40804900
2021-04-29;4.40816900
2021-04-30;4.40826700
2021-05-03;4.40732400
2021-05-04;4.40762600
2021-05-05;4.40758100
2021-05-06;4.40779600
2021-05-07;4.40800900
2021-05-10;4.40810800
2021-05-11;4.40500000
2021-05-12;4.40361100
2021-05-13;4.39794500
2021-05-14;4.39775500
2021-05-17;4.39197900
2021-05-18;4.38598800
2021-05-19;4.38555900
2021-05-20;4.38975300
2021-05-21;4.39038100
2021-05-25;4.39413000
2021-05-26;4.39753100
2021-05-27;4.39467600
2021-05-28;4.39418900
2021-05-31;4.39438400
2021-06-01;4.39357200
2021-06-02;4.39266100
2021-06-03;4.39456400
2021-06-04;4.39456800
2021-06-07;4.39458500
2021-06-08;4.39491600
2021-06-09;4.39594200
2021-06-10;4.39600200
2021-06-11;4.39866500
2021-06-14;4.39789200
2021-06-15;4.39542900
2021-06-16;4.39407500
2021-06-17;4.39361300
2021-06-18;4.39453300
2021-06-21;4.39320600
2021-06-22;4.39303800
2021-06-23;4.39484700
2021-06-24;4.39481500
2021-06-25;4.39552700
2021-06-28;4.39524000
2021-06-29;4.39655900
2021-06-30;4.40101700
2021-07-01;4.39872400
2021-07-02;4.39999400
2021-07-05;4.40003100
2021-07-06;4.39925800
2021-07-07;4.39919600
2021-07-08;4.39926300
2021-07-09;4.39953100
2021-07-12;4.39958500
2021-07-13;4.40042900
2021-07-14;4.40010500
2021-07-15;4.40099700
2021-07-16;4.40047500
2021-07-19;4.40117600
2021-07-20;4.40175900
2021-07-21;4.40201400
2021-07-22;4.40086700
2021-07-23;4.40141400
2021-07-26;4.40171400
2021-07-27;4.40134900
2021-07-28;4.39972000
2021-07-29;4.39919800
2021-07-30;4.39950000
2021-08-02;4.40012900
2021-08-03;4.40022100
2021-08-04;4.40091700
2021-08-05;4.40218000
2021-08-06;4.40140700
2021-08-09;4.40047500
2021-08-10;4.40020100
2021-08-11;4.39879900
2021-08-12;4.39808400
2021-08-13;4.39959700
2021-08-16;4.40018200
2021-08-17;4.40053600
2021-08-18;4.40064800
2021-08-19;4.40181000
2021-08-23;4.40138800
2021-08-24;4.39778900
2021-08-25;4.39681300
2021-08-26;4.39306900
2021-08-27;4.39187300
2021-08-30;4.39205900
2021-08-31;4.39154200
2021-09-01;4.38750500
2021-09-02;4.38438100
2021-09-03;4.38409700
2021-09-06;4.38414100
2021-09-07;4.38376600
2021-09-08;4.38295300
2021-09-09;4.38351500
2021-09-10;4.38443700
2021-09-13;4.38463700
2021-09-14;4.38464200
2021-09-15;4.38419500
2021-09-16;4.38441200
2021-09-17;4.38252100
2021-09-20;4.38189700
2021-09-21;4.38204500
2021-09-22;4.38416200
2021-09-23;4.38505900
2021-09-24;4.38373800
2021-09-27;4.38344300
2021-09-28;4.38016200
2021-09-29;4.38218900
2021-09-30;4.38298800
2021-10-01;4.37653300
2021-10-04;4.37141000
2021-10-05;4.37182000
2021-10-06;4.37081700
2021-10-07;4.37280900
2021-10-08;4.37314700
2021-10-11;4.37278200
2021-10-12;4.37195900
2021-10-13;4.37026700
2021-10-14;4.37039700
2021-10-15;4.37035700
2021-10-18;4.36695000
2021-10-19;4.36637000
2021-10-20;4.36710000
2021-10-21;4.36831500
2021-10-22;4.36799600
2021-10-25;4.36736600
2021-10-26;4.36689700
2021-10-27;4.36839500
2021-10-28;4.36846500
2021-10-29;4.36778900
2021-11-02;4.36761300
2021-11-03;4.37039600
2021-11-04;4.37088900
2021-11-05;4.36626500
2021-11-08;4.36668400
2021-11-09;4.36434600
2021-11-10;4.35999600
2021-11-11;4.35215800
2021-11-12;4.35022500
2021-11-15;4.34702600
2021-11-16;4.34472100
2021-11-17;4.33823400
2021-11-18;4.32960200
2021-11-19;4.32919200
2021-11-22;4.32151600
2021-11-23;4.30723400
2021-11-24;4.31430200
2021-11-25;4.31681300
2021-11-26;4.32302300
2021-11-29;4.32010900
2021-11-30;4.32283400
2021-12-01;4.31839900
2021-12-02;4.31582200
2021-12-03;4.32091200
2021-12-06;4.32872700
2021-12-07;4.32628200
2021-12-08;4.32336400
2021-12-09;4.32859900
2021-12-10;4.33583300
2021-12-13;4.33313300
2021-12-14;4.32709300
2021-12-15;4.32148100
2021-12-16;4.32460600
2021-12-17;4.32549200
2021-12-20;4.32602600
2021-12-21;4.32818900
2021-12-22;4.32939500
2021-12-23;4.33016500
2021-12-27;4.33204700
2021-12-28;4.33186000
2021-12-29;4.33553400
2021-12-30;4.32829600
2021-12-31;4.32839000
2022-01-03;4.32987200
2022-01-04;4.31507000
2022-01-05;4.31808400
2022-01-06;4.31592600
2022-01-07;4.31631400
2022-01-10;4.31738400
2022-01-11;4.32097500
2022-01-12;4.32353900
2022-01-13;4.32538200
2022-01-14;4.32447600
2022-01-17;4.32283800
2022-01-18;4.31928700
2022-01-19;4.31674400
2022-01-20;4.31960400
2022-01-21;4.32311600
2022-01-24;4.32090600
2022-01-25;4.32014700
2022-01-26;4.32214800
2022-01-27;4.31438400
2022-01-28;4.31328600
2022-01-31;4.31401700
2022-02-01;4.31293100
2022-02-02;4.31024200
2022-02-03;4.30903900
2022-02-04;4.31361500
2022-02-07;4.31605000
2022-02-08;4.32084300
2022-02-09;4.32452700
2022-02-10;4.32328700
2022-02-11;4.31711400
2022-02-14;4.31436500
2022-02-15;4.31212800
2022-02-16;4.31276000
2022-02-17;4.31555000
2022-02-18;4.31636000
2022-02-21;4.31702400
2022-02-22;4.31582000
2022-02-23;4.31665500
2022-02-24;4.30580700
2022-02-25;4.30015900
2022-02-28;4.29640100
2022-03-01;4.29409000
2022-03-02;4.28496800
2022-03-03;4.28686000
2022-03-04;4.28116200
2022-03-07;4.26004300
2022-03-08;4.26290500
2022-03-09;4.26727600
2022-03-10;4.26924200
2022-03-11;4.26422900
2022-03-16;4.26607500
2022-03-17;4.27239800
2022-03-18;4.27281600
2022-03-21;4.26711500
2022-03-22;4.25924700
2022-03-23;4.25632700
2022-03-24;4.25080100
2022-03-25;4.25516200
2022-03-28;4.25221100
2022-03-29;4.25626900
2022-03-30;4.25970900
2022-03-31;4.26872500
2022-04-01;4.26593200
2022-04-04;4.26970300
2022-04-05;4.26696700
2022-04-06;4.25339600
2022-04-07;4.25190100
2022-04-08;4.24477700
2022-04-11;4.24199700
2022-04-12;4.24646400
2022-04-13;4.25205300
2022-04-14;4.25647200
2022-04-19;4.25552200
2022-04-20;4.25739400
2022-04-21;4.25522100
2022-04-22;4.25509400
2022-04-25;4.25814600
2022-04-26;4.25746400
2022-04-27;4.25722700
2022-04-28;4.26050800
2022-04-29;4.25728300
2022-05-02;4.25764200
2022-05-03;4.24900700
2022-05-04;4.24864100
2022-05-05;4.25250500
2022-05-06;4.25026700
2022-05-09;4.24959300
2022-05-10;4.24479500
2022-05-11;4.24697400
2022-05-12;4.25088100
2022-05-13;4.25099200
2022-05-16;4.25258900
2022-05-17;4.25333400
2022-05-18;4.25426500
2022-05-19;4.25788300
2022-05-20;4.26512700
2022-05-23;4.27278600
2022-05-24;4.27265200
2022-05-25;4.27562600
2022-05-26;4.26965700
2022-05-27;4.27053700
2022-05-30;4.26955800
2022-05-31;4.27199800
2022-06-01;4.27015500
2022-06-02;4.27257400
2022-06-03;4.27404200
2022-06-07;4.27491600
2022-06-08;4.27318600
2022-06-09;4.26797700
2022-06-10;4.26272100
2022-06-13;4.24098500
2022-06-14;4.23887400
2022-06-15;4.23405100
2022-06-16;4.22698600
2022-06-17;4.22792600
2022-06-20;4.22896200
2022-06-21;4.22836100
2022-06-22;4.23542700
2022-06-23;4.24498300
2022-06-24;4.24966100
2022-06-27;4.23974900
2022-06-28;4.23717700
2022-06-29;4.23795600
2022-06-30;4.24565900
2022-07-01;4.24645300
2022-07-04;4.24805800
2022-07-05;4.24221900
2022-07-06;4.23463800
2022-07-07;4.21522000
2022-07-08;4.22116700
2022-07-11;4.22366600
2022-07-12;4.21768700
2022-07-13;4.20936300
2022-07-14;4.20530200
2022-07-15;4.20722500
2022-07-18;4.21089200
2022-07-19;4.21254600
2022-07-20;4.22033500
2022-07-21;4.21734500
2022-07-22;4.22839700
2022-07-25;4.23725100
2022-07-26;4.23132300
2022-07-27;4.22919200
2022-07-28;4.22710800
2022-07-29;4.23167700
2022-08-01;4.24763400
2022-08-02;4.24725900
2022-08-03;4.24698500
2022-08-04;4.24706300
2022-08-05;4.25296900
2022-08-08;4.25774700
2022-08-09;4.25464600
2022-08-10;4.25492200
2022-08-11;4.25957800
2022-08-12;4.27412300
2022-08-15;4.27589900
2022-08-16;4.26963600
2022-08-17;4.26847800
2022-08-18;4.26721300
2022-08-19;4.25363800
2022-08-22;4.25474600
2022-08-23;4.24620600
2022-08-24;4.24944300
2022-08-25;4.26137000
2022-08-26;4.25709600
2022-08-29;4.25233200
2022-08-30;4.25043200
2022-08-31;4.24636900
2022-09-01;4.23962100
2022-09-02;4.23895600
2022-09-05;4.23520300
2022-09-06;4.23768300
2022-09-07;4.23715000
2022-09-08;4.25509800
2022-09-09;4.23962200
2022-09-12;4.25336900
2022-09-13;4.26212500
2022-09-14;4.25644100
2022-09-15;4.25240000
2022-09-16;4.25412400
2022-09-19;4.25750100
2022-09-20;4.25937600
2022-09-21;4.25657300
2022-09-22;4.25573600
2022-09-23;4.26246800
2022-09-26;4.25224600
2022-09-27;4.25484200
2022-09-28;4.25569600
2022-09-29;4.25206400
2022-09-30;4.25160500
2022-10-03;4.25071500
2022-10-04;4.26095000
2022-10-05;4.25425700
2022-10-06;4.24874800
2022-10-07;4.24712700
2022-10-10;4.23985200
2022-10-11;4.22995500
2022-10-12;4.22348100
2022-10-13;4.21342400
2022-10-14;4.17257300
2022-10-17;4.18635100
2022-10-18;4.18605900
2022-10-19;4.19208400
2022-10-20;4.19455300
2022-10-21;4.19858900
2022-10-24;4.20726400
2022-10-25;4.22761500
2022-10-26;4.23870800
2022-10-27;4.23756100
2022-10-28;4.24108800
2022-11-02;4.23462800
2022-11-03;4.23654900
2022-11-04;4.24293300
2022-11-07;4.26728500
2022-11-08;4.27370900
2022-11-09;4.28252300
2022-11-10;4.31505200
2022-11-11;4.35406700
2022-11-14;4.35048600
2022-11-15;4.35707500
2022-11-16;4.36010300
2022-11-17;4.35690300
2022-11-18;4.37532500
2022-11-21;4.42254300
2022-11-22;4.41642600
2022-11-23;4.42523100
2022-11-24;4.40656100
2022-11-25;4.41267300
2022-11-28;4.41675100
2022-11-29;4.41792800
2022-11-30;4.41528600
2022-12-01;4.40511100
2022-12-02;4.41845800
2022-12-05;4.41430900
2022-12-06;4.39496100
2022-12-07;4.40068100
2022-12-08;4.38612600
2022-12-09;4.36581500
2022-12-12;4.36409100
2022-12-13;4.40553400
2022-12-14;4.40278800
2022-12-15;4.40958700
2022-12-16;4.40895900
2022-12-19;4.41308000
2022-12-20;4.40430500
2022-12-21;4.40152200
2022-12-22;4.40474500
2022-12-23;4.40648800
2022-12-27;4.40924200
2022-12-28;4.41400600
2022-12-29;4.39348000
2022-12-30;4.39947200
2022-12-31;4.40064400
2023-01-02;4.39797800
2023-01-03;4.40283200
2023-01-04;4.42665000
2023-01-05;4.44654800
2023-01-06;4.45892300
2023-01-09;4.46598700
2023-01-10;4.46923300
2023-01-11;4.48058100
2023-01-12;4.49986300
2023-01-13;4.51193700
2023-01-16;4.50857600
2023-01-17;4.49077100
2023-01-18;4.51745300
2023-01-19;4.51335700
2023-01-20;4.50949200
2023-01-23;4.51161300
2023-01-24;4.51732900
2023-01-25;4.52062900
2023-01-26;4.51322300
2023-01-27;4.50874500
2023-01-30;4.50168000
2023-01-31;4.50606900
2023-02-01;4.51079600
2023-02-02;4.52353400
2023-02-03;4.52705300
2023-02-06;4.51795000
2023-02-07;4.51945200
2023-02-08;4.52065500
2023-02-09;4.53444600
2023-02-10;4.52051800
2023-02-13;4.51686800
2023-02-14;4.51907800
2023-02-15;4.51637400
2023-02-16;4.50573600
2023-02-17;4.49477500
2023-02-20;4.49845300
2023-02-21;4.49221700
2023-02-22;4.50686200
2023-02-23;4.50045600
2023-02-24;4.51033700
2023-02-27;4.51664400
2023-02-28;4.51631400
2023-03-01;4.51430800
2023-03-02;4.51305500
2023-03-03;4.51747300
2023-03-06;4.52760300
2023-03-07;4.53074800
2023-03-08;4.52960800
2023-03-09;4.52779800
2023-03-10;4.53378200
2023-03-13;4.54647700
2023-03-14;4.54196400
2023-03-16;4.54361200
2023-03-17;4.54557900
2023-03-20;4.54290400
2023-03-21;4.55034800
2023-03-22;4.55382700
2023-03-23;4.56513900
2023-03-24;4.57113700
2023-03-27;4.57494100
2023-03-28;4.58147300
2023-03-29;4.57861300
2023-03-30;4.57540200
2023-03-31;4.57349900
2023-04-03;4.57530400
2023-04-04;4.57854700
2023-04-05;4.58881300
2023-04-06;4.59027000
2023-04-11;4.59249700
2023-04-12;4.58087500
2023-04-13;4.58472200
2023-04-14;4.58738200
2023-04-17;4.58561200
2023-04-18;4.58671800
2023-04-19;4.60124900
2023-04-20;4.60847500
2023-04-21;4.61410900
2023-04-24;4.62358100
2023-04-25;4.62374100
2023-04-26;4.63280500
2023-04-27;4.62863600
2023-04-28;4.64072400
2023-05-02;4.64354800
2023-05-03;4.64454100
2023-05-04;4.64834000
2023-05-05;4.64510400
2023-05-08;4.64615600
2023-05-09;4.64678900
2023-05-10;4.65076600
2023-05-11;4.65661600
2023-05-12;4.66193000
2023-05-15;4.66643500
2023-05-16;4.67166500
2023-05-17;4.67359700
2023-05-18;4.67680700
2023-05-19;4.67708700
2023-05-22;4.68146700
2023-05-23;4.68177000
2023-05-24;4.68492200
2023-05-25;4.68675400
2023-05-26;4.68908400
2023-05-30;4.69666400
2023-05-31;4.70061200
2023-06-01;4.71102100
2023-06-02;4.72548500
2023-06-05;4.73404800
2023-06-06;4.74266900
2023-06-07;4.74190400
2023-06-08;4.74904200
2023-06-09;4.75464200
2023-06-12;4.76014100
2023-06-13;4.76357300
2023-06-14;4.76325900
2023-06-15;4.76281100
2023-06-16;4.76560300
2023-06-19;4.76730000
2023-06-20;4.77207500
2023-06-21;4.77532400
2023-06-22;4.78067600
2023-06-23;4.78932500
2023-06-26;4.80611300
2023-06-27;4.80920900
2023-06-28;4.81241600
2023-06-29;4.81659400
2023-06-30;4.82370200
2023-07-03;4.82736100
2023-07-04;4.83200900
2023-07-05;4.83471500
2023-07-06;4.83469800
2023-07-07;4.82303400
2023-07-10;4.82853000
2023-07-11;4.83319100
2023-07-12;4.83413300
2023-07-13;4.84418600
2023-07-14;4.84461000
2023-07-17;4.85004100
2023-07-18;4.85700700
2023-07-19;4.85809000
2023-07-20;4.85499900
2023-07-21;4.85613300
2023-07-24;4.85959900
2023-07-25;4.86137800
2023-07-26;4.86494100
2023-07-27;4.87101700
2023-07-28;4.87469500
2023-07-31;4.87789500
2023-08-01;4.87731900
2023-08-02;4.87945400
2023-08-03;4.87971300
2023-08-04;4.87802800
2023-08-07;4.88437900
2023-08-08;4.89040400
2023-08-09;4.88980600
2023-08-10;4.89320500
2023-08-11;4.89510900
2023-08-14;4.90026500
2023-08-15;4.90147400
2023-08-16;4.90454100
2023-08-17;4.90181800
2023-08-18;4.90975900
2023-08-21;4.91274900
2023-08-22;4.91346200
2023-08-23;4.92012100
2023-08-24;4.92781400
2023-08-25;4.93028900
2023-08-28;4.93489300
2023-08-29;4.93922300
2023-08-30;4.94548000
2023-08-31;4.95192000
2023-09-01;4.95278000
2023-09-04;4.95415400
2023-09-05;4.95268800
2023-09-06;4.95376800
2023-09-07;4.96188600
2023-09-08;4.96917500
2023-09-11;4.96943400
2023-09-12;4.97287200
2023-09-13;4.97148900
2023-09-14;4.98142700
2023-09-15;4.97875900
2023-09-18;4.98081500
2023-09-19;4.98566800
2023-09-20;4.98544200
2023-09-21;4.98543300
2023-09-25;4.99753300
2023-09-26;4.99167600
2023-09-27;4.98912000
2023-09-28;4.97973300
2023-09-29;4.98863200
2023-10-02;4.98727800
2023-10-03;4.98547400
2023-10-04;4.98373400
2023-10-05;4.98240000
2023-10-06;4.98331600
2023-10-09;4.98552400
2023-10-10;4.99738400
2023-10-11;5.00534300
2023-10-12;5.00957400
2023-10-13;5.00705100
2023-10-16;5.00861500
2023-10-17;5.01243600
2023-10-18;5.01130700
2023-10-19;5.00903900
2023-10-20;5.01139500
2023-10-24;5.01495800
2023-10-25;5.01646700
2023-10-26;5.01716300
2023-10-27;5.02249700
2023-10-30;5.02589800
2023-10-31;5.03169400
2023-11-02;5.04550300
2023-11-03;5.05499500
2023-11-06;5.05365100
2023-11-07;5.05300000
2023-11-08;5.05448200
2023-11-09;5.05603000
2023-11-10;5.05804700
2023-11-13;5.05839100
2023-11-14;5.06017700
2023-11-15;5.06786500
2023-11-16;5.07444000
2023-11-17;5.08010900
2023-11-20;5.08365200
2023-11-21;5.09371500
2023-11-22;5.09005100
2023-11-23;5.08518700
2023-11-24;5.08278000
2023-11-27;5.08768200
2023-11-28;5.08991200
2023-11-29;5.10079700
2023-11-30;5.10468800
2023-12-01;5.10655700
2023-12-04;5.11793900
2023-12-05;5.12808400
2023-12-06;5.13036100
2023-12-07;5.14241200
2023-12-08;5.13828400
2023-12-11;5.13857200
2023-12-12;5.14769400
2023-12-13;5.14888800
2023-12-14;5.16886600
2023-12-15;5.18224500
2023-12-18;5.18576600
2023-12-19;5.19426800
2023-12-20;5.21792900
2023-12-21;5.21224000
2023-12-22;5.21507200
2023-12-27;5.21934700
2023-12-28;5.21462300
2023-12-29;5.21508800
2023-12-31;5.21612700
2024-01-02;5.20689400
2024-01-03;5.20406800
2024-01-04;5.20302600
2024-01-05;5.19921200
2024-01-08;5.20432400
2024-01-09;5.21249800
2024-01-10;5.21667000
2024-01-11;5.22888000
2024-01-12;5.23523900
2024-01-15;5.23656500
2024-01-16;5.23601100
2024-01-17;5.23512600
2024-01-18;5.23630600
2024-01-19;5.23670200
2024-01-22;5.24061800
2024-01-23;5.23739600
2024-01-24;5.23720100
2024-01-25;5.23672100
2024-01-26;5.23855100
2024-01-29;5.23875600
2024-01-30;5.24046200
2024-01-31;5.24800400
2024-02-01;5.25495600
2024-02-02;5.25805000
2024-02-05;5.24845200
2024-02-06;5.24990900
2024-02-07;5.24758500
2024-02-08;5.25281900
2024-02-09;5.25776100
2024-02-12;5.25580800
2024-02-13;5.25234200
2024-02-14;5.25449200
2024-02-15;5.25993700
2024-02-16;5.25996500
2024-02-19;5.25993800
2024-02-20;5.26271600
2024-02-21;5.26746300
2024-02-22;5.26786100
2024-02-23;5.26998800
2024-02-26;5.27355800
2024-02-27;5.27313000
2024-02-28;5.27056800
2024-02-29;5.27271400
2024-03-01;5.27602100
2024-03-04;5.27744900
2024-03-05;5.27949100
2024-03-06;5.28095700
2024-03-07;5.28150900
2024-03-08;5.28489500
2024-03-11;5.28680600
2024-03-12;5.28475700
2024-03-13;5.28410800
2024-03-14;5.28375300
2024-03-18;5.27919600
2024-03-19;5.28102100
2024-03-20;5.28227700
2024-03-21;5.28741800
2024-03-22;5.28537600
2024-03-25;5.28631500
2024-03-26;5.28715200
2024-03-27;5.28782100
2024-03-28;5.28729700
2024-04-02;5.28907100
2024-04-03;5.28684900
2024-04-04;5.28916400
2024-04-05;5.29018700
2024-04-08;5.28825100
2024-04-09;5.29150700
2024-04-10;5.29222400
2024-04-11;5.28536400
2024-04-12;5.29241000
2024-04-15;5.28902500
2024-04-16;5.28185800
2024-04-17;5.28234500
2024-04-18;5.28590400
2024-04-19;5.28555300
2024-04-22;5.28692000
2024-04-23;5.29151900
2024-04-24;5.29077600
2024-04-25;5.29110700
2024-04-26;5.28924300
2024-04-29;5.29430600
2024-04-30;5.29514600
2024-05-02;5.30093200
2024-05-03;5.30743100
2024-05-06;5.31282100
2024-05-07;5.31846600
2024-05-08;5.32063400
2024-05-09;5.31865000
2024-05-10;5.31986000
2024-05-13;5.32004500
2024-05-14;5.32329200
2024-05-15;5.33008800
2024-05-16;5.33391500
2024-05-17;5.33243600
2024-05-21;5.33462300
2024-05-22;5.33374100
2024-05-23;5.33186100
2024-05-24;5.32733800
2024-05-27;5.32788400
2024-05-28;5.33035600
2024-05-29;5.33091300
2024-05-30;5.33074700
2024-05-31;5.33465000
2024-06-03;5.34047500
2024-06-04;5.34175700
2024-06-05;5.34226700
2024-06-06;5.34724300
2024-06-07;5.34784600
2024-06-10;5.34490900
2024-06-11;5.34612600
2024-06-12;5.34902400
2024-06-13;5.35094200
2024-06-14;5.34770600
2024-06-17;5.34921300
2024-06-18;5.35089400
2024-06-19;5.35719700
2024-06-20;5.35889400
2024-06-21;5.35919400
2024-06-24;5.36025700
2024-06-25;5.36380800
2024-06-26;5.36678500
2024-06-27;5.36747600
2024-06-28;5.36810200
2024-07-01;5.36741600
2024-07-02;5.36398000
2024-07-03;5.36587000
2024-07-04;5.36884100
2024-07-05;5.37151100
2024-07-08;5.37440300
2024-07-09;5.38011100
2024-07-10;5.38458900
2024-07-11;5.38951600
2024-07-12;5.39756000
2024-07-15;5.40158900
2024-07-16;5.40499500
2024-07-17;5.40312700
2024-07-18;5.40480700
2024-07-19;5.40550700
2024-07-22;5.40883100
2024-07-23;5.41392200
2024-07-24;5.41417000
2024-07-25;5.41716600
2024-07-26;5.41625300
2024-07-29;5.42339400
2024-07-30;5.43331900
2024-07-31;5.43811200
2024-08-01;5.44159500
2024-08-02;5.44955100
2024-08-05;5.46317800
2024-08-06;5.45603900
2024-08-07;5.45147700
2024-08-08;5.44872500
2024-08-09;5.44581300
2024-08-12;5.44304500
2024-08-13;5.44881900
2024-08-14;5.45378400
2024-08-15;5.45723100
2024-08-16;5.45368600
2024-08-21;5.45627000
2024-08-22;5.45820300
2024-08-23;5.45879700
2024-08-26;5.46466800
2024-08-27;5.46481400
2024-08-28;5.46369900
2024-08-29;5.46404900
2024-08-30;5.46946000
2024-09-02;5.46750300
2024-09-03;5.46780000
2024-09-04;5.47144300
2024-09-05;5.47830700
2024-09-06;5.48054700
2024-09-09;5.47947700
2024-09-10;5.48413100
2024-09-11;5.48631800
2024-09-12;5.48628500
2024-09-13;5.48634500
2024-09-16;5.48843000
2024-09-17;5.48993200
2024-09-18;5.48984300
2024-09-19;5.49052200
2024-09-20;5.49022600
2024-09-23;5.49203400
2024-09-24;5.49480800
2024-09-25;5.49800500
2024-09-26;5.50135900
2024-09-27;5.50504900
2024-09-30;5.50825400
2024-10-01;5.50914800
2024-10-02;5.50708100
2024-10-03;5.50095200
2024-10-04;5.50149800
2024-10-07;5.49461600
2024-10-08;5.50008200
2024-10-09;5.50387300
2024-10-10;5.50462700
2024-10-11;5.50459300
2024-10-14;5.50173600
2024-10-15;5.50449500
2024-10-16;5.50872500
2024-10-17;5.50735500
2024-10-18;5.50562500
2024-10-21;5.50038200
2024-10-22;5.49622900
2024-10-24;5.49917700
2024-10-25;5.50032500
2024-10-28;5.49764900
2024-10-29;5.49169400
2024-10-30;5.49866800
2024-10-31;5.50028000
2024-11-04;5.50117100
2024-11-05;5.49924100
2024-11-06;5.49687000
2024-11-07;5.50604800
2024-11-08;5.51301000
2024-11-11;5.51055400
2024-11-12;5.51339100
2024-11-13;5.51425400
2024-11-14;5.51755300
2024-11-15;5.51921900
2024-11-18;5.51901300
2024-11-19;5.52290100
2024-11-20;5.52389700
2024-11-21;5.52437100
2024-11-22;5.53247300
2024-11-25;5.53564500
2024-11-26;5.54075500
2024-11-27;5.54313400
2024-11-28;5.53886600
2024-11-29;5.54458100
2024-12-02;5.54560400
2024-12-03;5.54494800
2024-12-04;5.54216100
2024-12-05;5.54479100
2024-12-06;5.54539400
2024-12-09;5.55044400
2024-12-10;5.55574500
2024-12-11;5.55731800
2024-12-12;5.56054900
2024-12-13;5.56070400
2024-12-16;5.55894500
2024-12-17;5.55364400
2024-12-18;5.55577600
2024-12-19;5.55380800
2024-12-20;5.55544800
2024-12-23;5.55847300
2024-12-30;5.56078900
2024-12-31;5.56099500
2025-01-02;5.56077700
2025-01-03;5.55865900
2025-01-06;5.55996200
2025-01-07;5.55379100
2025-01-08;5.55220200
2025-01-09;5.55513400
2025-01-10;5.55310200
2025-01-13;5.54777200
2025-01-14;5.54805800
2025-01-15;5.55101800
2025-01-16;5.55520700
2025-01-17;5.55836200
2025-01-20;5.55641200
2025-01-21;5.55736500
2025-01-22;5.56251500
2025-01-23;5.56526900
2025-01-24;5.56853800
2025-01-27;5.56979700
2025-01-28;5.56939800
2025-01-29;5.57289100
2025-01-30;5.57538700
2025-01-31;5.57675100
2025-02-03;5.57309900
2025-02-04;5.57429700
2025-02-05;5.57868200
2025-02-06;5.58433100
2025-02-07;5.58597600
2025-02-10;5.58507700
2025-02-11;5.57999200
2025-02-12;5.57759800
2025-02-13;5.58122700
2025-02-14;5.58470100
2025-02-17;5.58672100
2025-02-18;5.58682700
2025-02-19;5.58646200
2025-02-20;5.58846100
2025-02-21;5.59083900
2025-02-24;5.59352000
2025-02-25;5.59368200
2025-02-26;5.59444400
2025-02-27;5.59727100
2025-02-28;5.59828300
2025-03-03;5.59605700
2025-03-04;5.59840600
2025-03-05;5.59446600
2025-03-06;5.58921700
2025-03-07;5.59187700
2025-03-10;5.59375200
2025-03-11;5.59119800
2025-03-12;5.58444600
2025-03-13;5.58071500
2025-03-14;5.58437300
2025-03-17;5.58718500
2025-03-18;5.58685400
2025-03-19;5.58746200
2025-03-20;5.58996700
2025-03-21;5.58940600
2025-03-24;5.59098700
2025-03-25;5.59191900
2025-03-26;5.59466900
2025-03-27;5.59268800
2025-03-28;5.59716600
2025-03-31;5.60033500
2025-04-01;5.60077300
2025-04-02;5.60456700
2025-04-03;5.60857500
2025-04-04;5.61527600
2025-04-07;5.61308500
2025-04-08;5.61294000
2025-04-09;5.60651700
2025-04-10;5.60940000
2025-04-11;5.60931400
2025-04-14;5.61266900
2025-04-15;5.61374200
2025-04-16;5.61575500
2025-04-17;5.61701800
2025-04-22;5.62556800
2025-04-23;5.62714600
2025-04-24;5.62940700
2025-04-25;5.63346100
2025-04-28;5.63951100
2025-04-29;5.64087000
2025-04-30;5.64203900
2025-05-05;5.64006100
2025-05-06;5.63854400
2025-05-07;5.64125500
2025-05-08;5.64160200
2025-05-09;5.64115800
2025-05-12;5.64070800
2025-05-13;5.64226100
2025-05-14;5.64029000
2025-05-15;5.63806700
2025-05-16;5.64421700
2025-05-19;5.64540600
2025-05-20;5.64956400
2025-05-21;5.64751700
2025-05-22;5.64915900
2025-05-23;5.65041300
2025-05-26;5.65256900
2025-05-27;5.65554400
2025-05-28;5.65605400
2025-05-29;5.65809600
2025-06-02;5.65964300
2025-06-03;5.66220700
2025-06-04;5.66318200
2025-06-05;5.66506000
2025-06-06;5.66531200
2025-06-10;5.67046800
2025-06-11;5.66696600
2025-06-12;5.66847600
2025-06-13;5.66889400
2025-06-16;5.67144100
2025-06-17;5.67557200
2025-06-18;5.67655700
2025-06-19;5.67860900
2025-06-20;5.67866300
2025-06-23;5.68027600
2025-06-24;5.68438600
2025-06-25;5.68448300
2025-06-26;5.68776700
2025-06-27;5.68777100
2025-06-30;5.68956100
2025-07-01;5.69276400
2025-07-02;5.69290800
2025-07-03;5.69522600
2025-07-04;5.69678200
2025-07-07;5.69914100
2025-07-08;5.69749600
2025-07-09;5.69904000
2025-07-10;5.70171900
2025-07-11;5.70139800
2025-07-14;5.70340500
2025-07-15;5.70515600
2025-07-16;5.70461700
2025-07-17;5.70587300
2025-07-18;5.70718700
2025-07-21;5.71032200
2025-07-22;5.71036500
2025-07-23;5.71224900
2025-07-24;5.71243800
2025-07-25;5.71190300
2025-07-28;5.71456000
2025-07-29;5.71425900
2025-07-30;5.71505800
2025-07-31;5.71292100
2025-08-01;5.71315800
2025-08-04;5.71950600
2025-08-05;5.72039200
2025-08-06;5.72063100
2025-08-07;5.72433100
2025-08-08;5.72678500
2025-08-11;5.72929000
2025-08-12;5.72828500
2025-08-13;5.72902800
2025-08-14;5.73100200
2025-08-15;5.73225200
2025-08-18;5.73383400
2025-08-19;5.73496800
2025-08-21;5.73573200
2025-08-22;5.73570600
2025-08-25;5.73883900
2025-08-26;5.74068000
2025-08-27;5.74042500
2025-08-28;5.74094400
2025-08-29;5.74155600
2025-09-01;5.74210700
2025-09-02;5.74111800
2025-09-03;5.74135300
2025-09-04;5.74367700
2025-09-05;5.74445500
2025-09-08;5.74906000
2025-09-09;5.74991500
2025-09-10;5.74958900
2025-09-11;5.75235700
2025-09-12;5.75377500
2025-09-15;5.75725100
2025-09-16;5.76012000
2025-09-17;5.76249800
2025-09-18;5.76566700
2025-09-19;5.76502400
2025-09-22;5.76847400
2025-09-23;5.77000000
2025-09-24;5.77009100
2025-09-25;5.77087000
2025-09-26;5.76998900
2025-09-29;5.77289300
2025-09-30;5.77529300
2025-10-01;5.77385900
2025-10-02;5.77702800
2025-10-03;5.77713600
2025-10-06;5.77893900
2025-10-07;5.78171900
2025-10-08;5.78281000
2025-10-09;5.78468500
2025-10-10;5.78621700
2025-10-13;5.78866500
2025-10-14;5.79077300
2025-10-15;5.79147000
2025-10-16;5.79216100
2025-10-17;5.79499000
2025-10-20;5.79611900
2025-10-21;5.79806000
2025-10-22;5.79985600
2025-10-27;5.80085100
2025-10-28;5.80314400
2025-10-29;5.80445200
2025-10-30;5.80436600
2025-10-31;5.80555200
2025-11-03;5.80659200
2025-11-04;5.80746800
2025-11-05;5.80721800
2025-11-06;5.80807000
2025-11-07;5.80862300
2025-11-10;5.81279900
2025-11-11;5.80947900
2025-11-12;5.80575000
2025-11-13;5.80744700
2025-11-14;5.80875000
