datum;nee
2001-03-29;1.00141300
2001-03-30;1.00166300
2001-04-02;1.00184900
2001-04-03;1.00221200
2001-04-04;1.00230000
2001-04-05;1.00252300
2001-04-06;1.00258300
2001-04-09;0.99908600
2001-04-10;1.00168700
2001-04-11;1.01188700
2001-04-12;1.01734900
2001-04-13;1.01833300
2001-04-17;1.00783900
2001-04-18;1.02243600
2001-04-19;1.02290800
2001-04-20;1.02094500
2001-04-23;1.03203800
2001-04-24;1.03277300
2001-04-25;1.03483800
2001-04-26;1.03506000
2001-04-27;1.03435700
2001-04-28;1.03450400
2001-05-02;1.04169600
2001-05-03;1.04544300
2001-05-04;1.04028100
2001-05-07;1.03878900
2001-05-08;1.03652300
2001-05-09;1.03674400
2001-05-10;1.04313200
2001-05-11;1.04087900
2001-05-14;1.03546400
2001-05-15;1.03482700
2001-05-16;1.02576000
2001-05-17;1.02718700
2001-05-18;1.02458900
2001-05-21;1.02768600
2001-05-22;1.03681700
2001-05-23;1.03129400
2001-05-24;1.03039100
2001-05-25;1.02933000
2001-05-28;1.03017100
2001-05-29;1.03459500
2001-05-30;1.03971900
2001-05-31;1.04444000
2001-06-01;1.04845200
2001-06-05;1.03730000
2001-06-06;1.03375700
2001-06-07;1.03113700
2001-06-08;1.03470000
2001-06-11;1.02935300
2001-06-12;1.02479500
2001-06-13;1.02442800
2001-06-14;1.02568900
2001-06-15;1.02713000
2001-06-18;1.03043700
2001-06-19;1.03137800
2001-06-20;1.02692400
2001-06-21;1.02777700
2001-06-22;1.02628200
2001-06-25;1.02304800
2001-06-26;1.02135500
2001-06-27;1.02539300
2001-06-28;1.03392300
2001-06-29;1.03111500
2001-07-02;1.03240400
2001-07-03;1.03293200
2001-07-04;1.02284100
2001-07-05;1.02318700
2001-07-06;1.02058900
2001-07-09;1.02181900
2001-07-10;1.02083800
2001-07-11;1.01908700
2001-07-12;1.02062600
2001-07-13;1.01820000
2001-07-16;1.01838100
2001-07-17;1.01492700
2001-07-18;1.01714500
2001-07-19;1.01915500
2001-07-20;1.02334700
2001-07-23;1.02396800
2001-07-24;1.01756400
2001-07-25;1.01288300
2001-07-26;1.01148100
2001-07-27;1.00817000
2001-07-30;1.00655000
2001-07-31;1.00368000
2001-08-01;1.00397100
2001-08-02;1.00622600
2001-08-03;1.00765000
2001-08-06;1.00654900
2001-08-07;1.00184900
2001-08-08;0.99895300
2001-08-09;0.99551500
2001-08-10;0.99674300
2001-08-13;0.99719800
2001-08-14;0.99743500
2001-08-15;0.99533900
2001-08-16;0.98971400
2001-08-17;0.98242700
2001-08-21;0.97812100
2001-08-22;0.97951200
2001-08-23;0.98515900
2001-08-24;0.98733100
2001-08-27;0.98550700
2001-08-28;0.98097600
2001-08-29;0.97607800
2001-08-30;0.96773300
2001-08-31;0.96400900
2001-09-03;0.95466000
2001-09-04;0.94731800
2001-09-05;0.94154400
2001-09-06;0.94765200
2001-09-07;0.94180200
2001-09-10;0.92910000
2001-09-11;0.91999700
2001-09-12;0.89278600
2001-09-13;0.90695600
2001-09-14;0.90680400
2001-09-17;0.89163900
2001-09-18;0.89758100
2001-09-19;0.91435800
2001-09-20;0.90596400
2001-09-21;0.89209900
2001-09-24;0.90108200
2001-09-25;0.91046700
2001-09-26;0.92274100
2001-09-27;0.92806700
2001-09-28;0.94113500
2001-10-01;0.93645400
2001-10-02;0.95775900
2001-10-03;0.96466500
2001-10-04;0.98111200
2001-10-05;0.97922700
2001-10-08;0.97264700
2001-10-09;0.98325800
2001-10-10;0.99228000
2001-10-11;1.01369100
2001-10-12;1.02186700
2001-10-15;1.00882900
2001-10-16;1.01332600
2001-10-17;1.01783500
2001-10-18;1.00244300
2001-10-19;1.00479700
2001-10-20;1.00483200
2001-10-24;1.01396300
2001-10-25;1.01202900
2001-10-26;1.01643800
2001-10-27;1.01648500
2001-10-29;1.01833500
2001-10-30;1.01311300
2001-10-31;1.01584900
2001-11-05;1.02643400
2001-11-06;1.02663200
2001-11-07;1.02634100
2001-11-08;1.03001700
2001-11-09;1.02846000
2001-11-12;1.02804500
2001-11-13;1.03755100
2001-11-14;1.05420200
2001-11-15;1.05620900
2001-11-16;1.06069600
2001-11-19;1.06143700
2001-11-20;1.06376900
2001-11-21;1.06394600
2001-11-22;1.06686900
2001-11-23;1.07315700
2001-11-26;1.08431000
2001-11-27;1.08462100
2001-11-28;1.07927800
2001-11-29;1.08401600
2001-11-30;1.08949100
2001-12-03;1.09376200
2001-12-04;1.10521500
2001-12-05;1.10924300
2001-12-06;1.11361300
2001-12-07;1.12202400
2001-12-10;1.12628400
2001-12-11;1.12536700
2001-12-12;1.12735100
2001-12-13;1.13872800
2001-12-14;1.13402300
2001-12-17;1.13337600
2001-12-18;1.12261500
2001-12-19;1.12886400
2001-12-20;1.12560600
2001-12-21;1.12892500
2001-12-22;1.12899200
2001-12-27;1.12482500
2001-12-28;1.13054700
2001-12-29;1.13062000
2002-01-02;1.13526900
2002-01-03;1.13362500
2002-01-04;1.13291600
2002-01-07;1.13188200
2002-01-08;1.13019400
2002-01-09;1.13252600
2002-01-10;1.14373400
2002-01-11;1.15651400
2002-01-14;1.15039500
2002-01-15;1.14069600
2002-01-16;1.14723700
2002-01-17;1.15506200
2002-01-18;1.16179400
2002-01-21;1.16227400
2002-01-22;1.16444900
2002-01-23;1.16036400
2002-01-24;1.16133100
2002-01-25;1.16154600
2002-01-28;1.16172700
2002-01-29;1.15683600
2002-01-30;1.15687400
2002-01-31;1.16449200
2002-02-01;1.16182000
2002-02-04;1.15873900
2002-02-05;1.15292500
2002-02-06;1.15039300
2002-02-07;1.15131500
2002-02-08;1.14943600
2002-02-11;1.15369000
2002-02-12;1.16045900
2002-02-13;1.16062300
2002-02-14;1.16897200
2002-02-15;1.16725400
2002-02-18;1.16504400
2002-02-19;1.16140700
2002-02-20;1.16247600
2002-02-21;1.16386800
2002-02-22;1.16168900
2002-02-25;1.16195700
2002-02-26;1.16471400
2002-02-27;1.16395000
2002-02-28;1.15300400
2002-03-01;1.15566500
2002-03-04;1.16092300
2002-03-05;1.16363700
2002-03-06;1.16876700
2002-03-07;1.17634800
2002-03-08;1.17196300
2002-03-11;1.16974700
2002-03-12;1.16512600
2002-03-13;1.16212100
2002-03-14;1.16097800
2002-03-18;1.16301500
2002-03-19;1.15928300
2002-03-20;1.16018400
2002-03-21;1.16606100
2002-03-22;1.16917500
2002-03-25;1.18163600
2002-03-26;1.18272200
2002-03-27;1.18391500
2002-03-28;1.18554900
2002-03-29;1.18677900
2002-04-02;1.17914100
2002-04-03;1.18126600
2002-04-04;1.18464400
2002-04-05;1.18989800
2002-04-08;1.20108700
2002-04-09;1.20577600
2002-04-10;1.20260900
2002-04-11;1.21892700
2002-04-12;1.22071700
2002-04-15;1.21396700
2002-04-16;1.22218600
2002-04-17;1.22372700
2002-04-18;1.23019300
2002-04-19;1.23201400
2002-04-22;1.23660000
2002-04-23;1.22885100
2002-04-24;1.22922500
2002-04-25;1.22724200
2002-04-26;1.23140000
2002-04-29;1.23015600
2002-04-30;1.23580400
2002-05-02;1.23206800
2002-05-03;1.24421500
2002-05-06;1.24377200
2002-05-07;1.24644900
2002-05-08;1.24802100
2002-05-09;1.24707700
2002-05-10;1.24644200
2002-05-13;1.24863400
2002-05-14;1.24696100
2002-05-15;1.24461000
2002-05-16;1.24521800
2002-05-17;1.24361500
2002-05-21;1.24052200
2002-05-22;1.23370500
2002-05-23;1.22994400
2002-05-24;1.23247100
2002-05-27;1.23748100
2002-05-28;1.23335600
2002-05-29;1.22882300
2002-05-30;1.23008400
2002-05-31;1.22861000
2002-06-03;1.22912700
2002-06-04;1.22559000
2002-06-05;1.22506900
2002-06-06;1.22988500
2002-06-07;1.22065300
2002-06-10;1.22396800
2002-06-11;1.22314400
2002-06-12;1.22257400
2002-06-13;1.22544300
2002-06-14;1.21632000
2002-06-17;1.21972200
2002-06-18;1.22021000
2002-06-19;1.20879900
2002-06-20;1.20314300
2002-06-21;1.20283900
2002-06-24;1.20627500
2002-06-25;1.20694800
2002-06-26;1.18624500
2002-06-27;1.19656700
2002-06-28;1.18896900
2002-07-01;1.20429400
2002-07-02;1.19260900
2002-07-03;1.19536500
2002-07-04;1.20306400
2002-07-05;1.20871900
2002-07-08;1.20749000
2002-07-09;1.20791400
2002-07-10;1.21012100
2002-07-11;1.20602400
2002-07-12;1.20468600
2002-07-15;1.20248500
2002-07-16;1.20087000
2002-07-17;1.21035300
2002-07-18;1.19916300
2002-07-19;1.19916100
2002-07-22;1.18896700
2002-07-23;1.18840600
2002-07-24;1.16968800
2002-07-25;1.17851000
2002-07-26;1.18091200
2002-07-29;1.18823600
2002-07-30;1.18231400
2002-07-31;1.18162100
2002-08-01;1.18505600
2002-08-02;1.18711600
2002-08-05;1.17888200
2002-08-06;1.18572000
2002-08-07;1.17867100
2002-08-08;1.18000800
2002-08-09;1.17769100
2002-08-12;1.18034300
2002-08-13;1.18057300
2002-08-14;1.18207700
2002-08-15;1.19680900
2002-08-16;1.19246700
2002-08-21;1.19669500
2002-08-22;1.21030400
2002-08-23;1.21651600
2002-08-26;1.22030500
2002-08-27;1.22388400
2002-08-28;1.21576100
2002-08-29;1.20992000
2002-08-30;1.21645400
2002-09-02;1.21569500
2002-09-03;1.20244300
2002-09-04;1.20208500
2002-09-05;1.19409200
2002-09-06;1.19615300
2002-09-09;1.20253400
2002-09-10;1.20875800
2002-09-11;1.20925400
2002-09-12;1.20274100
2002-09-13;1.20243100
2002-09-16;1.20792200
2002-09-17;1.20727900
2002-09-18;1.20859200
2002-09-19;1.19874500
2002-09-20;1.19943100
2002-09-23;1.20035300
2002-09-24;1.19611600
2002-09-25;1.20035300
2002-09-26;1.20223100
2002-09-27;1.19796400
2002-09-30;1.19015400
2002-10-01;1.19110600
2002-10-02;1.18052300
2002-10-03;1.17800900
2002-10-04;1.17325600
2002-10-07;1.16819600
2002-10-08;1.16609500
2002-10-09;1.16495200
2002-10-10;1.17348200
2002-10-11;1.17298400
2002-10-14;1.17894700
2002-10-15;1.19048700
2002-10-16;1.17512900
2002-10-17;1.18929900
2002-10-18;1.19076600
2002-10-21;1.19774500
2002-10-22;1.19355900
2002-10-24;1.18711000
2002-10-25;1.18461400
2002-10-28;1.19362400
2002-10-29;1.18896000
2002-10-30;1.20074000
2002-10-31;1.23479800
2002-11-04;1.23789500
2002-11-05;1.24044600
2002-11-06;1.24158400
2002-11-07;1.23919000
2002-11-08;1.25159800
2002-11-11;1.24324000
2002-11-12;1.24791700
2002-11-13;1.24952000
2002-11-14;1.26168800
2002-11-15;1.25649200
2002-11-18;1.25789400
2002-11-19;1.26152000
2002-11-20;1.25960900
2002-11-21;1.27678200
2002-11-22;1.28024000
2002-11-25;1.28501600
2002-11-26;1.28525900
2002-11-27;1.28833400
2002-11-28;1.28790300
2002-11-29;1.28392100
2002-12-02;1.29488800
2002-12-03;1.28983600
2002-12-04;1.28688500
2002-12-05;1.28914100
2002-12-06;1.28047100
2002-12-09;1.28407800
2002-12-10;1.28827500
2002-12-11;1.27987400
2002-12-12;1.28541400
2002-12-13;1.29302900
2002-12-16;1.30391600
2002-12-17;1.30368800
2002-12-18;1.28769500
2002-12-19;1.28045600
2002-12-20;1.28003500
2002-12-23;1.28191200
2002-12-27;1.28300600
2002-12-30;1.28546400
2002-12-31;1.29011000
2003-01-02;1.28974100
2003-01-03;1.29339400
2003-01-06;1.28694200
2003-01-07;1.28875700
2003-01-08;1.28186500
2003-01-09;1.27756000
2003-01-10;1.28371300
2003-01-13;1.28829300
2003-01-14;1.28216000
2003-01-15;1.27877400
2003-01-16;1.28594300
2003-01-17;1.28652100
2003-01-20;1.28282500
2003-01-21;1.28590200
2003-01-22;1.27834300
2003-01-23;1.28008600
2003-01-24;1.27450100
2003-01-27;1.26037300
2003-01-28;1.25958600
2003-01-29;1.25431800
2003-01-30;1.25719400
2003-01-31;1.26386600
2003-02-03;1.27088800
2003-02-04;1.26547400
2003-02-05;1.25954800
2003-02-06;1.25255400
2003-02-07;1.26314400
2003-02-10;1.26425200
2003-02-11;1.27266300
2003-02-12;1.27076000
2003-02-13;1.27151300
2003-02-14;1.26594100
2003-02-17;1.26371400
2003-02-18;1.26597200
2003-02-19;1.26154300
2003-02-20;1.26829300
2003-02-21;1.26726400
2003-02-24;1.26776500
2003-02-25;1.26430600
2003-02-26;1.26436700
2003-02-27;1.25947100
2003-02-28;1.25994800
2003-03-03;1.25511900
2003-03-04;1.24030700
2003-03-05;1.24389600
2003-03-06;1.24173100
2003-03-07;1.24289100
2003-03-10;1.25349500
2003-03-11;1.25160800
2003-03-12;1.25190900
2003-03-13;1.26030700
2003-03-14;1.26123400
2003-03-17;1.25468900
2003-03-18;1.27010800
2003-03-19;1.27939400
2003-03-20;1.27588700
2003-03-21;1.29198700
2003-03-24;1.29094700
2003-03-25;1.28495400
2003-03-26;1.29213100
2003-03-27;1.29010800
2003-03-28;1.29356000
2003-03-31;1.28082200
2003-04-01;1.28753800
2003-04-02;1.29749500
2003-04-03;1.30623400
2003-04-04;1.31429200
2003-04-07;1.31925600
2003-04-08;1.31723100
2003-04-09;1.31849000
2003-04-10;1.31718000
2003-04-11;1.32726000
2003-04-14;1.31850200
2003-04-15;1.32425000
2003-04-16;1.31421600
2003-04-17;1.31288900
2003-04-18;1.31775900
2003-04-22;1.31835900
2003-04-23;1.32644300
2003-04-24;1.32456900
2003-04-25;1.33349700
2003-04-26;1.33349700
2003-04-28;1.33495300
2003-04-29;1.34262900
2003-04-30;1.34318400
2003-05-05;1.37017600
2003-05-06;1.38054500
2003-05-07;1.37392800
2003-05-08;1.37326900
2003-05-09;1.37380400
2003-05-12;1.38037100
2003-05-13;1.39166600
2003-05-14;1.39756000
2003-05-15;1.40888200
2003-05-16;1.40327200
2003-05-19;1.40181700
2003-05-20;1.42206000
2003-05-21;1.42384700
2003-05-22;1.46289500
2003-05-23;1.50302400
2003-05-26;1.54902800
2003-05-27;1.55861400
2003-05-28;1.53259300
2003-05-29;1.51914100
2003-05-30;1.54069600
2003-06-02;1.55225200
2003-06-03;1.54713900
2003-06-04;1.54683400
2003-06-05;1.54898700
2003-06-06;1.54466300
2003-06-10;1.52702600
2003-06-11;1.53201700
2003-06-12;1.54050900
2003-06-13;1.54949800
2003-06-16;1.54510000
2003-06-17;1.54411800
2003-06-18;1.53359900
2003-06-19;1.51925800
2003-06-20;1.51078700
2003-06-23;1.52065500
2003-06-24;1.51712800
2003-06-25;1.52385900
2003-06-26;1.52121700
2003-06-27;1.51460900
2003-06-30;1.50476500
2003-07-01;1.50585600
2003-07-02;1.50683900
2003-07-03;1.51695000
2003-07-04;1.51680900
2003-07-07;1.53250900
2003-07-08;1.52562800
2003-07-09;1.53365600
2003-07-10;1.53134400
2003-07-11;1.53357400
2003-07-14;1.52780300
2003-07-15;1.53055200
2003-07-16;1.53821800
2003-07-17;1.53916400
2003-07-18;1.54676400
2003-07-21;1.54537100
2003-07-22;1.54178800
2003-07-23;1.54737500
2003-07-24;1.54826000
2003-07-25;1.54674400
2003-07-28;1.55974100
2003-07-29;1.55972000
2003-07-30;1.57791100
2003-07-31;1.57687200
2003-08-01;1.56808600
2003-08-04;1.56758400
2003-08-05;1.57221800
2003-08-06;1.57617500
2003-08-07;1.57281400
2003-08-08;1.57261600
2003-08-11;1.57118500
2003-08-12;1.58186200
2003-08-13;1.59200700
2003-08-14;1.59963400
2003-08-15;1.60290200
2003-08-18;1.61805300
2003-08-19;1.63435400
2003-08-21;1.64390200
2003-08-22;1.64204800
2003-08-25;1.63980300
2003-08-26;1.63895200
2003-08-27;1.64896000
2003-08-28;1.65727700
2003-08-29;1.66080000
2003-09-01;1.66988400
2003-09-02;1.66311700
2003-09-03;1.68444100
2003-09-04;1.69398100
2003-09-05;1.69570900
2003-09-08;1.64415500
2003-09-09;1.64995700
2003-09-10;1.63304500
2003-09-11;1.63365300
2003-09-12;1.63766800
2003-09-15;1.62258800
2003-09-16;1.64591800
2003-09-17;1.65128100
2003-09-18;1.64950800
2003-09-19;1.65092500
2003-09-22;1.63270300
2003-09-23;1.63572100
2003-09-24;1.64100800
2003-09-25;1.64329800
2003-09-26;1.64483600
2003-09-29;1.63832300
2003-09-30;1.61804200
2003-10-01;1.62826700
2003-10-02;1.64450400
2003-10-03;1.65060100
2003-10-06;1.66805400
2003-10-07;1.66822700
2003-10-08;1.68953200
2003-10-09;1.69802300
2003-10-10;1.70174300
2003-10-13;1.70483500
2003-10-14;1.72130600
2003-10-15;1.71407500
2003-10-16;1.71457100
2003-10-17;1.72004800
2003-10-18;1.72004800
2003-10-20;1.71969500
2003-10-21;1.71091000
2003-10-22;1.70736500
2003-10-27;1.67962900
2003-10-28;1.68045100
2003-10-29;1.67767300
2003-10-30;1.69442700
2003-10-31;1.68287100
2003-11-03;1.68338400
2003-11-04;1.67208400
2003-11-05;1.69032700
2003-11-06;1.69116300
2003-11-07;1.68009300
2003-11-10;1.68268900
2003-11-11;1.68150300
2003-11-12;1.68080500
2003-11-13;1.68299100
2003-11-14;1.67003100
2003-11-17;1.65848000
2003-11-18;1.66153300
2003-11-19;1.64434500
2003-11-20;1.62617900
2003-11-21;1.62956600
2003-11-24;1.64595700
2003-11-25;1.63451500
2003-11-26;1.61922800
2003-11-27;1.62279700
2003-11-28;1.60465300
2003-12-01;1.62227900
2003-12-02;1.58072800
2003-12-03;1.58693800
2003-12-04;1.58809600
2003-12-05;1.60695400
2003-12-08;1.61175200
2003-12-09;1.62844500
2003-12-10;1.61232200
2003-12-11;1.60250900
2003-12-12;1.60782200
2003-12-15;1.61464100
2003-12-16;1.61922000
2003-12-17;1.61020900
2003-12-18;1.61558700
2003-12-19;1.62377400
2003-12-22;1.62066800
2003-12-23;1.63531300
2003-12-29;1.64363200
2003-12-30;1.63023700
2003-12-31;1.63727900
2004-01-05;1.64357200
2004-01-06;1.65703200
2004-01-07;1.64979500
2004-01-08;1.66565800
2004-01-09;1.65214800
2004-01-10;1.65214800
2004-01-12;1.64190100
2004-01-13;1.65159400
2004-01-14;1.66007000
2004-01-15;1.66017900
2004-01-16;1.66144600
2004-01-19;1.66847100
2004-01-20;1.67710900
2004-01-21;1.66580200
2004-01-22;1.67750400
2004-01-23;1.68220500
2004-01-26;1.69447200
2004-01-27;1.69581500
2004-01-28;1.70880400
2004-01-29;1.71321400
2004-01-30;1.71253900
2004-02-02;1.72006900
2004-02-03;1.71453900
2004-02-04;1.70894700
2004-02-05;1.71131800
2004-02-06;1.70170300
2004-02-09;1.71061400
2004-02-10;1.70729900
2004-02-11;1.69723200
2004-02-12;1.69371200
2004-02-13;1.69484700
2004-02-16;1.70268000
2004-02-17;1.69461500
2004-02-18;1.69348600
2004-02-19;1.70046600
2004-02-20;1.69919300
2004-02-23;1.69457200
2004-02-24;1.69285200
2004-02-25;1.70295100
2004-02-26;1.71785400
2004-02-27;1.71934200
2004-03-01;1.72869800
2004-03-02;1.74826400
2004-03-03;1.75490600
2004-03-04;1.77986600
2004-03-05;1.79990000
2004-03-08;1.81626500
2004-03-09;1.80455300
2004-03-10;1.80453900
2004-03-11;1.79190400
2004-03-12;1.79870200
2004-03-16;1.79849400
2004-03-17;1.83052800
2004-03-18;1.82270600
2004-03-19;1.82155000
2004-03-22;1.81039400
2004-03-23;1.81827900
2004-03-24;1.81644300
2004-03-25;1.83974300
2004-03-26;1.84710000
2004-03-29;1.85403500
2004-03-30;1.84928100
2004-03-31;1.85023100
2004-04-01;1.84890800
2004-04-02;1.87491500
2004-04-05;1.89262700
2004-04-06;1.89850400
2004-04-07;1.90253600
2004-04-08;1.91060700
2004-04-09;1.90802700
2004-04-13;1.94172300
2004-04-14;1.90849100
2004-04-15;1.92567000
2004-04-16;1.92346300
2004-04-19;1.90244600
2004-04-20;1.91975300
2004-04-21;1.92254200
2004-04-22;1.91312000
2004-04-23;1.92200000
2004-04-26;1.93318100
2004-04-27;1.91045700
2004-04-28;1.92348800
2004-04-29;1.90558700
2004-04-30;1.91599700
2004-05-03;1.90715900
2004-05-04;1.91737200
2004-05-05;1.92152500
2004-05-06;1.89429700
2004-05-07;1.88496700
2004-05-10;1.85900800
2004-05-11;1.85094300
2004-05-12;1.85449200
2004-05-13;1.84404700
2004-05-14;1.83663000
2004-05-17;1.83156900
2004-05-18;1.86252500
2004-05-19;1.88138100
2004-05-20;1.88019300
2004-05-21;1.88471400
2004-05-24;1.89097100
2004-05-25;1.88524800
2004-05-26;1.88232900
2004-05-27;1.88363400
2004-05-28;1.88908700
2004-06-01;1.87831500
2004-06-02;1.88389600
2004-06-03;1.88118100
2004-06-04;1.88522000
2004-06-07;1.88668600
2004-06-08;1.87872600
2004-06-09;1.88660600
2004-06-10;1.88389000
2004-06-11;1.87185200
2004-06-14;1.87230700
2004-06-15;1.88569800
2004-06-16;1.90240000
2004-06-17;1.89290400
2004-06-18;1.89253500
2004-06-21;1.89258300
2004-06-22;1.89790900
2004-06-23;1.90705500
2004-06-24;1.91547300
2004-06-25;1.92831900
2004-06-28;1.93148700
2004-06-29;1.94257200
2004-06-30;1.92672300
2004-07-01;1.94051300
2004-07-02;1.94235900
2004-07-05;1.94101100
2004-07-06;1.93350600
2004-07-07;1.94188900
2004-07-08;1.93733100
2004-07-09;1.92662400
2004-07-12;1.92232100
2004-07-13;1.93165000
2004-07-14;1.93353400
2004-07-15;1.92796800
2004-07-16;1.92915600
2004-07-19;1.92387600
2004-07-20;1.92194000
2004-07-21;1.93069600
2004-07-22;1.92755200
2004-07-23;1.93137000
2004-07-26;1.93873900
2004-07-27;1.93799300
2004-07-28;1.93158100
2004-07-29;1.94279900
2004-07-30;1.94396700
2004-08-02;1.93752800
2004-08-03;1.94221100
2004-08-04;1.94924500
2004-08-05;1.94158100
2004-08-06;1.93490600
2004-08-09;1.93121600
2004-08-10;1.93621600
2004-08-11;1.94733400
2004-08-12;1.96069900
2004-08-13;1.96734100
2004-08-16;1.98193000
2004-08-17;1.98648800
2004-08-18;1.98546500
2004-08-19;1.98279500
2004-08-23;1.98198700
2004-08-24;1.99610600
2004-08-25;1.99423700
2004-08-26;2.00185100
2004-08-27;2.00582500
2004-08-30;2.00206400
2004-08-31;2.00808300
2004-09-01;2.01851900
2004-09-02;2.02292400
2004-09-03;2.01813000
2004-09-06;2.02745700
2004-09-07;2.01628800
2004-09-08;2.00348900
2004-09-09;2.00348900
2004-09-10;2.00348900
2004-09-13;2.00348900
2004-09-14;2.00348900
2004-09-15;2.00348900
2004-09-16;2.00348900
2004-09-17;2.00348900
2004-09-20;2.00348900
2004-09-21;2.00348900
2004-09-22;2.00348900
2004-09-23;2.00348900
2004-09-24;2.06545500
2004-09-27;2.06689100
2004-09-28;2.08428700
2004-09-29;2.07838200
2004-09-30;2.08424000
2004-10-01;2.07796600
2004-10-04;2.09891300
2004-10-05;2.11388500
2004-10-06;2.11801800
2004-10-07;2.13702200
2004-10-08;2.13850300
2004-10-11;2.14497300
2004-10-12;2.13359600
2004-10-13;2.12658500
2004-10-14;2.12178500
2004-10-15;2.12912700
2004-10-18;2.13032600
2004-10-19;2.14627400
2004-10-20;2.14733500
2004-10-21;2.13551000
2004-10-22;2.16244600
2004-10-25;2.15627800
2004-10-26;2.16542700
2004-10-27;2.17658500
2004-10-28;2.17082000
2004-10-29;2.18031000
2004-11-02;2.19290500
2004-11-03;2.18904800
2004-11-04;2.19806100
2004-11-05;2.22288500
2004-11-08;2.21983700
2004-11-09;2.24577200
2004-11-10;2.27909900
2004-11-11;2.29425100
2004-11-12;2.28634800
2004-11-15;2.28912000
2004-11-16;2.28675400
2004-11-17;2.28703100
2004-11-18;2.29739100
2004-11-19;2.31644300
2004-11-22;2.30424200
2004-11-23;2.33021800
2004-11-24;2.32778500
2004-11-25;2.34597800
2004-11-26;2.33047000
2004-11-29;2.34070200
2004-11-30;2.34333200
2004-12-01;2.34573900
2004-12-02;2.34999200
2004-12-03;2.34693500
2004-12-06;2.34863300
2004-12-07;2.35435900
2004-12-08;2.35615300
2004-12-09;2.34850800
2004-12-10;2.34233700
2004-12-13;2.33883100
2004-12-14;2.35457000
2004-12-15;2.35113200
2004-12-16;2.36758000
2004-12-17;2.37196800
2004-12-20;2.37095700
2004-12-21;2.35955900
2004-12-22;2.34799600
2004-12-23;2.34557000
2004-12-27;2.34699100
2004-12-28;2.34972500
2004-12-29;2.35507100
2004-12-30;2.36145800
2004-12-31;2.36004300
2005-01-03;2.35736500
2005-01-04;2.37728000
2005-01-05;2.37456200
2005-01-06;2.36810200
2005-01-07;2.36736200
2005-01-10;2.36554000
2005-01-11;2.38426300
2005-01-12;2.41909100
2005-01-13;2.41419000
2005-01-14;2.42566900
2005-01-17;2.44035900
2005-01-18;2.43364700
2005-01-19;2.43755900
2005-01-20;2.43555800
2005-01-21;2.42961500
2005-01-24;2.42241400
2005-01-25;2.42696400
2005-01-26;2.42768100
2005-01-27;2.45350200
2005-01-28;2.46350600
2005-01-31;2.45832700
2005-02-01;2.45073700
2005-02-02;2.45934200
2005-02-03;2.49220500
2005-02-04;2.51448600
2005-02-07;2.52838700
2005-02-08;2.53498100
2005-02-09;2.55417000
2005-02-10;2.55687100
2005-02-11;2.54576800
2005-02-14;2.55480500
2005-02-15;2.56890000
2005-02-16;2.60434800
2005-02-17;2.61669400
2005-02-18;2.62685900
2005-02-21;2.64870300
2005-02-22;2.67050200
2005-02-23;2.66660400
2005-02-24;2.66392900
2005-02-25;2.69954100
2005-02-28;2.70381800
2005-03-01;2.71680300
2005-03-02;2.66663400
2005-03-03;2.67530600
2005-03-04;2.69330800
2005-03-07;2.71957300
2005-03-08;2.70628100
2005-03-09;2.72495800
2005-03-10;2.69697700
2005-03-11;2.69064700
2005-03-16;2.60203100
2005-03-17;2.59953100
2005-03-18;2.57296000
2005-03-21;2.55194400
2005-03-22;2.57891700
2005-03-23;2.55971400
2005-03-24;2.55207400
2005-03-25;2.56078500
2005-03-29;2.57740400
2005-03-30;2.56510700
2005-03-31;2.58056900
2005-04-01;2.61034000
2005-04-04;2.61280100
2005-04-05;2.61838600
2005-04-06;2.63094200
2005-04-07;2.63500400
2005-04-08;2.63370100
2005-04-11;2.61157200
2005-04-12;2.62164400
2005-04-13;2.62678300
2005-04-14;2.61701600
2005-04-15;2.60512900
2005-04-18;2.58073700
2005-04-19;2.57187400
2005-04-20;2.57264300
2005-04-21;2.54689700
2005-04-22;2.56651100
2005-04-25;2.60213400
2005-04-26;2.60614200
2005-04-27;2.58445000
2005-04-28;2.55016800
2005-04-29;2.55094800
2005-05-02;2.55028100
2005-05-03;2.55088900
2005-05-04;2.54217600
2005-05-05;2.54900300
2005-05-06;2.55053300
2005-05-09;2.54343100
2005-05-10;2.52898800
2005-05-11;2.52074700
2005-05-12;2.50724200
2005-05-13;2.48867000
2005-05-17;2.49752100
2005-05-18;2.52772300
2005-05-19;2.52562600
2005-05-20;2.54121700
2005-05-23;2.53759900
2005-05-24;2.55523300
2005-05-25;2.55591100
2005-05-26;2.56535200
2005-05-27;2.57918800
2005-05-30;2.58064100
2005-05-31;2.58369900
2005-06-01;2.60319600
2005-06-02;2.63830800
2005-06-03;2.64329400
2005-06-06;2.65953700
2005-06-07;2.67398100
2005-06-08;2.65895800
2005-06-09;2.64752300
2005-06-10;2.68737900
2005-06-13;2.70463700
2005-06-14;2.71324500
2005-06-15;2.72963700
2005-06-16;2.73973500
2005-06-17;2.72280500
2005-06-20;2.73528300
2005-06-21;2.74244000
2005-06-22;2.73906600
2005-06-23;2.72860600
2005-06-24;2.72154900
2005-06-27;2.72227900
2005-06-28;2.73624000
2005-06-29;2.74551200
2005-06-30;2.75168200
2005-07-01;2.78203900
2005-07-04;2.80771300
2005-07-05;2.78627000
2005-07-06;2.82584500
2005-07-07;2.81766100
2005-07-08;2.82385300
2005-07-11;2.81168300
2005-07-12;2.84513900
2005-07-13;2.87153900
2005-07-14;2.87467500
2005-07-15;2.87287800
2005-07-18;2.86369500
2005-07-19;2.88630000
2005-07-20;2.88733000
2005-07-21;2.86444900
2005-07-22;2.85896000
2005-07-25;2.89056500
2005-07-26;2.92259200
2005-07-27;2.94559400
2005-07-28;2.95670100
2005-07-29;2.98172400
2005-08-01;2.99298700
2005-08-02;3.02520100
2005-08-03;2.99112500
2005-08-04;2.99351400
2005-08-05;2.99349300
2005-08-08;3.00759500
2005-08-09;2.99207000
2005-08-10;2.95674500
2005-08-11;2.93797400
2005-08-12;2.89416200
2005-08-15;2.91694500
2005-08-16;2.94623200
2005-08-17;2.93275100
2005-08-18;2.92739900
2005-08-19;2.91325200
2005-08-22;2.95500400
2005-08-23;2.96360000
2005-08-24;2.99125100
2005-08-25;2.98532900
2005-08-26;3.00108300
2005-08-29;2.99913800
2005-08-30;3.04318400
2005-08-31;3.05221600
2005-09-01;3.07228500
2005-09-02;3.10313500
2005-09-05;3.08588300
2005-09-06;3.07464200
2005-09-07;3.07720500
2005-09-08;3.08054800
2005-09-09;3.11362300
2005-09-12;3.13688600
2005-09-13;3.13259600
2005-09-14;3.13502300
2005-09-15;3.14796300
2005-09-16;3.16262900
2005-09-19;3.15926900
2005-09-20;3.13933700
2005-09-21;3.12340800
2005-09-22;3.13871300
2005-09-23;3.10502800
2005-09-26;3.11513800
2005-09-27;3.15186500
2005-09-28;3.12547200
2005-09-29;3.14265400
2005-09-30;3.13546700
2005-10-03;3.15618400
2005-10-04;3.17391800
2005-10-05;3.15207300
2005-10-06;3.09984000
2005-10-07;3.08430500
2005-10-10;3.07542300
2005-10-11;3.08194900
2005-10-12;3.07818100
2005-10-13;3.02418500
2005-10-14;2.99392500
2005-10-17;3.00056900
2005-10-18;2.99215300
2005-10-19;2.92760100
2005-10-20;2.95303000
2005-10-21;2.93319600
2005-10-24;2.94778900
2005-10-25;2.95476700
2005-10-26;2.96677100
2005-10-27;2.95514500
2005-10-28;2.96044900
2005-11-02;3.01654400
2005-11-03;3.04776200
2005-11-04;3.04733500
2005-11-07;3.04851500
2005-11-08;3.03782500
2005-11-09;3.03555800
2005-11-10;3.00819600
2005-11-11;2.98977200
2005-11-14;2.98405400
2005-11-15;2.99201000
2005-11-16;3.01740800
2005-11-17;3.02646000
2005-11-18;3.02942300
2005-11-21;3.02871100
2005-11-22;3.01872000
2005-11-23;3.02012900
2005-11-24;3.03235600
2005-11-25;3.06145600
2005-11-28;3.07835100
2005-11-29;3.06477600
2005-11-30;3.04359800
2005-12-01;3.04733900
2005-12-02;3.06670600
2005-12-05;3.05650500
2005-12-06;3.02103200
2005-12-07;3.02749400
2005-12-08;3.00884000
2005-12-09;3.00486500
2005-12-12;3.02010300
2005-12-13;3.00683200
2005-12-14;3.00621300
2005-12-15;3.00061900
2005-12-16;3.02379500
2005-12-19;3.01719000
2005-12-20;3.02464200
2005-12-21;3.01916500
2005-12-22;2.99650600
2005-12-23;3.00639500
2005-12-27;3.01992600
2005-12-28;3.01630400
2005-12-29;3.04403000
2005-12-30;3.02236200
2006-01-02;3.04715200
2006-01-03;3.04961600
2006-01-04;3.07192300
2006-01-05;3.09730800
2006-01-06;3.11275300
2006-01-09;3.16757500
2006-01-10;3.15242400
2006-01-11;3.17631600
2006-01-12;3.16691600
2006-01-13;3.14266200
2006-01-16;3.16234900
2006-01-17;3.16697700
2006-01-18;3.15128400
2006-01-19;3.17846300
2006-01-20;3.19177800
2006-01-23;3.18834100
2006-01-24;3.17694500
2006-01-25;3.18756900
2006-01-26;3.14807600
2006-01-27;3.20025400
2006-01-30;3.18480800
2006-01-31;3.17478800
2006-02-01;3.19585300
2006-02-02;3.21172000
2006-02-03;3.17486200
2006-02-06;3.19352400
2006-02-07;3.20254200
2006-02-08;3.21564100
2006-02-09;3.26017000
2006-02-10;3.29787600
2006-02-13;3.29637000
2006-02-14;3.25698200
2006-02-15;3.26361900
2006-02-16;3.27253700
2006-02-17;3.32188700
2006-02-20;3.35102800
2006-02-21;3.36501400
2006-02-22;3.35794100
2006-02-23;3.35414200
2006-02-24;3.36883400
2006-02-27;3.39954900
2006-02-28;3.35012800
2006-03-01;3.36667700
2006-03-02;3.36760400
2006-03-03;3.35759900
2006-03-06;3.35600000
2006-03-07;3.31961300
2006-03-08;3.28302500
2006-03-09;3.28780300
2006-03-10;3.24278000
2006-03-13;3.27167000
2006-03-14;3.23949700
2006-03-16;3.27913500
2006-03-17;3.33118700
2006-03-20;3.33970400
2006-03-21;3.34291700
2006-03-22;3.32762200
2006-03-23;3.32828200
2006-03-24;3.34209600
2006-03-27;3.36408500
2006-03-28;3.35063100
2006-03-29;3.37439300
2006-03-30;3.37890500
2006-03-31;3.37351900
2006-04-03;3.36867400
2006-04-04;3.35412600
2006-04-05;3.36485600
2006-04-06;3.39931300
2006-04-07;3.40446200
2006-04-10;3.40454900
2006-04-11;3.39271100
2006-04-12;3.40592700
2006-04-13;3.45052800
2006-04-14;3.46030000
2006-04-18;3.47102600
2006-04-19;3.50411400
2006-04-20;3.55079700
2006-04-21;3.54221100
2006-04-24;3.57704200
2006-04-25;3.53998300
2006-04-26;3.55864700
2006-04-27;3.52270400
2006-04-28;3.53555400
2006-05-02;3.55636400
2006-05-03;3.56438900
2006-05-04;3.56659300
2006-05-05;3.59801700
2006-05-08;3.58583100
2006-05-09;3.57933100
2006-05-10;3.57733400
2006-05-11;3.55670600
2006-05-12;3.52211800
2006-05-15;3.44813200
2006-05-16;3.46541700
2006-05-17;3.41105400
2006-05-18;3.40061000
2006-05-19;3.37072500
2006-05-22;3.28436500
2006-05-23;3.32332600
2006-05-24;3.26945900
2006-05-25;3.27185300
2006-05-26;3.32143100
2006-05-29;3.36276100
2006-05-30;3.30988000
2006-05-31;3.28955400
2006-06-01;3.29853500
2006-06-02;3.32008200
2006-06-06;3.26490700
2006-06-07;3.22971300
2006-06-08;3.18906400
2006-06-09;3.17057400
2006-06-12;3.09708900
2006-06-13;3.05790400
2006-06-14;2.99790100
2006-06-15;3.05463900
2006-06-16;3.02381300
2006-06-19;3.02133700
2006-06-20;3.04157400
2006-06-21;3.08912700
2006-06-22;3.11555900
2006-06-23;3.09565400
2006-06-26;3.06667800
2006-06-27;3.11286200
2006-06-28;3.15726200
2006-06-29;3.19420400
2006-06-30;3.28071900
2006-07-03;3.27935400
2006-07-04;3.30169900
2006-07-05;3.29461800
2006-07-06;3.32046200
2006-07-07;3.32120800
2006-07-10;3.36297700
2006-07-11;3.35081000
2006-07-12;3.36262100
2006-07-13;3.30559900
2006-07-14;3.27939200
2006-07-17;3.21136000
2006-07-18;3.23825400
2006-07-19;3.25942300
2006-07-20;3.27986900
2006-07-21;3.25540800
2006-07-24;3.29657100
2006-07-25;3.33103600
2006-07-26;3.35896700
2006-07-27;3.39934300
2006-07-28;3.39262400
2006-07-31;3.43629700
2006-08-01;3.42549200
2006-08-02;3.41696100
2006-08-03;3.42280500
2006-08-04;3.47379200
2006-08-07;3.45456900
2006-08-08;3.46882600
2006-08-09;3.46061600
2006-08-10;3.39554800
2006-08-11;3.39549400
2006-08-14;3.39941200
2006-08-15;3.43395900
2006-08-16;3.43580500
2006-08-17;3.43333100
2006-08-18;3.41289800
2006-08-21;3.41922500
2006-08-22;3.45071800
2006-08-23;3.48289500
2006-08-24;3.51622600
2006-08-25;3.51026300
2006-08-28;3.49884800
2006-08-29;3.52351800
2006-08-30;3.54508800
2006-08-31;3.55464500
2006-09-01;3.55162500
2006-09-04;3.63009400
2006-09-05;3.64430300
2006-09-06;3.63295500
2006-09-07;3.58132900
2006-09-08;3.58051600
2006-09-11;3.56845300
2006-09-12;3.61414000
2006-09-13;3.65728600
2006-09-14;3.66734700
2006-09-15;3.66510000
2006-09-18;3.66728100
2006-09-19;3.62828300
2006-09-20;3.58513300
2006-09-21;3.54574100
2006-09-22;3.50057300
2006-09-25;3.50701700
2006-09-26;3.57782600
2006-09-27;3.60110000
2006-09-28;3.57130500
2006-09-29;3.56291000
2006-10-02;3.52513500
2006-10-03;3.49820100
2006-10-04;3.55320400
2006-10-05;3.52527300
2006-10-06;3.57257100
2006-10-09;3.57675900
2006-10-10;3.62519100
2006-10-11;3.60712000
2006-10-12;3.61255000
2006-10-13;3.64413800
2006-10-16;3.63137500
2006-10-17;3.59964100
2006-10-18;3.63314100
2006-10-19;3.63886200
2006-10-20;3.62137100
2006-10-24;3.64404400
2006-10-25;3.66611300
2006-10-26;3.69130500
2006-10-27;3.68467300
2006-10-30;3.65073400
2006-10-31;3.65333300
2006-11-02;3.61213600
2006-11-03;3.63779300
2006-11-06;3.68213600
2006-11-07;3.72513000
2006-11-08;3.72600100
2006-11-09;3.76283000
2006-11-10;3.77532300
2006-11-13;3.78867100
2006-11-14;3.79682000
2006-11-15;3.78317200
2006-11-16;3.82782300
2006-11-17;3.79602000
2006-11-20;3.77989900
2006-11-21;3.82157600
2006-11-22;3.81959700
2006-11-23;3.83385900
2006-11-24;3.79714600
2006-11-27;3.79315800
2006-11-28;3.76402800
2006-11-29;3.80008500
2006-11-30;3.77637900
2006-12-01;3.77610800
2006-12-04;3.79797100
2006-12-05;3.85768600
2006-12-06;3.85212100
2006-12-07;3.87988600
2006-12-08;3.86024800
2006-12-11;3.88019400
2006-12-12;3.90438800
2006-12-13;3.89036900
2006-12-14;3.91044900
2006-12-15;3.94798800
2006-12-18;3.96176800
2006-12-19;3.92737200
2006-12-20;3.95355600
2006-12-21;3.97033100
2006-12-22;3.94283000
2006-12-27;3.96911200
2006-12-28;3.99588700
2006-12-29;3.99788800
2007-01-02;4.00247300
2007-01-03;4.00190100
2007-01-04;3.98619400
2007-01-05;3.96910000
2007-01-08;3.96710400
2007-01-09;3.95307400
2007-01-10;3.91316200
2007-01-11;3.96087300
2007-01-12;3.98309800
2007-01-15;4.00910700
2007-01-16;4.00317500
2007-01-17;3.98330300
2007-01-18;3.99193100
2007-01-19;3.99825200
2007-01-22;4.00542900
2007-01-23;4.00285600
2007-01-24;4.00444200
2007-01-25;3.98994200
2007-01-26;3.97991200
2007-01-29;3.97052500
2007-01-30;3.99376400
2007-01-31;4.01764300
2007-02-01;4.04133800
2007-02-02;4.04566200
2007-02-05;4.04306900
2007-02-06;4.04553700
2007-02-07;4.01672300
2007-02-08;3.98900700
2007-02-09;4.00283900
2007-02-12;3.99192000
2007-02-13;4.01335300
2007-02-14;4.03691400
2007-02-15;4.01862700
2007-02-16;4.03683100
2007-02-19;4.04833900
2007-02-20;4.01919700
2007-02-21;4.03000700
2007-02-22;4.05068300
2007-02-23;4.05387500
2007-02-26;4.06923600
2007-02-27;3.99075800
2007-02-28;3.96275600
2007-03-01;3.93848300
2007-03-02;3.93203800
2007-03-05;3.89194100
2007-03-06;3.90486000
2007-03-07;3.88110700
2007-03-08;3.93506900
2007-03-09;3.92505600
2007-03-12;3.91542000
2007-03-13;3.92312100
2007-03-14;3.92712400
2007-03-19;3.94557900
2007-03-20;3.94081500
2007-03-21;3.94747800
2007-03-22;3.98492100
2007-03-23;4.01196700
2007-03-26;3.97155000
2007-03-27;3.98686500
2007-03-28;3.98616800
2007-03-29;3.99089000
2007-03-30;4.00120600
2007-04-02;4.00909000
2007-04-03;4.03277500
2007-04-04;4.04699700
2007-04-05;4.05704600
2007-04-06;4.06860400
2007-04-10;4.09675800
2007-04-11;4.12302700
2007-04-12;4.12802600
2007-04-13;4.17681500
2007-04-16;4.22250100
2007-04-17;4.21274700
2007-04-18;4.22702100
2007-04-19;4.24598800
2007-04-20;4.30275400
2007-04-23;4.29119000
2007-04-24;4.26968100
2007-04-25;4.28171400
2007-04-26;4.27884500
2007-04-27;4.28303800
2007-05-02;4.29947600
2007-05-03;4.30655400
2007-05-04;4.33737500
2007-05-07;4.34847200
2007-05-08;4.30006100
2007-05-09;4.31653000
2007-05-10;4.34216800
2007-05-11;4.34781900
2007-05-14;4.34936200
2007-05-15;4.33947800
2007-05-16;4.30168200
2007-05-17;4.30976100
2007-05-18;4.33527000
2007-05-21;4.32297400
2007-05-22;4.32971500
2007-05-23;4.34273100
2007-05-24;4.34089100
2007-05-25;4.33761000
2007-05-29;4.35437100
2007-05-30;4.35472100
2007-05-31;4.41074100
2007-06-01;4.44915300
2007-06-04;4.42405300
2007-06-05;4.42895000
2007-06-06;4.40852800
2007-06-07;4.39713000
2007-06-08;4.36800800
2007-06-11;4.39919400
2007-06-12;4.39167400
2007-06-13;4.41624900
2007-06-14;4.45529200
2007-06-15;4.47411200
2007-06-18;4.46117300
2007-06-19;4.45319900
2007-06-20;4.48017600
2007-06-21;4.47487300
2007-06-22;4.54499600
2007-06-25;4.63512900
2007-06-26;4.70316700
2007-06-27;4.63421400
2007-06-28;4.65581200
2007-06-29;4.66892700
2007-07-02;4.67996000
2007-07-03;4.69885200
2007-07-04;4.73008900
2007-07-05;4.70938600
2007-07-06;4.72606400
2007-07-09;4.73880500
2007-07-10;4.69876000
2007-07-11;4.70286300
2007-07-12;4.73632100
2007-07-13;4.77559400
2007-07-16;4.80462300
2007-07-17;4.79317500
2007-07-18;4.79181500
2007-07-19;4.81369500
2007-07-20;4.78973600
2007-07-23;4.81977400
2007-07-24;4.78134800
2007-07-25;4.75007100
2007-07-26;4.70199300
2007-07-27;4.71790700
2007-07-30;4.69541900
2007-07-31;4.73205900
2007-08-01;4.71230200
2007-08-02;4.72555300
2007-08-03;4.66757700
2007-08-06;4.62239400
2007-08-07;4.64488200
2007-08-08;4.66264600
2007-08-09;4.61671200
2007-08-10;4.56547600
2007-08-13;4.60617800
2007-08-14;4.55045000
2007-08-15;4.52281200
2007-08-16;4.39378400
2007-08-17;4.36201500
2007-08-21;4.35747000
2007-08-22;4.44124700
2007-08-23;4.47512800
2007-08-24;4.49187400
2007-08-27;4.49665800
2007-08-28;4.47522900
2007-08-29;4.48533200
2007-08-30;4.50257000
2007-08-31;4.53505100
2007-09-03;4.50789600
2007-09-04;4.54877100
2007-09-05;4.53119700
2007-09-06;4.52375400
2007-09-07;4.46748200
2007-09-10;4.45151600
2007-09-11;4.50410900
2007-09-12;4.51066200
2007-09-13;4.52356800
2007-09-14;4.50482600
2007-09-17;4.48611700
2007-09-18;4.49725800
2007-09-19;4.55172800
2007-09-20;4.55191000
2007-09-21;4.55803800
2007-09-24;4.55865000
2007-09-25;4.58069800
2007-09-26;4.59382000
2007-09-27;4.63112000
2007-09-28;4.64609700
2007-10-01;4.66404700
2007-10-02;4.62697700
2007-10-03;4.60832800
2007-10-04;4.59332400
2007-10-05;4.60904500
2007-10-08;4.60396000
2007-10-09;4.59054600
2007-10-10;4.59537900
2007-10-11;4.63722000
2007-10-12;4.64404300
2007-10-15;4.64841600
2007-10-16;4.61250700
2007-10-17;4.60858700
2007-10-18;4.59135900
2007-10-19;4.58580000
2007-10-24;4.55567300
2007-10-25;4.55337400
2007-10-26;4.54922700
2007-10-29;4.56220400
2007-10-30;4.57476700
2007-10-31;4.57852000
2007-11-05;4.55122900
2007-11-06;4.56485600
2007-11-07;4.53566900
2007-11-08;4.51081700
2007-11-09;4.51791600
2007-11-12;4.48021400
2007-11-13;4.49729100
2007-11-14;4.48720700
2007-11-15;4.47499800
2007-11-16;4.47690700
2007-11-19;4.42722400
2007-11-20;4.40481900
2007-11-21;4.32480500
2007-11-22;4.28757700
2007-11-23;4.32140400
2007-11-26;4.27716600
2007-11-27;4.16392700
2007-11-28;4.26011100
2007-11-29;4.33925200
2007-11-30;4.36967300
2007-12-03;4.35000100
2007-12-04;4.34123900
2007-12-05;4.40413200
2007-12-06;4.41011700
2007-12-07;4.45924800
2007-12-10;4.47882100
2007-12-11;4.46164400
2007-12-12;4.46208000
2007-12-13;4.44447200
2007-12-14;4.44964800
2007-12-17;4.38178500
2007-12-18;4.40322100
2007-12-19;4.37080900
2007-12-20;4.36515800
2007-12-21;4.39641900
2007-12-27;4.42394500
2007-12-28;4.41979400
2008-01-02;4.37583600
2008-01-03;4.37199600
2008-01-04;4.32213600
2008-01-07;4.33043500
2008-01-08;4.39991500
2008-01-09;4.36091900
2008-01-10;4.33187300
2008-01-11;4.28832200
2008-01-14;4.27498600
2008-01-15;4.24062700
2008-01-16;4.16431100
2008-01-17;4.09584000
2008-01-18;4.18550300
2008-01-21;4.10910300
2008-01-22;4.09461700
2008-01-23;4.05746900
2008-01-24;4.13387500
2008-01-25;4.13704300
2008-01-28;4.12799600
2008-01-29;4.12431200
2008-01-30;4.13098200
2008-01-31;4.11114400
2008-02-01;4.13899200
2008-02-04;4.15680600
2008-02-05;4.10103000
2008-02-06;4.06498400
2008-02-07;4.01099800
2008-02-08;4.01004000
2008-02-11;4.06465600
2008-02-12;4.14938200
2008-02-13;4.19396500
2008-02-14;4.18935300
2008-02-15;4.14412800
2008-02-18;4.16628700
2008-02-19;4.14098100
2008-02-20;4.12290300
2008-02-21;4.12734800
2008-02-22;4.11131000
2008-02-25;4.10953400
2008-02-26;4.12231800
2008-02-27;4.12728600
2008-02-28;4.11905200
2008-02-29;4.09379200
2008-03-03;4.01190900
2008-03-04;3.96955400
2008-03-05;4.02609100
2008-03-06;4.00383500
2008-03-07;3.94913700
2008-03-10;3.88912600
2008-03-11;3.93679700
2008-03-12;3.94822500
2008-03-13;3.88320000
2008-03-14;3.85602900
2008-03-17;3.78622900
2008-03-18;3.84180000
2008-03-19;3.85480500
2008-03-20;3.80322800
2008-03-21;3.83442900
2008-03-25;3.85678600
2008-03-26;3.84345400
2008-03-27;3.88953300
2008-03-28;3.90990800
2008-03-31;3.83944800
2008-04-01;3.87277500
2008-04-02;3.88619200
2008-04-03;3.88125300
2008-04-04;3.88139200
2008-04-07;3.89602600
2008-04-08;3.89333600
2008-04-09;3.90412400
2008-04-10;3.90909500
2008-04-11;3.89772600
2008-04-14;3.87876700
2008-04-15;3.88330900
2008-04-16;3.86779500
2008-04-17;3.87510200
2008-04-18;3.89915500
2008-04-21;3.86701200
2008-04-22;3.87778100
2008-04-23;3.88790200
2008-04-24;3.92053700
2008-04-25;3.95877300
2008-04-28;3.96152100
2008-04-29;3.93210200
2008-04-30;3.95710000
2008-05-05;4.00690600
2008-05-06;4.02526500
2008-05-07;4.03812800
2008-05-08;4.03798000
2008-05-09;4.03137100
2008-05-13;4.04717900
2008-05-14;4.07173500
2008-05-15;4.03978400
2008-05-16;4.02274700
2008-05-19;3.99926300
2008-05-20;3.97313900
2008-05-21;3.96265200
2008-05-22;3.96669000
2008-05-23;3.93861700
2008-05-26;3.91074400
2008-05-27;3.94112900
2008-05-28;3.96920600
2008-05-29;3.97355600
2008-05-30;3.95915800
2008-06-02;3.94453800
2008-06-03;3.94508700
2008-06-04;3.90904500
2008-06-05;3.91771000
2008-06-06;3.87244200
2008-06-09;3.86186700
2008-06-10;3.82934900
2008-06-11;3.80863600
2008-06-12;3.82242200
2008-06-13;3.85088400
2008-06-16;3.81585500
2008-06-17;3.81134100
2008-06-18;3.79700900
2008-06-19;3.78152200
2008-06-20;3.65740400
2008-06-23;3.66184400
2008-06-24;3.65475300
2008-06-25;3.66401000
2008-06-26;3.66312500
2008-06-27;3.63529700
2008-06-30;3.65448700
2008-07-01;3.61551900
2008-07-02;3.61437700
2008-07-03;3.59211900
2008-07-04;3.56884600
2008-07-07;3.58062300
2008-07-08;3.59911700
2008-07-09;3.65245600
2008-07-10;3.62662000
2008-07-11;3.60420300
2008-07-14;3.61656200
2008-07-15;3.58722400
2008-07-16;3.59361100
2008-07-17;3.65668900
2008-07-18;3.65864000
2008-07-21;3.70285200
2008-07-22;3.69733000
2008-07-23;3.76754000
2008-07-24;3.76064800
2008-07-25;3.74902400
2008-07-28;3.77017400
2008-07-29;3.77406000
2008-07-30;3.86512100
2008-07-31;3.84362700
2008-08-01;3.77045800
2008-08-04;3.74483300
2008-08-05;3.77093800
2008-08-06;3.76762100
2008-08-07;3.72114300
2008-08-08;3.69965900
2008-08-11;3.69850800
2008-08-12;3.68817300
2008-08-13;3.62986200
2008-08-14;3.68012100
2008-08-15;3.70168400
2008-08-18;3.69154400
2008-08-19;3.62952100
2008-08-21;3.60585100
2008-08-22;3.65378600
2008-08-25;3.63066300
2008-08-26;3.62380200
2008-08-27;3.61710300
2008-08-28;3.65663600
2008-08-29;3.72296100
2008-09-01;3.69217600
2008-09-02;3.69231800
2008-09-03;3.63823300
2008-09-04;3.64428200
2008-09-05;3.56425700
2008-09-08;3.61533300
2008-09-09;3.59282500
2008-09-10;3.58897900
2008-09-11;3.52787500
2008-09-12;3.53133600
2008-09-15;3.47794800
2008-09-16;3.39453200
2008-09-17;3.30478700
2008-09-18;3.25027900
2008-09-19;3.44473500
2008-09-22;3.41136800
2008-09-23;3.36611600
2008-09-24;3.38374300
2008-09-25;3.44850800
2008-09-26;3.48577400
2008-09-29;3.36050800
2008-09-30;3.40250900
2008-10-01;3.42701300
2008-10-02;3.40697900
2008-10-03;3.41184400
2008-10-06;3.28536600
2008-10-07;3.19681400
2008-10-08;3.03689800
2008-10-09;2.90231600
2008-10-10;2.77102400
2008-10-13;2.88605400
2008-10-14;3.04163300
2008-10-15;2.75223500
2008-10-16;2.58139500
2008-10-17;2.47974600
2008-10-20;2.44944900
2008-10-21;2.42326300
2008-10-22;2.32676300
2008-10-27;2.14259900
2008-10-28;2.27851800
2008-10-29;2.51338000
2008-10-30;2.58826800
2008-10-31;2.56973600
2008-11-03;2.64923400
2008-11-04;2.74696900
2008-11-05;2.68470300
2008-11-06;2.50271000
2008-11-07;2.51609900
2008-11-10;2.51964700
2008-11-11;2.40886800
2008-11-12;2.35176900
2008-11-13;2.32955300
2008-11-14;2.34353000
2008-11-17;2.35579500
2008-11-18;2.32560700
2008-11-19;2.29409100
2008-11-20;2.19902700
2008-11-21;2.22804000
2008-11-24;2.33804200
2008-11-25;2.35933700
2008-11-26;2.35432100
2008-11-27;2.41180300
2008-11-28;2.47885400
2008-12-01;2.43653400
2008-12-02;2.42587900
2008-12-03;2.43919700
2008-12-04;2.47001400
2008-12-05;2.42624900
2008-12-08;2.44612700
2008-12-09;2.45683700
2008-12-10;2.46569500
2008-12-11;2.44484100
2008-12-12;2.35725200
2008-12-15;2.33772900
2008-12-16;2.33409600
2008-12-17;2.43859100
2008-12-18;2.44761500
2008-12-19;2.44002800
2008-12-22;2.44735700
2008-12-23;2.41568400
2008-12-29;2.38754600
2008-12-30;2.39818200
2008-12-31;2.40126600
2009-01-05;2.48003000
2009-01-06;2.55659100
2009-01-07;2.50686300
2009-01-08;2.50988900
2009-01-09;2.46883000
2009-01-12;2.46179600
2009-01-13;2.45622900
2009-01-14;2.43588500
2009-01-15;2.39662200
2009-01-16;2.41747400
2009-01-19;2.40326200
2009-01-20;2.36493800
2009-01-21;2.37748500
2009-01-22;2.34462300
2009-01-23;2.33691600
2009-01-26;2.38696000
2009-01-27;2.35192700
2009-01-28;2.39011100
2009-01-29;2.36359000
2009-01-30;2.34016500
2009-02-02;2.35394700
2009-02-03;2.34856700
2009-02-04;2.36993200
2009-02-05;2.33945200
2009-02-06;2.35686200
2009-02-09;2.38276100
2009-02-10;2.36876800
2009-02-11;2.34527200
2009-02-12;2.35410600
2009-02-13;2.36577100
2009-02-16;2.33202800
2009-02-17;2.26436900
2009-02-18;2.15698300
2009-02-19;2.20052000
2009-02-20;2.16432700
2009-02-23;2.13194300
2009-02-24;2.15779000
2009-02-25;2.09900500
2009-02-26;2.16501900
2009-02-27;2.14759000
2009-03-02;2.14703300
2009-03-03;2.14815300
2009-03-04;2.12427300
2009-03-05;2.04828600
2009-03-06;2.08084100
2009-03-09;2.08925400
2009-03-10;2.07035500
2009-03-11;2.05353800
2009-03-12;2.01234500
2009-03-13;2.06486100
2009-03-16;2.13336500
2009-03-17;2.09423000
2009-03-18;2.09640100
2009-03-19;2.13769100
2009-03-20;2.18627200
2009-03-23;2.21244600
2009-03-24;2.20447200
2009-03-25;2.28874300
2009-03-26;2.31934900
2009-03-27;2.27714600
2009-03-30;2.26031800
2009-03-31;2.28559200
2009-04-01;2.29746000
2009-04-02;2.36800400
2009-04-03;2.40794300
2009-04-06;2.41460700
2009-04-07;2.38884400
2009-04-08;2.42772900
2009-04-09;2.46528600
2009-04-10;2.45002100
2009-04-14;2.40685500
2009-04-15;2.39335400
2009-04-16;2.44333000
2009-04-17;2.46249200
2009-04-20;2.42560500
2009-04-21;2.40533000
2009-04-22;2.43593100
2009-04-23;2.44372100
2009-04-24;2.45195000
2009-04-27;2.44304500
2009-04-28;2.43042400
2009-04-29;2.47610500
2009-04-30;2.47412500
2009-05-04;2.56633100
2009-05-05;2.57166000
2009-05-06;2.59594000
2009-05-07;2.61463400
2009-05-08;2.65592600
2009-05-11;2.64604300
2009-05-12;2.63197900
2009-05-13;2.59678600
2009-05-14;2.60364900
2009-05-15;2.65383300
2009-05-18;2.71286100
2009-05-19;2.76142800
2009-05-20;2.82127200
2009-05-21;2.77035700
2009-05-22;2.77066200
2009-05-25;2.80009300
2009-05-26;2.81418200
2009-05-27;2.81183000
2009-05-28;2.81499600
2009-05-29;2.74804300
2009-06-02;2.82110300
2009-06-03;2.80466700
2009-06-04;2.79405200
2009-06-05;2.83517000
2009-06-08;2.82548000
2009-06-09;2.88746000
2009-06-10;2.93471100
2009-06-11;2.92697300
2009-06-12;2.90334600
2009-06-15;2.86818900
2009-06-16;2.84417000
2009-06-17;2.81457400
2009-06-18;2.82614500
2009-06-19;2.82310800
2009-06-22;2.75132200
2009-06-23;2.76454900
2009-06-24;2.81341700
2009-06-25;2.80590100
2009-06-26;2.81969200
2009-06-29;2.86500200
2009-06-30;2.81514700
2009-07-01;2.82306100
2009-07-02;2.78637500
2009-07-03;2.77685400
2009-07-06;2.77331700
2009-07-07;2.75336600
2009-07-08;2.75121400
2009-07-09;2.75887600
2009-07-10;2.74292200
2009-07-13;2.79507100
2009-07-14;2.84518000
2009-07-15;2.90284700
2009-07-16;2.90952600
2009-07-17;2.90810200
2009-07-20;2.94518400
2009-07-21;2.96237000
2009-07-22;2.93040700
2009-07-23;2.98060800
2009-07-24;2.98452000
2009-07-27;3.00737100
2009-07-28;2.97725400
2009-07-29;2.97013100
2009-07-30;3.02355200
2009-07-31;3.03106400
2009-08-03;3.09420700
2009-08-04;3.08372100
2009-08-05;3.07478400
2009-08-06;3.08197000
2009-08-07;3.09825600
2009-08-10;3.14666700
2009-08-11;3.11418000
2009-08-12;3.11747800
2009-08-13;3.15009300
2009-08-14;3.15443100
2009-08-17;3.08188800
2009-08-18;3.13459200
2009-08-19;3.15817800
2009-08-24;3.28437200
2009-08-25;3.32174400
2009-08-26;3.29621600
2009-08-27;3.26207700
2009-08-28;3.27025500
2009-08-31;3.27167000
2009-09-01;3.28883400
2009-09-02;3.19749900
2009-09-03;3.23864100
2009-09-04;3.26114100
2009-09-07;3.29309300
2009-09-08;3.32342300
2009-09-09;3.29016200
2009-09-10;3.28976300
2009-09-11;3.31395300
2009-09-14;3.31806300
2009-09-15;3.33608600
2009-09-16;3.39256800
2009-09-17;3.43970900
2009-09-18;3.46699100
2009-09-21;3.43276400
2009-09-22;3.47576000
2009-09-23;3.47895200
2009-09-24;3.48408500
2009-09-25;3.44039300
2009-09-28;3.44276000
2009-09-29;3.43813700
2009-09-30;3.44126900
2009-10-01;3.43414900
2009-10-02;3.38166400
2009-10-05;3.39414200
2009-10-06;3.42813700
2009-10-07;3.42244100
2009-10-08;3.43761900
2009-10-09;3.43119700
2009-10-12;3.48066200
2009-10-13;3.49770500
2009-10-14;3.54768900
2009-10-15;3.55611500
2009-10-16;3.53157600
2009-10-19;3.55931100
2009-10-20;3.56509900
2009-10-21;3.56653300
2009-10-22;3.55647000
2009-10-26;3.58866200
2009-10-27;3.55888500
2009-10-28;3.48190900
2009-10-29;3.51597400
2009-10-30;3.48377400
2009-11-02;3.47242400
2009-11-03;3.45540800
2009-11-04;3.45453600
2009-11-05;3.48659900
2009-11-06;3.45795600
2009-11-09;3.48714400
2009-11-10;3.53080700
2009-11-11;3.56595400
2009-11-12;3.57659500
2009-11-13;3.54031400
2009-11-16;3.53960700
2009-11-17;3.52380700
2009-11-18;3.53414800
2009-11-19;3.49000300
2009-11-20;3.49010900
2009-11-23;3.53277100
2009-11-24;3.52871600
2009-11-25;3.49414000
2009-11-26;3.47718100
2009-11-27;3.45521600
2009-11-30;3.48445100
2009-12-01;3.50415900
2009-12-02;3.50706400
2009-12-03;3.50621700
2009-12-04;3.53611700
2009-12-07;3.53941500
2009-12-08;3.49569800
2009-12-09;3.48704200
2009-12-10;3.49272100
2009-12-11;3.51536300
2009-12-14;3.52598200
2009-12-15;3.51111400
2009-12-16;3.52482500
2009-12-17;3.51918700
2009-12-18;3.51782800
2009-12-21;3.51818500
2009-12-22;3.52368800
2009-12-23;3.51033600
2009-12-28;3.52649700
2009-12-29;3.57957300
2009-12-30;3.57405500
2009-12-31;3.56535500
2010-01-04;3.59486600
2010-01-05;3.63628200
2010-01-06;3.64108800
2010-01-07;3.63387800
2010-01-08;3.64207500
2010-01-11;3.71803800
2010-01-12;3.71098600
2010-01-13;3.68897800
2010-01-14;3.69977600
2010-01-15;3.67460800
2010-01-18;3.68619600
2010-01-19;3.69149900
2010-01-20;3.69889300
2010-01-21;3.66066700
2010-01-22;3.62155600
2010-01-25;3.60279100
2010-01-26;3.59812200
2010-01-27;3.57266100
2010-01-28;3.59975400
2010-01-29;3.60384700
2010-02-01;3.62708500
2010-02-02;3.63008900
2010-02-03;3.63174600
2010-02-04;3.54612100
2010-02-05;3.48925400
2010-02-08;3.48920800
2010-02-09;3.51475600
2010-02-10;3.52724300
2010-02-11;3.52698800
2010-02-12;3.53621200
2010-02-15;3.55526800
2010-02-16;3.56847900
2010-02-17;3.60162800
2010-02-18;3.59619300
2010-02-19;3.58803400
2010-02-22;3.58206800
2010-02-23;3.56162800
2010-02-24;3.54137400
2010-02-25;3.51801500
2010-02-26;3.56825600
2010-03-01;3.59605700
2010-03-02;3.61038800
2010-03-03;3.59677800
2010-03-04;3.59700000
2010-03-05;3.66165800
2010-03-08;3.67682100
2010-03-09;3.68772900
2010-03-10;3.71420600
2010-03-11;3.73446500
2010-03-12;3.75163100
2010-03-16;3.79520400
2010-03-17;3.80054800
2010-03-18;3.80687600
2010-03-19;3.81185600
2010-03-22;3.82485300
2010-03-23;3.83124200
2010-03-24;3.86001900
2010-03-25;3.89054700
2010-03-26;3.88404500
2010-03-29;3.89163000
2010-03-30;3.88596800
2010-03-31;3.89266400
2010-04-01;3.92158000
2010-04-02;3.94856600
2010-04-06;3.97960100
2010-04-07;3.98921600
2010-04-08;3.96944000
2010-04-09;3.96427900
2010-04-12;3.98043300
2010-04-13;3.98974100
2010-04-14;3.97633700
2010-04-15;3.98874800
2010-04-16;3.97319200
2010-04-19;3.92299400
2010-04-20;3.90682000
2010-04-21;3.91989100
2010-04-22;3.92003700
2010-04-23;3.94991700
2010-04-26;3.97177800
2010-04-27;3.98113700
2010-04-28;3.98111100
2010-04-29;3.97944900
2010-04-30;3.97397100
2010-05-03;3.96593500
2010-05-04;3.90037900
2010-05-05;3.89400500
2010-05-06;3.84964200
2010-05-07;3.76658400
2010-05-10;3.87836600
2010-05-11;3.86497000
2010-05-12;3.86943300
2010-05-13;3.88914300
2010-05-14;3.85350900
2010-05-17;3.87558700
2010-05-18;3.88425800
2010-05-19;3.83102900
2010-05-20;3.76163800
2010-05-21;3.72846500
2010-05-25;3.66799900
2010-05-26;3.66468200
2010-05-27;3.72216700
2010-05-28;3.74504900
2010-05-31;3.76073600
2010-06-01;3.72793800
2010-06-02;3.77066300
2010-06-03;3.78262700
2010-06-04;3.72511100
2010-06-07;3.69735400
2010-06-08;3.65999100
2010-06-09;3.64192100
2010-06-10;3.66067800
2010-06-11;3.67062400
2010-06-14;3.70608100
2010-06-15;3.71760000
2010-06-16;3.70187600
2010-06-17;3.70718100
2010-06-18;3.71216000
2010-06-21;3.74969300
2010-06-22;3.74411300
2010-06-23;3.71685300
2010-06-24;3.70648800
2010-06-25;3.71108300
2010-06-28;3.71145300
2010-06-29;3.66905000
2010-06-30;3.69321000
2010-07-01;3.67386200
2010-07-02;3.69024300
2010-07-05;3.68703800
2010-07-06;3.72645600
2010-07-07;3.75065900
2010-07-08;3.81854300
2010-07-09;3.80305400
2010-07-12;3.80957300
2010-07-13;3.82815700
2010-07-14;3.83364900
2010-07-15;3.83185800
2010-07-16;3.80693700
2010-07-19;3.80093700
2010-07-20;3.79604700
2010-07-21;3.81678300
2010-07-22;3.81651000
2010-07-23;3.80597900
2010-07-26;3.82806700
2010-07-27;3.85420100
2010-07-28;3.83360600
2010-07-29;3.85624300
2010-07-30;3.83193500
2010-08-02;3.86859100
2010-08-03;3.88580200
2010-08-04;3.91419900
2010-08-05;3.89927100
2010-08-06;3.87946800
2010-08-09;3.88483600
2010-08-10;3.85900200
2010-08-11;3.84154100
2010-08-12;3.84337900
2010-08-13;3.82824300
2010-08-16;3.84837700
2010-08-17;3.85936200
2010-08-18;3.85138300
2010-08-19;3.83080800
2010-08-23;3.82576600
2010-08-24;3.79514200
2010-08-25;3.79384600
2010-08-26;3.78083800
2010-08-27;3.79772000
2010-08-30;3.79050200
2010-08-31;3.82555900
2010-09-01;3.86814000
2010-09-02;3.86127900
2010-09-03;3.86165300
2010-09-06;3.87591000
2010-09-07;3.87405600
2010-09-08;3.90435200
2010-09-09;3.91380700
2010-09-10;3.88324400
2010-09-13;3.91583600
2010-09-14;3.92798400
2010-09-15;3.92514400
2010-09-16;3.92529500
2010-09-17;3.90064700
2010-09-20;3.88797000
2010-09-21;3.87873200
2010-09-22;3.86177200
2010-09-23;3.85593600
2010-09-24;3.86801900
2010-09-27;3.86666600
2010-09-28;3.86580600
2010-09-29;3.85047300
2010-09-30;3.89322900
2010-10-01;3.88835600
2010-10-04;3.87343400
2010-10-05;3.89169000
2010-10-06;3.89620300
2010-10-07;3.92230500
2010-10-08;3.93130500
2010-10-11;3.93756500
2010-10-12;3.92749700
2010-10-13;3.93648300
2010-10-14;3.91453600
2010-10-15;3.92820900
2010-10-18;3.92768700
2010-10-19;3.92542100
2010-10-20;3.94432800
2010-10-21;3.92069600
2010-10-22;3.90735700
2010-10-25;3.89814600
2010-10-26;3.90360700
2010-10-27;3.89651000
2010-10-28;3.89212700
2010-10-29;3.88679100
2010-11-02;3.88090000
2010-11-03;3.90101500
2010-11-04;3.92178200
2010-11-05;3.92746500
2010-11-08;3.93223000
2010-11-09;3.95013400
2010-11-10;3.88112200
2010-11-11;3.87381700
2010-11-12;3.89150500
2010-11-15;3.88616500
2010-11-16;3.87141700
2010-11-17;3.86645300
2010-11-18;3.87901200
2010-11-19;3.87011100
2010-11-22;3.86475000
2010-11-23;3.82892400
2010-11-24;3.83598800
2010-11-25;3.81931300
2010-11-26;3.76782100
2010-11-29;3.73954800
2010-11-30;3.75145300
2010-12-01;3.79764500
2010-12-02;3.80088900
2010-12-03;3.82551000
2010-12-06;3.81591800
2010-12-07;3.82797500
2010-12-08;3.83374100
2010-12-09;3.82397800
2010-12-10;3.82592800
2010-12-13;3.81683500
2010-12-14;3.80780900
2010-12-15;3.78862500
2010-12-16;3.79313100
2010-12-17;3.80249600
2010-12-20;3.82182600
2010-12-21;3.83206400
2010-12-22;3.83726100
2010-12-23;3.83770200
2010-12-27;3.84943400
2010-12-28;3.85139900
2010-12-29;3.86352200
2010-12-30;3.87481200
2010-12-31;3.87875200
2011-01-03;3.92595700
2011-01-04;3.92333800
2011-01-05;3.94924100
2011-01-06;3.96804400
2011-01-07;3.96446900
2011-01-10;3.96232900
2011-01-11;3.99050700
2011-01-12;3.99259700
2011-01-13;3.96995200
2011-01-14;3.96517200
2011-01-17;3.98069200
2011-01-18;3.99995800
2011-01-19;4.00866700
2011-01-20;3.98428100
2011-01-21;4.00787800
2011-01-24;4.01064600
2011-01-25;4.02492000
2011-01-26;4.04881000
2011-01-27;4.05594400
2011-01-28;4.01457100
2011-01-31;4.01987000
2011-02-01;4.04224800
2011-02-02;4.04432300
2011-02-03;4.03276100
2011-02-04;4.05577400
2011-02-07;4.06625700
2011-02-08;4.03807600
2011-02-09;4.02453600
2011-02-10;4.00705100
2011-02-11;4.02976900
2011-02-14;4.05490600
2011-02-15;4.02919300
2011-02-16;4.04990700
2011-02-17;4.04754000
2011-02-18;4.04419800
2011-02-21;4.03046200
2011-02-22;4.05241700
2011-02-23;4.02707000
2011-02-24;4.05879000
2011-02-25;4.09449700
2011-02-28;4.08965900
2011-03-01;4.05988400
2011-03-02;4.05271100
2011-03-03;4.08584700
2011-03-04;4.10666700
2011-03-07;4.07960700
2011-03-08;4.05074400
2011-03-09;4.05571000
2011-03-10;4.02941300
2011-03-11;4.04841900
2011-03-16;4.00654400
2011-03-17;4.03421500
2011-03-18;4.03886200
2011-03-21;4.05025500
2011-03-22;4.04698600
2011-03-23;4.04334400
2011-03-24;4.07006400
2011-03-25;4.06525000
2011-03-28;4.05630000
2011-03-29;4.05912700
2011-03-30;4.08291900
2011-03-31;4.05857000
2011-04-01;4.09425000
2011-04-04;4.10063500
2011-04-05;4.09708600
2011-04-06;4.13296400
2011-04-07;4.14374600
2011-04-08;4.14896900
2011-04-11;4.12548500
2011-04-12;4.09761000
2011-04-13;4.12405700
2011-04-14;4.10646700
2011-04-15;4.13943500
2011-04-18;4.07824600
2011-04-19;4.08818100
2011-04-20;4.10826900
2011-04-21;4.12062700
2011-04-22;4.11879200
2011-04-26;4.11654500
2011-04-27;4.11562800
2011-04-28;4.11294000
2011-04-29;4.10982900
2011-05-02;4.10381300
2011-05-03;4.06844900
2011-05-04;4.06282000
2011-05-05;4.05731100
2011-05-06;4.08339300
2011-05-09;4.07415100
2011-05-10;4.08243800
2011-05-11;4.05919800
2011-05-12;4.06158100
2011-05-13;4.06410900
2011-05-16;4.06665600
2011-05-17;4.04980200
2011-05-18;4.05324200
2011-05-19;4.05610200
2011-05-20;4.02483200
2011-05-23;4.03631300
2011-05-24;4.06317800
2011-05-25;4.03418800
2011-05-26;4.04700500
2011-05-27;4.06124300
2011-05-30;4.04498000
2011-05-31;4.06702500
2011-06-01;4.07000700
2011-06-02;4.06844200
2011-06-03;4.04725200
2011-06-06;4.03448600
2011-06-07;4.04751400
2011-06-08;4.04907400
2011-06-09;4.05917800
2011-06-10;4.04377000
2011-06-14;4.06307400
2011-06-15;4.04370200
2011-06-16;4.04446400
2011-06-17;4.04426300
2011-06-20;4.03095000
2011-06-21;4.03240000
2011-06-22;4.04092200
2011-06-23;4.02564300
2011-06-24;4.03336100
2011-06-27;4.02709700
2011-06-28;4.03800300
2011-06-29;4.05409800
2011-06-30;4.04059600
2011-07-01;4.04381700
2011-07-04;4.03852200
2011-07-05;4.03782100
2011-07-06;4.02707900
2011-07-07;4.05308300
2011-07-08;4.03355700
2011-07-11;4.01832300
2011-07-12;4.01152800
2011-07-13;4.03467300
2011-07-14;4.02299100
2011-07-15;4.03076900
2011-07-18;3.98698000
2011-07-19;3.98363200
2011-07-20;4.00271900
2011-07-21;4.01532900
2011-07-22;4.00692100
2011-07-25;4.01253600
2011-07-26;3.97890800
2011-07-27;3.95860300
2011-07-28;3.94970300
2011-07-29;3.98613900
2011-08-01;3.94584200
2011-08-02;3.93349300
2011-08-03;3.91513000
2011-08-04;3.87555200
2011-08-05;3.83187100
2011-08-08;3.74611000
2011-08-09;3.69941300
2011-08-10;3.62204500
2011-08-11;3.62811000
2011-08-12;3.65373100
2011-08-15;3.70715100
2011-08-16;3.67944200
2011-08-17;3.69967200
2011-08-18;3.65012600
2011-08-19;3.62070200
2011-08-22;3.66072600
2011-08-23;3.65836200
2011-08-24;3.67614500
2011-08-25;3.64450900
2011-08-26;3.66290700
2011-08-29;3.72071400
2011-08-30;3.70550200
2011-08-31;3.72546500
2011-09-01;3.74272500
2011-09-02;3.74092000
2011-09-05;3.68590300
2011-09-06;3.67690400
2011-09-07;3.74341200
2011-09-08;3.73719400
2011-09-09;3.66087900
2011-09-12;3.62303100
2011-09-13;3.62630300
2011-09-14;3.62739000
2011-09-15;3.66194600
2011-09-16;3.65712800
2011-09-19;3.60995800
2011-09-20;3.62286400
2011-09-21;3.59432000
2011-09-22;3.47504300
2011-09-23;3.43228600
2011-09-26;3.43645200
2011-09-27;3.50981000
2011-09-28;3.50469700
2011-09-29;3.54011700
2011-09-30;3.53340300
2011-10-03;3.50686400
2011-10-04;3.52432800
2011-10-05;3.61312500
2011-10-06;3.64749000
2011-10-07;3.63092200
2011-10-10;3.65469000
2011-10-11;3.68675600
2011-10-12;3.72052200
2011-10-13;3.69454200
2011-10-14;3.72445400
2011-10-17;3.72434300
2011-10-18;3.74057500
2011-10-19;3.73271100
2011-10-20;3.71576900
2011-10-21;3.75301300
2011-10-24;3.77483000
2011-10-25;3.75695900
2011-10-26;3.75800500
2011-10-27;3.83986400
2011-10-28;3.80513300
2011-11-02;3.74477800
2011-11-03;3.73690100
2011-11-04;3.73080300
2011-11-07;3.73626600
2011-11-08;3.76721200
2011-11-09;3.72074600
2011-11-10;3.75146300
2011-11-11;3.78472900
2011-11-14;3.76132200
2011-11-15;3.76949600
2011-11-16;3.73961600
2011-11-17;3.74730200
2011-11-18;3.71921700
2011-11-21;3.68770200
2011-11-22;3.69102600
2011-11-23;3.70690200
2011-11-24;3.67837400
2011-11-25;3.64976800
2011-11-28;3.66538200
2011-11-29;3.68066800
2011-11-30;3.74022300
2011-12-01;3.69929000
2011-12-02;3.73379700
2011-12-05;3.76097300
2011-12-06;3.72449300
2011-12-07;3.69274300
2011-12-08;3.69212000
2011-12-09;3.70562200
2011-12-12;3.69364900
2011-12-13;3.68504200
2011-12-14;3.65662800
2011-12-15;3.68133900
2011-12-16;3.67703300
2011-12-19;3.70268200
2011-12-20;3.73203300
2011-12-21;3.71925400
2011-12-22;3.73599900
2011-12-23;3.72268600
2011-12-27;3.71528400
2011-12-28;3.71572800
2011-12-29;3.74825800
2011-12-30;3.73446000
2012-01-02;3.76262900
2012-01-03;3.75226900
2012-01-04;3.73804700
2012-01-05;3.68831200
2012-01-06;3.67172100
2012-01-09;3.68975200
2012-01-10;3.72585800
2012-01-11;3.70880200
2012-01-12;3.71925200
2012-01-13;3.72692200
2012-01-16;3.74860900
2012-01-17;3.77421700
2012-01-18;3.80939900
2012-01-19;3.82278700
2012-01-20;3.87061300
2012-01-23;3.86477000
2012-01-24;3.87142100
2012-01-25;3.86005200
2012-01-26;3.88664600
2012-01-27;3.91346900
2012-01-30;3.90812600
2012-01-31;3.89389100
2012-02-01;3.90077800
2012-02-02;3.94427600
2012-02-03;3.96833200
2012-02-06;3.99942000
2012-02-07;3.98163000
2012-02-08;3.97774700
2012-02-09;3.97010300
2012-02-10;3.92147300
2012-02-13;3.94410600
2012-02-14;3.94150800
2012-02-15;3.93534200
2012-02-16;3.94097500
2012-02-17;3.96629800
2012-02-20;3.97413800
2012-02-21;3.96293900
2012-02-22;3.96356600
2012-02-23;3.98337700
2012-02-24;3.98770600
2012-02-27;3.97828000
2012-02-28;3.98855600
2012-02-29;4.01502300
2012-03-01;4.00568200
2012-03-02;4.01300500
2012-03-05;3.99275100
2012-03-06;3.96033200
2012-03-07;3.97600400
2012-03-08;3.98542200
2012-03-09;4.00169500
2012-03-12;3.99079000
2012-03-13;4.02360700
2012-03-14;4.02458200
2012-03-19;4.00933000
2012-03-20;3.99470500
2012-03-21;3.99049000
2012-03-22;3.98629800
2012-03-23;4.00214900
2012-03-24;4.00214900
2012-03-26;4.01139500
2012-03-27;3.98150800
2012-03-28;3.97637900
2012-03-29;3.98226100
2012-03-30;3.99004900
2012-04-02;3.97975200
2012-04-03;3.95753200
2012-04-04;3.94298500
2012-04-05;3.93658700
2012-04-06;3.93658700
2012-04-10;3.88394700
2012-04-11;3.90035800
2012-04-12;3.91052500
2012-04-13;3.87034400
2012-04-16;3.87053300
2012-04-17;3.88268500
2012-04-18;3.85866500
2012-04-19;3.86230700
2012-04-20;3.84595600
2012-04-23;3.81990600
2012-04-24;3.85641400
2012-04-25;3.88336200
2012-04-26;3.87022400
2012-04-27;3.87985000
2012-05-02;3.85622700
2012-05-03;3.83735500
2012-05-04;3.83964800
2012-05-07;3.83715600
2012-05-08;3.81057200
2012-05-09;3.78613400
2012-05-10;3.79131900
2012-05-11;3.79227300
2012-05-14;3.75455300
2012-05-15;3.73492300
2012-05-16;3.73785200
2012-05-17;3.70057300
2012-05-18;3.73021900
2012-05-21;3.72271900
2012-05-22;3.73430700
2012-05-23;3.70599600
2012-05-24;3.70021600
2012-05-25;3.72261300
2012-05-29;3.71031800
2012-05-30;3.64742900
2012-05-31;3.64566300
2012-06-01;3.66494000
2012-06-04;3.67734300
2012-06-05;3.67543400
2012-06-06;3.72110000
2012-06-07;3.71302800
2012-06-08;3.70663900
2012-06-11;3.68939500
2012-06-12;3.70758800
2012-06-13;3.69404500
2012-06-14;3.68468400
2012-06-15;3.71968500
2012-06-18;3.73394900
2012-06-19;3.74242700
2012-06-20;3.73123300
2012-06-21;3.69919200
2012-06-22;3.66822700
2012-06-25;3.62957600
2012-06-26;3.63523100
2012-06-27;3.62483800
2012-06-28;3.63600400
2012-06-29;3.71711900
2012-07-02;3.71437500
2012-07-03;3.72586000
2012-07-04;3.71002600
2012-07-05;3.70295500
2012-07-06;3.68487800
2012-07-09;3.69080200
2012-07-10;3.68735400
2012-07-11;3.71774500
2012-07-12;3.71099700
2012-07-13;3.72551900
2012-07-16;3.72896000
2012-07-17;3.74753200
2012-07-18;3.74595300
2012-07-19;3.74008400
2012-07-20;3.72643900
2012-07-23;3.68888400
2012-07-24;3.68894900
2012-07-25;3.69681300
2012-07-26;3.70940300
2012-07-27;3.72799900
2012-07-30;3.74922000
2012-07-31;3.73514300
2012-08-01;3.74803600
2012-08-02;3.73510600
2012-08-03;3.76000400
2012-08-06;3.79024600
2012-08-07;3.77983700
2012-08-08;3.78371000
2012-08-09;3.78580500
2012-08-10;3.78837200
2012-08-13;3.79062300
2012-08-14;3.79092600
2012-08-15;3.81123900
2012-08-16;3.81705300
2012-08-17;3.81304600
2012-08-21;3.80255900
2012-08-22;3.78964700
2012-08-23;3.78114000
2012-08-24;3.79239800
2012-08-27;3.79977500
2012-08-28;3.82504900
2012-08-29;3.81707600
2012-08-30;3.82105500
2012-08-31;3.84289300
2012-09-03;3.86471600
2012-09-04;3.86391500
2012-09-05;3.87222400
2012-09-06;3.89032500
2012-09-07;3.91161100
2012-09-10;3.93032400
2012-09-11;3.95477200
2012-09-12;3.94274000
2012-09-13;3.93575100
2012-09-14;4.01056500
2012-09-17;4.00181100
2012-09-18;3.99554700
2012-09-19;4.01049900
2012-09-20;3.99073700
2012-09-21;3.97661600
2012-09-24;3.98727700
2012-09-25;3.99444900
2012-09-26;3.98142000
2012-09-27;4.02120900
2012-09-28;3.98631800
2012-10-01;4.01693300
2012-10-02;4.04324800
2012-10-03;4.06615000
2012-10-04;4.07343400
2012-10-05;4.06095600
2012-10-08;4.06116100
2012-10-09;4.04114900
2012-10-10;4.02553700
2012-10-11;4.03103400
2012-10-12;4.02398500
2012-10-15;4.01867200
2012-10-16;4.04428300
2012-10-17;4.03619100
2012-10-18;3.99250300
2012-10-19;4.01012500
2012-10-24;3.99211300
2012-10-25;4.01382500
2012-10-26;4.02224300
2012-10-27;4.02224300
2012-10-29;4.02034100
2012-10-30;4.04541300
2012-10-31;4.05892000
2012-11-05;4.05532400
2012-11-06;4.06255700
2012-11-07;4.03480200
2012-11-08;4.06116100
2012-11-09;4.05922900
2012-11-12;4.04765900
2012-11-13;4.04362600
2012-11-14;4.04353000
2012-11-15;4.02436400
2012-11-16;3.99906400
2012-11-19;3.99396400
2012-11-20;3.96928400
2012-11-21;3.96056800
2012-11-22;3.92722300
2012-11-23;3.94001200
2012-11-26;3.94282600
2012-11-27;3.92663000
2012-11-28;3.92540000
2012-11-29;3.93778400
2012-11-30;3.96310200
2012-12-01;3.96310200
2012-12-03;3.97438100
2012-12-04;3.95784600
2012-12-05;3.95218600
2012-12-06;3.93181300
2012-12-07;3.93448600
2012-12-10;3.94467600
2012-12-11;3.95604000
2012-12-12;3.95752100
2012-12-13;3.95885300
2012-12-14;3.97563200
2012-12-17;3.97928300
2012-12-18;3.99628900
2012-12-19;4.00546500
2012-12-20;4.00976300
2012-12-21;4.01420600
2012-12-27;4.07447600
2012-12-28;4.08457800
2012-12-31;4.08457800
2013-01-02;4.14442800
2013-01-03;4.15396600
2013-01-04;4.19812400
2013-01-07;4.19570800
2013-01-08;4.19633400
2013-01-09;4.21207500
2013-01-10;4.21847000
2013-01-11;4.23362300
2013-01-14;4.26423000
2013-01-15;4.22515500
2013-01-16;4.26820200
2013-01-17;4.28607300
2013-01-18;4.29358900
2013-01-21;4.30020200
2013-01-22;4.25770100
2013-01-23;4.26484700
2013-01-24;4.26500500
2013-01-25;4.28961200
2013-01-28;4.30925500
2013-01-29;4.34255600
2013-01-30;4.32672500
2013-01-31;4.31666700
2013-02-01;4.32155700
2013-02-04;4.29757400
2013-02-05;4.31377100
2013-02-06;4.34275500
2013-02-07;4.32629500
2013-02-08;4.33678500
2013-02-11;4.34940000
2013-02-12;4.34499100
2013-02-13;4.34345000
2013-02-14;4.30805400
2013-02-15;4.31483900
2013-02-18;4.34202300
2013-02-19;4.34166300
2013-02-20;4.32995100
2013-02-21;4.30445900
2013-02-22;4.32098400
2013-02-25;4.32196300
2013-02-26;4.28508900
2013-02-27;4.32378400
2013-02-28;4.35735200
2013-03-01;4.36150900
2013-03-04;4.35168500
2013-03-05;4.38749800
2013-03-06;4.40505000
2013-03-07;4.41684900
2013-03-08;4.40980100
2013-03-11;4.42110500
2013-03-12;4.39414300
2013-03-13;4.40341000
2013-03-14;4.39277300
2013-03-18;4.36889900
2013-03-19;4.33512500
2013-03-20;4.35979900
2013-03-21;4.35475600
2013-03-22;4.34583300
2013-03-25;4.33739100
2013-03-26;4.35361300
2013-03-27;4.33275200
2013-03-28;4.34658800
2013-04-02;4.34587300
2013-04-03;4.32704200
2013-04-04;4.37558300
2013-04-05;4.36667700
2013-04-08;4.34480300
2013-04-09;4.38408700
2013-04-10;4.40818000
2013-04-11;4.43515700
2013-04-12;4.42706000
2013-04-15;4.38529000
2013-04-16;4.40069100
2013-04-17;4.38860900
2013-04-18;4.38117300
2013-04-19;4.41387100
2013-04-22;4.40590400
2013-04-23;4.41597300
2013-04-24;4.43546400
2013-04-25;4.45827000
2013-04-26;4.46181500
2013-04-29;4.48945000
2013-04-30;4.51683800
2013-05-02;4.51292300
2013-05-03;4.51887600
2013-05-06;4.53125800
2013-05-07;4.55201000
2013-05-08;4.52736100
2013-05-09;4.52048100
2013-05-10;4.53842700
2013-05-13;4.59561200
2013-05-14;4.60794000
2013-05-15;4.59886100
2013-05-16;4.61518600
2013-05-17;4.61023800
2013-05-21;4.60680100
2013-05-22;4.63709400
2013-05-23;4.61923200
2013-05-24;4.63943200
2013-05-27;4.65546400
2013-05-28;4.66927700
2013-05-29;4.65980700
2013-05-30;4.66600000
2013-05-31;4.67882100
2013-06-03;4.67604900
2013-06-04;4.67545700
2013-06-05;4.67935400
2013-06-06;4.69085900
2013-06-07;4.72994200
2013-06-10;4.74534900
2013-06-11;4.75018700
2013-06-12;4.71476400
2013-06-13;4.70872200
2013-06-14;4.71269200
2013-06-17;4.66304600
2013-06-18;4.66438200
2013-06-19;4.66806300
2013-06-20;4.63610500
2013-06-21;4.57911600
2013-06-24;4.57789900
2013-06-25;4.55630200
2013-06-26;4.59699500
2013-06-27;4.60635000
2013-06-28;4.64794200
2013-07-01;4.63625300
2013-07-02;4.61830600
2013-07-03;4.59826200
2013-07-04;4.64131900
2013-07-05;4.65269600
2013-07-08;4.67312900
2013-07-09;4.69423300
2013-07-10;4.70362900
2013-07-11;4.67757200
2013-07-12;4.71353200
2013-07-15;4.73134000
2013-07-16;4.74455000
2013-07-17;4.71989700
2013-07-18;4.69854700
2013-07-19;4.62801500
2013-07-22;4.62544900
2013-07-23;4.64920100
2013-07-24;4.67564200
2013-07-25;4.67703400
2013-07-26;4.65815500
2013-07-29;4.62217300
2013-07-30;4.66602100
2013-07-31;4.68663800
2013-08-01;4.69210600
2013-08-02;4.71772900
2013-08-05;4.71765600
2013-08-06;4.69317300
2013-08-07;4.69814900
2013-08-08;4.75464000
2013-08-09;4.74041000
2013-08-12;4.73585200
2013-08-13;4.75211300
2013-08-14;4.75770700
2013-08-15;4.73131700
2013-08-16;4.72749100
2013-08-21;4.68880700
2013-08-22;4.69861700
2013-08-23;4.69748400
2013-08-26;4.71312800
2013-08-27;4.67759000
2013-08-28;4.71035000
2013-08-29;4.70123300
2013-08-30;4.71296600
2013-09-02;4.71721300
2013-09-03;4.71186900
2013-09-04;4.70157400
2013-09-05;4.70430200
2013-09-06;4.69698700
2013-09-09;4.69391700
2013-09-10;4.71993200
2013-09-11;4.79543100
2013-09-12;4.82103900
2013-09-13;4.83496500
2013-09-16;4.85092900
2013-09-17;4.84425800
2013-09-18;4.82444200
2013-09-19;4.82597100
2013-09-20;4.82329500
2013-09-23;4.81596600
2013-09-24;4.84722600
2013-09-25;4.95972500
2013-09-26;4.97954900
2013-09-27;4.98317900
2013-09-30;4.96119400
2013-10-01;4.98134900
2013-10-02;4.97950600
2013-10-03;4.97014200
2013-10-04;4.98015800
2013-10-07;4.96624900
2013-10-08;4.96304600
2013-10-09;4.97125500
2013-10-10;5.00536400
2013-10-11;4.98822200
2013-10-14;4.98929400
2013-10-15;5.01600200
2013-10-16;5.00996000
2013-10-17;5.01739000
2013-10-18;5.03350700
2013-10-21;5.04349400
2013-10-22;5.05016100
2013-10-24;5.06009900
2013-10-25;5.08735200
2013-10-28;5.07822500
2013-10-29;5.11334900
2013-10-30;5.13344800
2013-10-31;5.15424600
2013-11-04;5.18981300
2013-11-05;5.20820000
2013-11-06;5.22822600
2013-11-07;5.19149200
2013-11-08;5.20835900
2013-11-11;5.19352800
2013-11-12;5.20130000
2013-11-13;5.17328800
2013-11-14;5.21804600
2013-11-15;5.23935800
2013-11-18;5.24265600
2013-11-19;5.24497500
2013-11-20;5.23963600
2013-11-21;5.25257600
2013-11-22;5.26989400
2013-11-25;5.27621000
2013-11-26;5.27541500
2013-11-27;5.30939000
2013-11-28;5.30757500
2013-11-29;5.36227900
2013-12-02;5.37189600
2013-12-03;5.35576200
2013-12-04;5.34220100
2013-12-05;5.31414000
2013-12-06;5.32496400
2013-12-09;5.30532200
2013-12-10;5.30536900
2013-12-11;5.31380200
2013-12-12;5.30640400
2013-12-13;5.31679100
2013-12-16;5.32866700
2013-12-17;5.29542600
2013-12-18;5.31288600
2013-12-19;5.34183900
2013-12-20;5.36926300
2013-12-23;5.36257600
2013-12-30;5.38907200
2013-12-31;5.38834600
2014-01-02;5.39866000
2014-01-03;5.41711100
2014-01-06;5.42787000
2014-01-07;5.43752800
2014-01-08;5.42980400
2014-01-09;5.47177200
2014-01-10;5.48994400
2014-01-13;5.51802900
2014-01-14;5.54253500
2014-01-15;5.55909600
2014-01-16;5.56249800
2014-01-17;5.55974200
2014-01-20;5.57149200
2014-01-21;5.59794900
2014-01-22;5.60973600
2014-01-23;5.60931200
2014-01-24;5.55463900
2014-01-27;5.50164400
2014-01-28;5.49276700
2014-01-29;5.48733700
2014-01-30;5.53436400
2014-01-31;5.55900100
2014-02-03;5.51511400
2014-02-04;5.50043600
2014-02-05;5.47810600
2014-02-06;5.48768600
2014-02-07;5.51266900
2014-02-10;5.53716000
2014-02-11;5.55785500
2014-02-12;5.54276000
2014-02-13;5.55803800
2014-02-14;5.59879500
2014-02-17;5.61199500
2014-02-18;5.61977100
2014-02-19;5.65345600
2014-02-20;5.64498300
2014-02-21;5.62952500
2014-02-24;5.62892800
2014-02-25;5.57665300
2014-02-26;5.56240000
2014-02-27;5.53574200
2014-02-28;5.59429300
2014-03-03;5.49829600
2014-03-04;5.55668000
2014-03-05;5.54268200
2014-03-06;5.54874800
2014-03-07;5.52967100
2014-03-10;5.48745000
2014-03-11;5.48419700
2014-03-12;5.42774900
2014-03-13;5.40666400
2014-03-14;5.37241000
2014-03-17;5.44189100
2014-03-18;5.45925100
2014-03-19;5.46043100
2014-03-20;5.45102900
2014-03-21;5.45444100
2014-03-24;5.45599000
2014-03-25;5.47131600
2014-03-26;5.48564100
2014-03-27;5.49899900
2014-03-28;5.52123300
2014-03-31;5.53458500
2014-04-01;5.55251200
2014-04-02;5.60205900
2014-04-03;5.63117600
2014-04-04;5.61367600
2014-04-07;5.60122700
2014-04-08;5.57363100
2014-04-09;5.58997300
2014-04-10;5.59344700
2014-04-11;5.57595600
2014-04-14;5.56501000
2014-04-15;5.52367900
2014-04-16;5.55564600
2014-04-17;5.58492900
2014-04-22;5.62470200
2014-04-23;5.63401200
2014-04-24;5.63418000
2014-04-25;5.60784900
2014-04-28;5.59531100
2014-04-29;5.62231200
2014-04-30;5.60128400
2014-05-05;5.58324400
2014-05-06;5.62916800
2014-05-07;5.64323600
2014-05-08;5.64548500
2014-05-09;5.64476100
2014-05-12;5.65124100
2014-05-13;5.64725800
2014-05-14;5.65343300
2014-05-15;5.63385500
2014-05-16;5.66184100
2014-05-19;5.68971900
2014-05-20;5.68708600
2014-05-21;5.69717100
2014-05-22;5.73444300
2014-05-23;5.74533100
2014-05-26;5.75519500
2014-05-27;5.77512000
2014-05-28;5.78509600
2014-05-29;5.80425400
2014-05-30;5.83279300
2014-06-02;5.84208700
2014-06-03;5.85521600
2014-06-04;5.86606700
2014-06-05;5.86074200
2014-06-06;5.86566200
2014-06-10;5.89146800
2014-06-11;5.89616300
2014-06-12;5.89897300
2014-06-13;5.90017100
2014-06-16;5.90221400
2014-06-17;5.87948600
2014-06-18;5.91084500
2014-06-19;5.91346800
2014-06-20;5.90030200
2014-06-23;5.90874400
2014-06-24;5.89783000
2014-06-25;5.89624200
2014-06-26;5.88240200
2014-06-27;5.91615700
2014-06-30;5.92811700
2014-07-01;5.91454700
2014-07-02;5.93761300
2014-07-03;5.94451900
2014-07-04;5.88130500
2014-07-07;5.88991200
2014-07-08;5.83611500
2014-07-09;5.81899200
2014-07-10;5.78382300
2014-07-11;5.80118000
2014-07-14;5.83230800
2014-07-15;5.84259300
2014-07-16;5.85656500
2014-07-17;5.84623400
2014-07-18;5.83575500
2014-07-21;5.83063600
2014-07-22;5.87011500
2014-07-23;5.85263700
2014-07-24;5.87469000
2014-07-25;5.87302800
2014-07-28;5.86516800
2014-07-29;5.87802300
2014-07-30;5.88230400
2014-07-31;5.85244400
2014-08-01;5.85296400
2014-08-04;5.84582700
2014-08-05;5.85406000
2014-08-06;5.81570900
2014-08-07;5.79567700
2014-08-08;5.77775300
2014-08-11;5.80375000
2014-08-12;5.77798600
2014-08-13;5.84474900
2014-08-14;5.84952200
2014-08-15;5.84513800
2014-08-18;5.89039700
2014-08-19;5.89282200
2014-08-21;5.92482200
2014-08-22;5.90550300
2014-08-25;5.91494400
2014-08-26;5.93985300
2014-08-27;5.94259500
2014-08-28;5.88336600
2014-08-29;5.91654500
2014-09-01;5.91063100
2014-09-02;5.92902300
2014-09-03;5.97627200
2014-09-04;5.99862900
2014-09-05;6.00154600
2014-09-08;6.00170700
2014-09-09;6.01272000
2014-09-10;6.00721200
2014-09-11;5.98510500
2014-09-12;5.99051100
2014-09-15;5.97621500
2014-09-16;5.96801000
2014-09-17;6.00569200
2014-09-18;6.01449200
2014-09-19;5.98327700
2014-09-22;5.98835600
2014-09-23;5.95840300
2014-09-24;5.96116300
2014-09-25;5.92907600
2014-09-26;5.88776200
2014-09-29;5.90333300
2014-09-30;5.90104200
2014-10-01;5.89141500
2014-10-02;5.85619100
2014-10-03;5.87650000
2014-10-06;5.88327700
2014-10-07;5.84777100
2014-10-08;5.82933300
2014-10-09;5.80381400
2014-10-10;5.75867700
2014-10-13;5.74407000
2014-10-14;5.72614400
2014-10-15;5.67787500
2014-10-16;5.63822000
2014-10-17;5.69340800
2014-10-20;5.69601600
2014-10-21;5.73162400
2014-10-22;5.71831700
2014-10-27;5.73761200
2014-10-28;5.75558400
2014-10-29;5.73205700
2014-10-30;5.77048500
2014-10-31;5.81464700
2014-11-03;5.82506200
2014-11-04;5.80207600
2014-11-05;5.82021400
2014-11-06;5.83669200
2014-11-07;5.83514200
2014-11-10;5.88085900
2014-11-11;5.85502700
2014-11-12;5.83661700
2014-11-13;5.80474700
2014-11-14;5.81094500
2014-11-17;5.82229500
2014-11-18;5.85035700
2014-11-19;5.85097800
2014-11-20;5.84870000
2014-11-21;5.89169700
2014-11-24;5.89668000
2014-11-25;5.92440000
2014-11-26;5.93321200
2014-11-27;5.92607300
2014-11-28;5.91124200
2014-12-01;5.87505600
2014-12-02;5.90819800
2014-12-03;5.93583800
2014-12-04;5.93278900
2014-12-05;6.00574700
2014-12-08;5.97880600
2014-12-09;5.90748900
2014-12-10;5.90608200
2014-12-11;5.87333400
2014-12-12;5.82215400
2014-12-15;5.72370400
2014-12-16;5.71032500
2014-12-17;5.71023000
2014-12-18;5.79261500
2014-12-19;5.83793300
2014-12-22;5.86457600
2014-12-23;5.83911800
2014-12-29;5.85577500
2014-12-30;5.87925000
2014-12-31;5.89619300
2015-01-05;5.85797200
2015-01-06;5.84291400
2015-01-07;5.87955300
2015-01-08;5.95353200
2015-01-09;5.91656300
2015-01-12;5.91215800
2015-01-13;5.93908500
2015-01-14;5.92485700
2015-01-15;5.92228100
2015-01-16;5.94129600
2015-01-19;5.94816800
2015-01-20;6.01121300
2015-01-21;6.00147600
2015-01-22;6.04965700
2015-01-23;6.05704500
2015-01-26;6.08515200
2015-01-27;6.07019300
2015-01-28;6.05314000
2015-01-29;6.04880200
2015-01-30;6.03581900
2015-02-02;6.06990500
2015-02-03;6.11525300
2015-02-04;6.13524200
2015-02-05;6.13959200
2015-02-06;6.12779700
2015-02-09;6.13845000
2015-02-10;6.19961900
2015-02-11;6.19708400
2015-02-12;6.24530000
2015-02-13;6.25463800
2015-02-16;6.25770700
2015-02-17;6.26953400
2015-02-18;6.29364200
2015-02-19;6.27987500
2015-02-20;6.27407100
2015-02-23;6.31187400
2015-02-24;6.34538000
2015-02-25;6.36559900
2015-02-26;6.35464300
2015-02-27;6.34497500
2015-03-02;6.34943000
2015-03-03;6.34077300
2015-03-04;6.35742800
2015-03-05;6.39123500
2015-03-06;6.41716300
2015-03-09;6.38119300
2015-03-10;6.36854000
2015-03-11;6.38175000
2015-03-12;6.36580800
2015-03-13;6.36003300
2015-03-16;6.37725600
2015-03-17;6.34834200
2015-03-18;6.33203700
2015-03-19;6.35792300
2015-03-20;6.37722100
2015-03-23;6.39738800
2015-03-24;6.41653400
2015-03-25;6.41967500
2015-03-26;6.40796600
2015-03-30;6.42213500
2015-03-31;6.38982300
2015-04-01;6.41611300
2015-04-02;6.44327800
2015-04-07;6.50465200
2015-04-08;6.53280500
2015-04-09;6.57046000
2015-04-10;6.60889600
2015-04-13;6.66023300
2015-04-14;6.64821700
2015-04-15;6.69449100
2015-04-16;6.71543800
2015-04-17;6.65891700
2015-04-20;6.68530300
2015-04-21;6.64512200
2015-04-22;6.65020900
2015-04-23;6.67133200
2015-04-24;6.67731400
2015-04-27;6.72011300
2015-04-28;6.69261900
2015-04-29;6.63967800
2015-04-30;6.67447400
2015-05-04;6.72623300
2015-05-05;6.66947400
2015-05-06;6.67128300
2015-05-07;6.71766600
2015-05-08;6.73132600
2015-05-11;6.73764400
2015-05-12;6.72492400
2015-05-13;6.69456900
2015-05-14;6.71437800
2015-05-15;6.73097000
2015-05-18;6.74018700
2015-05-19;6.76639100
2015-05-20;6.75563600
2015-05-21;6.75055500
2015-05-22;6.75080000
2015-05-26;6.69630000
2015-05-27;6.73033900
2015-05-28;6.71885100
2015-05-29;6.70935200
2015-06-01;6.75264900
2015-06-02;6.75565400
2015-06-03;6.78784700
2015-06-04;6.76907000
2015-06-05;6.72718500
2015-06-08;6.70737600
2015-06-09;6.68888800
2015-06-10;6.73560100
2015-06-11;6.71533800
2015-06-12;6.67256300
2015-06-15;6.62342200
2015-06-16;6.64355000
2015-06-17;6.62961700
2015-06-18;6.62418300
2015-06-19;6.64691100
2015-06-22;6.69294400
2015-06-23;6.71307900
2015-06-24;6.70173100
2015-06-25;6.69941900
2015-06-26;6.73279800
2015-06-29;6.64385800
2015-06-30;6.64989400
2015-07-01;6.68982500
2015-07-02;6.68468300
2015-07-03;6.67678600
2015-07-06;6.63792000
2015-07-07;6.59717300
2015-07-08;6.61621600
2015-07-09;6.66002900
2015-07-10;6.70298600
2015-07-13;6.75025900
2015-07-14;6.79316400
2015-07-15;6.80596000
2015-07-16;6.83961200
2015-07-17;6.86250000
2015-07-20;6.87699500
2015-07-21;6.87314800
2015-07-22;6.83488300
2015-07-23;6.83299400
2015-07-24;6.84669600
2015-07-27;6.78684000
2015-07-28;6.80381700
2015-07-29;6.80857500
2015-07-30;6.82660500
2015-07-31;6.83714800
2015-08-03;6.84291100
2015-08-04;6.85194300
2015-08-05;6.89444600
2015-08-06;6.90544000
2015-08-07;6.91390700
2015-08-10;6.92538300
2015-08-11;6.89233000
2015-08-12;6.84102600
2015-08-13;6.83908100
2015-08-14;6.80362800
2015-08-17;6.78821300
2015-08-18;6.75026600
2015-08-19;6.74615600
2015-08-24;6.43180400
2015-08-25;6.52660100
2015-08-26;6.51922700
2015-08-27;6.59961900
2015-08-28;6.60026100
2015-08-31;6.58299800
2015-09-01;6.51362400
2015-09-02;6.51930300
2015-09-03;6.56725700
2015-09-04;6.52571400
2015-09-07;6.52048500
2015-09-08;6.54745500
2015-09-09;6.55719400
2015-09-10;6.55761700
2015-09-11;6.53105000
2015-09-14;6.51558100
2015-09-15;6.50388100
2015-09-16;6.49681800
2015-09-17;6.50727000
2015-09-18;6.44742000
2015-09-21;6.45808100
2015-09-22;6.37786500
2015-09-23;6.37354200
2015-09-24;6.35146100
2015-09-25;6.39993200
2015-09-28;6.33129900
2015-09-29;6.36046000
2015-09-30;6.38834000
2015-10-01;6.38231100
2015-10-02;6.44173900
2015-10-05;6.50794000
2015-10-06;6.51247400
2015-10-07;6.55000300
2015-10-08;6.57659100
2015-10-09;6.59847600
2015-10-12;6.62067500
2015-10-13;6.57558300
2015-10-14;6.57683200
2015-10-15;6.56433300
2015-10-16;6.56466600
2015-10-19;6.56737200
2015-10-20;6.58350400
2015-10-21;6.59377300
2015-10-22;6.63283700
2015-10-26;6.66841000
2015-10-27;6.64469000
2015-10-28;6.65080500
2015-10-29;6.64310500
2015-10-30;6.64605300
2015-11-02;6.68196100
2015-11-03;6.69426900
2015-11-04;6.72087700
2015-11-05;6.68834700
2015-11-06;6.72829300
2015-11-09;6.73873000
2015-11-10;6.71349200
2015-11-11;6.70555500
2015-11-12;6.68601400
2015-11-13;6.66350700
2015-11-16;6.65830600
2015-11-17;6.70752800
2015-11-18;6.72541700
2015-11-19;6.74802400
2015-11-20;6.74645600
2015-11-23;6.74984200
2015-11-24;6.70594400
2015-11-25;6.68736800
2015-11-26;6.71787700
2015-11-27;6.67923800
2015-11-30;6.67272700
2015-12-01;6.68905400
2015-12-02;6.66095000
2015-12-03;6.65910600
2015-12-04;6.65262700
2015-12-07;6.64703300
2015-12-08;6.61275000
2015-12-09;6.59193700
2015-12-10;6.60648200
2015-12-11;6.54251400
2015-12-14;6.49045100
2015-12-15;6.51527700
2015-12-16;6.51270300
2015-12-17;6.51845500
2015-12-18;6.51740200
2015-12-21;6.52244200
2015-12-22;6.51921800
2015-12-23;6.58398900
2015-12-28;6.60339300
2015-12-29;6.62376200
2015-12-30;6.63026400
2015-12-31;6.64541400
2016-01-04;6.55404700
2016-01-05;6.56113400
2016-01-06;6.55163600
2016-01-07;6.47439300
2016-01-08;6.45584400
2016-01-11;6.42591200
2016-01-12;6.45025700
2016-01-13;6.45028600
2016-01-14;6.41162200
2016-01-15;6.32684100
2016-01-18;6.23076000
2016-01-19;6.29284300
2016-01-20;6.18154100
2016-01-21;6.25072500
2016-01-22;6.32597200
2016-01-25;6.29518600
2016-01-26;6.33984800
2016-01-27;6.34853000
2016-01-28;6.34499500
2016-01-29;6.37099800
2016-02-01;6.37708400
2016-02-02;6.31802700
2016-02-03;6.29262700
2016-02-04;6.32442300
2016-02-05;6.34485000
2016-02-08;6.24754400
2016-02-09;6.18849700
2016-02-10;6.20748200
2016-02-11;6.14971200
2016-02-12;6.19214600
2016-02-15;6.28016000
2016-02-16;6.27798900
2016-02-17;6.31157500
2016-02-18;6.34128300
2016-02-19;6.33770300
2016-02-22;6.39894100
2016-02-23;6.36430200
2016-02-24;6.29749500
2016-02-25;6.35671400
2016-02-26;6.41634000
2016-02-29;6.38173400
2016-03-01;6.45464300
2016-03-02;6.51533100
2016-03-03;6.55579100
2016-03-04;6.57143200
2016-03-07;6.58700200
2016-03-08;6.58490100
2016-03-09;6.57031200
2016-03-10;6.55717800
2016-03-11;6.61622100
2016-03-16;6.65497600
2016-03-17;6.60674100
2016-03-18;6.67326400
2016-03-21;6.64028000
2016-03-22;6.65748500
2016-03-23;6.63577600
2016-03-24;6.60942500
2016-03-29;6.62413500
2016-03-30;6.68737800
2016-03-31;6.70108200
2016-04-01;6.68359300
2016-04-04;6.68173500
2016-04-05;6.63882200
2016-04-06;6.66985700
2016-04-07;6.65780400
2016-04-08;6.71296800
2016-04-11;6.71695400
2016-04-12;6.70844800
2016-04-13;6.74244800
2016-04-14;6.77338900
2016-04-15;6.78490900
2016-04-18;6.78105400
2016-04-19;6.82606500
2016-04-20;6.81965900
2016-04-21;6.82083500
2016-04-22;6.83313300
2016-04-25;6.80864500
2016-04-26;6.82718700
2016-04-27;6.83355100
2016-04-28;6.82773200
2016-04-29;6.80762000
2016-05-02;6.79465500
2016-05-03;6.72618300
2016-05-04;6.69103400
2016-05-05;6.72119600
2016-05-06;6.71421900
2016-05-09;6.71586000
2016-05-10;6.74231900
2016-05-11;6.71882700
2016-05-12;6.72600000
2016-05-13;6.74284600
2016-05-17;6.71989900
2016-05-18;6.69554000
2016-05-19;6.65359100
2016-05-20;6.68765900
2016-05-23;6.69524900
2016-05-24;6.72752600
2016-05-25;6.76035900
2016-05-26;6.77736800
2016-05-27;6.79978400
2016-05-30;6.81896700
2016-05-31;6.80280500
2016-06-01;6.79669300
2016-06-02;6.83469700
2016-06-03;6.82317600
2016-06-06;6.84682700
2016-06-07;6.87922000
2016-06-08;6.88297200
2016-06-09;6.84336600
2016-06-10;6.74824100
2016-06-13;6.66794200
2016-06-14;6.60938900
2016-06-15;6.67846500
2016-06-16;6.64578600
2016-06-17;6.69568300
2016-06-20;6.77212900
2016-06-21;6.79510400
2016-06-22;6.82188200
2016-06-23;6.85716700
2016-06-24;6.63736400
2016-06-27;6.53252700
2016-06-28;6.64322900
2016-06-29;6.72099800
2016-06-30;6.74958500
2016-07-01;6.77853700
2016-07-04;6.76928900
2016-07-05;6.72723100
2016-07-06;6.68456100
2016-07-07;6.73078300
2016-07-08;6.76834700
2016-07-11;6.82711000
2016-07-12;6.87688600
2016-07-13;6.87382400
2016-07-14;6.94367600
2016-07-15;6.94947100
2016-07-18;6.96991500
2016-07-19;6.95595000
2016-07-20;6.98566500
2016-07-21;6.98495000
2016-07-22;6.98382900
2016-07-25;6.98968500
2016-07-26;6.98348800
2016-07-27;7.01146000
2016-07-28;6.98792100
2016-07-29;6.99851200
2016-08-01;6.96268500
2016-08-02;6.92062800
2016-08-03;6.91503400
2016-08-04;6.95280000
2016-08-05;6.97856200
2016-08-08;7.03174000
2016-08-09;7.05038200
2016-08-10;7.02021100
2016-08-11;7.03353600
2016-08-12;7.04338300
2016-08-15;7.02866200
2016-08-16;7.01634000
2016-08-17;7.00125600
2016-08-18;7.01733500
2016-08-19;6.99509400
2016-08-22;6.97948500
2016-08-23;7.01549400
2016-08-24;7.03395400
2016-08-25;7.02451100
2016-08-26;7.03514000
2016-08-29;7.03620900
2016-08-30;7.06332700
2016-08-31;7.06795200
2016-09-01;7.07958300
2016-09-02;7.13110300
2016-09-05;7.14582000
2016-09-06;7.17565400
2016-09-07;7.19647700
2016-09-08;7.20681200
2016-09-09;7.18342600
2016-09-12;7.14106900
2016-09-13;7.11935700
2016-09-14;7.10139500
2016-09-15;7.12791800
2016-09-16;7.09903700
2016-09-19;7.13420800
2016-09-20;7.11646500
2016-09-21;7.14303300
2016-09-22;7.20138600
2016-09-23;7.20922400
2016-09-26;7.16431000
2016-09-27;7.14393900
2016-09-28;7.16693800
2016-09-29;7.20020400
2016-09-30;7.18688200
2016-10-03;7.20150400
2016-10-04;7.22843000
2016-10-05;7.25370000
2016-10-06;7.26816900
2016-10-07;7.26207000
2016-10-10;7.25222800
2016-10-11;7.26963100
2016-10-12;7.24411400
2016-10-13;7.19894900
2016-10-14;7.25072700
2016-10-17;7.25736100
2016-10-18;7.31336700
2016-10-19;7.34611400
2016-10-20;7.36692300
2016-10-21;7.35465000
2016-10-24;7.38358000
2016-10-25;7.37496100
2016-10-26;7.38148100
2016-10-27;7.38686300
2016-10-28;7.38250400
2016-11-02;7.28180800
2016-11-03;7.31738400
2016-11-04;7.28402500
2016-11-07;7.32259800
2016-11-08;7.33002300
2016-11-09;7.31793600
2016-11-10;7.34404700
2016-11-11;7.35652600
2016-11-14;7.34197300
2016-11-15;7.36391900
2016-11-16;7.32981800
2016-11-17;7.31533000
2016-11-18;7.30097700
2016-11-21;7.30927700
2016-11-22;7.34309200
2016-11-23;7.34950800
2016-11-24;7.33800100
2016-11-25;7.33557800
2016-11-28;7.30061400
2016-11-29;7.31518500
2016-11-30;7.33510300
2016-12-01;7.33506200
2016-12-02;7.34816900
2016-12-05;7.38382600
2016-12-06;7.42000600
2016-12-07;7.42630300
2016-12-08;7.46488700
2016-12-09;7.47362700
2016-12-12;7.48934300
2016-12-13;7.52271500
2016-12-14;7.50561100
2016-12-15;7.52126800
2016-12-16;7.55082700
2016-12-19;7.54100900
2016-12-20;7.54984400
2016-12-21;7.55859100
2016-12-22;7.56847700
2016-12-23;7.56782300
2016-12-27;7.57584800
2016-12-28;7.56620700
2016-12-29;7.57777900
2016-12-30;7.58731000
2017-01-02;7.61306600
2017-01-03;7.65705200
2017-01-04;7.66685900
2017-01-05;7.67573100
2017-01-06;7.67774600
2017-01-09;7.67279100
2017-01-10;7.69632500
2017-01-11;7.70358000
2017-01-12;7.66588900
2017-01-13;7.67326700
2017-01-16;7.68069900
2017-01-17;7.66531500
2017-01-18;7.68212400
2017-01-19;7.67587600
2017-01-20;7.70027000
2017-01-23;7.69525200
2017-01-24;7.71069100
2017-01-25;7.75922000
2017-01-26;7.75570300
2017-01-27;7.78063400
2017-01-30;7.72450100
2017-01-31;7.71986600
2017-02-01;7.74733500
2017-02-02;7.72959000
2017-02-03;7.76189200
2017-02-06;7.74162200
2017-02-07;7.77953100
2017-02-08;7.79346700
2017-02-09;7.81060500
2017-02-10;7.82919400
2017-02-13;7.84705300
2017-02-14;7.86251900
2017-02-15;7.89518500
2017-02-16;7.90411100
2017-02-17;7.89945900
2017-02-20;7.92166800
2017-02-21;7.96631900
2017-02-22;7.97496600
2017-02-23;7.95730800
2017-02-24;7.89170300
2017-02-27;7.88199600
2017-02-28;7.85524500
2017-03-01;7.94454900
2017-03-02;7.93214900
2017-03-03;7.92557400
2017-03-06;7.92830600
2017-03-07;7.89560800
2017-03-08;7.90194400
2017-03-09;7.91377300
2017-03-10;7.92583600
2017-03-13;7.93897800
2017-03-14;7.93200900
2017-03-16;7.95846300
2017-03-17;7.95866900
2017-03-20;7.93489000
2017-03-21;7.89547300
2017-03-22;7.85271700
2017-03-23;7.89100600
2017-03-24;7.91419900
2017-03-27;7.86907200
2017-03-28;7.87585600
2017-03-29;7.84133100
2017-03-30;7.83913000
2017-03-31;7.83976400
2017-04-03;7.86568100
2017-04-04;7.86100500
2017-04-05;7.85017500
2017-04-06;7.86147400
2017-04-07;7.88465900
2017-04-10;7.88602900
2017-04-11;7.87467500
2017-04-12;7.86179100
2017-04-13;7.87161600
2017-04-18;7.86040900
2017-04-19;7.87529700
2017-04-20;7.87490800
2017-04-21;7.89382300
2017-04-24;7.97929700
2017-04-25;7.97888200
2017-04-26;7.99007300
2017-04-27;7.96579700
2017-04-28;7.96854900
2017-05-02;7.96768200
2017-05-03;7.93686000
2017-05-04;7.97949200
2017-05-05;8.02332900
2017-05-08;8.04855700
2017-05-09;8.08393900
2017-05-10;8.10701400
2017-05-11;8.10456800
2017-05-12;8.12292600
2017-05-15;8.14069700
2017-05-16;8.12722800
2017-05-17;8.10684000
2017-05-18;8.06644100
2017-05-19;8.13470500
2017-05-22;8.16256000
2017-05-23;8.16146300
2017-05-24;8.16614800
2017-05-25;8.16643200
2017-05-26;8.17679500
2017-05-29;8.17716600
2017-05-30;8.17331200
2017-05-31;8.19259700
2017-06-01;8.21730600
2017-06-02;8.23696000
2017-06-06;8.20540600
2017-06-07;8.22692500
2017-06-08;8.24714300
2017-06-09;8.25858200
2017-06-12;8.20965800
2017-06-13;8.22831000
2017-06-14;8.24874100
2017-06-15;8.22229600
2017-06-16;8.24009400
2017-06-19;8.28050900
2017-06-20;8.24816000
2017-06-21;8.25317600
2017-06-22;8.22822200
2017-06-23;8.20276300
2017-06-26;8.21364500
2017-06-27;8.20358600
2017-06-28;8.18848400
2017-06-29;8.14050200
2017-06-30;8.14923800
2017-07-03;8.15643500
2017-07-04;8.17143100
2017-07-05;8.22143700
2017-07-06;8.22682800
2017-07-07;8.20239400
2017-07-10;8.24441100
2017-07-11;8.25053800
2017-07-12;8.28933900
2017-07-13;8.30973600
2017-07-14;8.30683900
2017-07-17;8.31530500
2017-07-18;8.31212800
2017-07-19;8.32998800
2017-07-20;8.32695000
2017-07-21;8.30542700
2017-07-24;8.29305100
2017-07-25;8.30837000
2017-07-26;8.32619100
2017-07-27;8.33981200
2017-07-28;8.32339900
2017-07-31;8.30783600
2017-08-01;8.32855700
2017-08-02;8.33371400
2017-08-03;8.36649500
2017-08-04;8.39610100
2017-08-07;8.40908900
2017-08-08;8.43687800
2017-08-09;8.41366900
2017-08-10;8.39684500
2017-08-11;8.37624700
2017-08-14;8.40048300
2017-08-15;8.41683100
2017-08-16;8.45048800
2017-08-17;8.44121000
2017-08-18;8.42563600
2017-08-21;8.41135400
2017-08-22;8.45725400
2017-08-23;8.45368300
2017-08-24;8.46293400
2017-08-25;8.49381500
2017-08-28;8.48242900
2017-08-29;8.42003400
2017-08-30;8.44577200
2017-08-31;8.43446100
2017-09-01;8.45737400
2017-09-04;8.41838800
2017-09-05;8.41259500
2017-09-06;8.41133500
2017-09-07;8.40388400
2017-09-08;8.37329800
2017-09-11;8.43194900
2017-09-12;8.44082000
2017-09-13;8.42967500
2017-09-14;8.41763600
2017-09-15;8.42012900
2017-09-18;8.42215500
2017-09-19;8.42195100
2017-09-20;8.41626100
2017-09-21;8.42192900
2017-09-22;8.41678900
2017-09-25;8.40000400
2017-09-26;8.40415700
2017-09-27;8.41164700
2017-09-28;8.41026000
2017-09-29;8.40123300
2017-10-02;8.44268200
2017-10-03;8.43752800
2017-10-04;8.42656600
2017-10-05;8.44230400
2017-10-06;8.45848200
2017-10-09;8.47425300
2017-10-10;8.46347300
2017-10-11;8.49159300
2017-10-12;8.49950200
2017-10-13;8.51967300
2017-10-16;8.53033400
2017-10-17;8.53067400
2017-10-18;8.53896600
2017-10-19;8.52352500
2017-10-20;8.50423600
2017-10-24;8.49788400
2017-10-25;8.47944600
2017-10-26;8.48889500
2017-10-27;8.50600000
2017-10-30;8.48937500
2017-10-31;8.49328100
2017-11-02;8.50723800
2017-11-03;8.43256900
2017-11-06;8.47012600
2017-11-07;8.47661900
2017-11-08;8.49354600
2017-11-09;8.49002300
2017-11-10;8.46733400
2017-11-13;8.43709900
2017-11-14;8.42105500
2017-11-15;8.35546900
2017-11-16;8.39131300
2017-11-17;8.38356000
2017-11-20;8.40759900
2017-11-21;8.43707700
2017-11-22;8.44653200
2017-11-23;8.41765200
2017-11-24;8.41251000
2017-11-27;8.37040800
2017-11-28;8.37889100
2017-11-29;8.36580300
2017-11-30;8.38424800
2017-12-01;8.36790700
2017-12-04;8.38597900
2017-12-05;8.36973900
2017-12-06;8.33249100
2017-12-07;8.37422200
2017-12-08;8.39825900
2017-12-11;8.35465200
2017-12-12;8.40437300
2017-12-13;8.34315800
2017-12-14;8.36448000
2017-12-15;8.35521000
2017-12-18;8.39109500
2017-12-19;8.39899400
2017-12-20;8.39844800
2017-12-21;8.43178100
2017-12-22;8.43080000
2017-12-27;8.42361300
2017-12-28;8.43518900
2017-12-29;8.44031800
2018-01-02;8.47335300
2018-01-03;8.50128800
2018-01-04;8.55594300
2018-01-05;8.55710700
2018-01-08;8.59793400
2018-01-09;8.61284000
2018-01-10;8.59545900
2018-01-11;8.62553800
2018-01-12;8.65644000
2018-01-15;8.65508900
2018-01-16;8.67251900
2018-01-17;8.68395400
2018-01-18;8.68807300
2018-01-19;8.70900200
2018-01-22;8.76594900
2018-01-23;8.78069400
2018-01-24;8.74939500
2018-01-25;8.72691000
2018-01-26;8.73102400
2018-01-29;8.70485000
2018-01-30;8.63869800
2018-01-31;8.65465800
2018-02-01;8.63890400
2018-02-02;8.56744100
2018-02-05;8.51826400
2018-02-06;8.38838600
2018-02-07;8.47060300
2018-02-08;8.43622100
2018-02-09;8.38819600
2018-02-12;8.44136800
2018-02-13;8.44295400
2018-02-14;8.46578800
2018-02-15;8.46267300
2018-02-16;8.49990100
2018-02-19;8.51463600
2018-02-20;8.50526300
2018-02-21;8.48160100
2018-02-22;8.47122700
2018-02-23;8.48039700
2018-02-26;8.47433200
2018-02-27;8.49348600
2018-02-28;8.47836500
2018-03-01;8.44632400
2018-03-02;8.36353100
2018-03-05;8.41374600
2018-03-06;8.48351900
2018-03-07;8.48762400
2018-03-08;8.50006600
2018-03-09;8.52114400
2018-03-12;8.57812400
2018-03-13;8.55931600
2018-03-14;8.56386100
2018-03-19;8.57806400
2018-03-20;8.58992400
2018-03-21;8.62042300
2018-03-22;8.56080500
2018-03-23;8.53364300
2018-03-26;8.53388100
2018-03-27;8.57462500
2018-03-28;8.56216700
2018-03-29;8.56835800
2018-04-03;8.57974200
2018-04-04;8.54289600
2018-04-05;8.61066800
2018-04-06;8.60447800
2018-04-09;8.61258600
2018-04-10;8.59489400
2018-04-11;8.57435600
2018-04-12;8.62724200
2018-04-13;8.62664300
2018-04-16;8.62106800
2018-04-17;8.64362000
2018-04-18;8.66955800
2018-04-19;8.68830900
2018-04-20;8.65083800
2018-04-23;8.65857300
2018-04-24;8.66649100
2018-04-25;8.63129800
2018-04-26;8.64504900
2018-04-27;8.63087800
2018-05-02;8.65549500
2018-05-03;8.64270800
2018-05-04;8.65001000
2018-05-07;8.65074500
2018-05-08;8.64106900
2018-05-09;8.64519400
2018-05-10;8.66960100
2018-05-11;8.70712500
2018-05-14;8.72205500
2018-05-15;8.71136800
2018-05-16;8.68519500
2018-05-17;8.68428500
2018-05-18;8.64611500
2018-05-22;8.63067400
2018-05-23;8.57545300
2018-05-24;8.56457200
2018-05-25;8.55386500
2018-05-28;8.56298000
2018-05-29;8.50320900
2018-05-30;8.50610300
2018-05-31;8.50766900
2018-06-01;8.53326300
2018-06-04;8.56195900
2018-06-05;8.56129300
2018-06-06;8.57959200
2018-06-07;8.61207900
2018-06-08;8.62952600
2018-06-11;8.66435400
2018-06-12;8.67088200
2018-06-13;8.63285000
2018-06-14;8.66637800
2018-06-15;8.62472500
2018-06-18;8.57725100
2018-06-19;8.55011200
2018-06-20;8.57015400
2018-06-21;8.57472300
2018-06-22;8.58749300
2018-06-25;8.53991900
2018-06-26;8.52577700
2018-06-27;8.52717600
2018-06-28;8.51734400
2018-06-29;8.59088800
2018-07-02;8.54958600
2018-07-03;8.52886500
2018-07-04;8.54898900
2018-07-05;8.53766800
2018-07-06;8.53519500
2018-07-09;8.53335400
2018-07-10;8.53131400
2018-07-11;8.47728800
2018-07-12;8.48761300
2018-07-13;8.48922600
2018-07-16;8.44334800
2018-07-17;8.44887100
2018-07-18;8.45726500
2018-07-19;8.49671700
2018-07-20;8.51639400
2018-07-23;8.52238800
2018-07-24;8.55124600
2018-07-25;8.56697600
2018-07-26;8.60006800
2018-07-27;8.60306400
2018-07-30;8.63932300
2018-07-31;8.61708700
2018-08-01;8.61376600
2018-08-02;8.58881800
2018-08-03;8.61575000
2018-08-06;8.63860600
2018-08-07;8.64109200
2018-08-08;8.64224300
2018-08-09;8.63292500
2018-08-10;8.55810700
2018-08-13;8.46456600
2018-08-14;8.49375500
2018-08-15;8.50887600
2018-08-16;8.52247900
2018-08-17;8.50598400
2018-08-21;8.55369100
2018-08-22;8.51969700
2018-08-23;8.54466700
2018-08-24;8.55156000
2018-08-27;8.58917300
2018-08-28;8.60768800
2018-08-29;8.60787700
2018-08-30;8.59985300
2018-08-31;8.59249600
2018-09-03;8.60270600
2018-09-04;8.57916400
2018-09-05;8.54956800
2018-09-06;8.51982800
2018-09-07;8.50238500
2018-09-10;8.53186900
2018-09-11;8.48582100
2018-09-12;8.48623600
2018-09-13;8.50227500
2018-09-14;8.49908600
2018-09-17;8.49969100
2018-09-18;8.52793500
2018-09-19;8.57100300
2018-09-20;8.58652100
2018-09-21;8.55864000
2018-09-24;8.55862700
2018-09-25;8.58680600
2018-09-26;8.57867800
2018-09-27;8.60655900
2018-09-28;8.57481000
2018-10-01;8.57910000
2018-10-02;8.59692300
2018-10-03;8.59579700
2018-10-04;8.54668600
2018-10-05;8.51187700
2018-10-08;8.47471000
2018-10-09;8.51366900
2018-10-10;8.41345300
2018-10-11;8.37460000
2018-10-12;8.40921800
2018-10-15;8.43611000
2018-10-16;8.48756200
2018-10-17;8.49601200
2018-10-18;8.49669600
2018-10-19;8.50117700
2018-10-24;8.43052000
2018-10-25;8.43756300
2018-10-26;8.38013500
2018-10-29;8.39279100
2018-10-30;8.40041000
2018-10-31;8.44396600
2018-11-05;8.49206800
2018-11-06;8.50359100
2018-11-07;8.55796500
2018-11-08;8.54233100
2018-11-09;8.50640500
2018-11-12;8.47622100
2018-11-13;8.47911200
2018-11-14;8.49148400
2018-11-15;8.48223600
2018-11-16;8.46198000
2018-11-19;8.43127800
2018-11-20;8.35127400
2018-11-21;8.41620000
2018-11-22;8.40628700
2018-11-23;8.41979300
2018-11-26;8.47455700
2018-11-27;8.48859700
2018-11-28;8.50851600
2018-11-29;8.55608800
2018-11-30;8.55929100
2018-12-03;8.62260200
2018-12-04;8.61709800
2018-12-05;8.60712400
2018-12-06;8.48607000
2018-12-07;8.46852800
2018-12-10;8.40312000
2018-12-11;8.36291000
2018-12-12;8.38782800
2018-12-13;8.40821100
2018-12-14;8.39650500
2018-12-17;8.34030500
2018-12-18;8.32936800
2018-12-19;8.22960300
2018-12-20;8.17123700
2018-12-21;8.10918400
2018-12-27;8.08380900
2018-12-28;8.14331800
2018-12-31;8.16556700
2019-01-02;8.17637600
2019-01-03;8.17334100
2019-01-04;8.27092000
2019-01-07;8.30910100
2019-01-08;8.33285000
2019-01-09;8.38232800
2019-01-10;8.35401700
2019-01-11;8.32924300
2019-01-14;8.26070200
2019-01-15;8.30832400
2019-01-16;8.37994800
2019-01-17;8.38521700
2019-01-18;8.41351000
2019-01-21;8.39035800
2019-01-22;8.38016800
2019-01-23;8.38944500
2019-01-24;8.42685300
2019-01-25;8.46506900
2019-01-28;8.42141100
2019-01-29;8.42029800
2019-01-30;8.41794800
2019-01-31;8.41837000
2019-02-01;8.45757700
2019-02-04;8.47371700
2019-02-05;8.53077900
2019-02-06;8.53555200
2019-02-07;8.48628700
2019-02-08;8.45822200
2019-02-11;8.48199200
2019-02-12;8.52508700
2019-02-13;8.51595200
2019-02-14;8.50161600
2019-02-15;8.54604200
2019-02-18;8.58917400
2019-02-19;8.59571300
2019-02-20;8.63802900
2019-02-21;8.63992400
2019-02-22;8.63351400
2019-02-25;8.69470700
2019-02-26;8.66413100
2019-02-27;8.61490400
2019-02-28;8.63478000
2019-03-01;8.65500000
2019-03-04;8.67131300
2019-03-05;8.66774200
2019-03-06;8.68109300
2019-03-07;8.61492500
2019-03-08;8.56887400
2019-03-11;8.58148400
2019-03-12;8.60891100
2019-03-13;8.62487100
2019-03-14;8.64971400
2019-03-18;8.68695400
2019-03-19;8.67886900
2019-03-20;8.65459600
2019-03-21;8.69603300
2019-03-22;8.65969700
2019-03-25;8.62055500
2019-03-26;8.62308800
2019-03-27;8.68871600
2019-03-28;8.65285700
2019-03-29;8.68555900
2019-04-01;8.75667200
2019-04-02;8.79191000
2019-04-03;8.79963600
2019-04-04;8.81771000
2019-04-05;8.84852800
2019-04-08;8.83958600
2019-04-09;8.83979800
2019-04-11;8.85268100
2019-04-12;8.87736300
2019-04-15;8.89696100
2019-04-16;8.90403300
2019-04-17;8.92139100
2019-04-18;8.93269000
2019-04-23;8.91417700
2019-04-24;8.88540100
2019-04-25;8.90891900
2019-04-26;8.90525000
2019-04-29;8.89664200
2019-04-30;8.88724000
2019-05-02;8.86955100
2019-05-03;8.85560600
2019-05-06;8.80072500
2019-05-07;8.72484100
2019-05-08;8.68965800
2019-05-09;8.62658100
2019-05-10;8.62708500
2019-05-13;8.53332400
2019-05-14;8.55728100
2019-05-15;8.54692400
2019-05-16;8.56991600
2019-05-17;8.53622900
2019-05-20;8.50983000
2019-05-21;8.54738500
2019-05-22;8.50167100
2019-05-23;8.46353500
2019-05-24;8.49937500
2019-05-27;8.55377500
2019-05-28;8.60610000
2019-05-29;8.60368600
2019-05-30;8.64358300
2019-05-31;8.66494100
2019-06-03;8.67195400
2019-06-04;8.61571500
2019-06-05;8.64955200
2019-06-06;8.66576000
2019-06-07;8.73449600
2019-06-11;8.80629800
2019-06-12;8.77688700
2019-06-13;8.79083600
2019-06-14;8.76248700
2019-06-17;8.76276300
2019-06-18;8.83982900
2019-06-19;8.85928700
2019-06-20;8.88806000
2019-06-21;8.88078500
2019-06-24;8.92055100
2019-06-25;8.84787300
2019-06-26;8.89476100
2019-06-27;8.94213900
2019-06-28;8.99770300
2019-07-01;9.00986400
2019-07-02;9.01027800
2019-07-03;9.02848200
2019-07-04;9.08081300
2019-07-05;9.09003100
2019-07-08;9.03205300
2019-07-09;8.97148400
2019-07-10;9.00225800
2019-07-11;9.00521400
2019-07-12;8.97706000
2019-07-15;8.95473700
2019-07-16;8.97437700
2019-07-17;8.97525800
2019-07-18;8.96589600
2019-07-19;8.99112800
2019-07-22;8.96662900
2019-07-23;9.01448500
2019-07-24;9.02396900
2019-07-25;9.03318800
2019-07-26;9.01935100
2019-07-29;9.02910600
2019-07-30;8.99491100
2019-07-31;9.00958300
2019-08-01;8.95758500
2019-08-02;8.88825200
2019-08-05;8.79629200
2019-08-06;8.78962400
2019-08-07;8.75800200
2019-08-08;8.80217800
2019-08-09;8.74313400
2019-08-12;8.69908900
2019-08-13;8.70093000
2019-08-14;8.57952400
2019-08-15;8.56290500
2019-08-16;8.58807100
2019-08-21;8.71541000
2019-08-22;8.69298000
2019-08-23;8.66814300
2019-08-26;8.66048700
2019-08-27;8.65415100
2019-08-28;8.66253600
2019-08-29;8.73884800
2019-08-30;8.83073000
2019-09-02;8.83035800
2019-09-03;8.79960100
2019-09-04;8.83596600
2019-09-05;8.89757000
2019-09-06;8.90590400
2019-09-09;8.95406500
2019-09-10;8.99783300
2019-09-11;9.05124500
2019-09-12;9.03566300
2019-09-13;9.07540400
2019-09-16;9.13073300
2019-09-17;9.10833800
2019-09-18;9.11368100
2019-09-19;9.11597400
2019-09-20;9.13168200
2019-09-23;9.10583800
2019-09-24;9.14044900
2019-09-25;9.08608800
2019-09-26;9.10363900
2019-09-27;9.14347700
2019-09-30;9.12755700
2019-10-01;9.08326500
2019-10-02;8.91691300
2019-10-03;8.86275500
2019-10-04;8.90474000
2019-10-07;8.91500800
2019-10-08;8.87819700
2019-10-09;8.90284800
2019-10-10;8.92180200
2019-10-11;9.03112200
2019-10-14;9.03016500
2019-10-15;9.06587700
2019-10-16;9.07395900
2019-10-17;9.11301000
2019-10-18;9.09339500
2019-10-21;9.13919300
2019-10-22;9.16360700
2019-10-24;9.22090900
2019-10-25;9.18946400
2019-10-28;9.21475800
2019-10-29;9.24203000
2019-10-30;9.24847400
2019-10-31;9.20338900
2019-11-04;9.29111700
2019-11-05;9.33600800
2019-11-06;9.32136500
2019-11-07;9.40258600
2019-11-08;9.37678500
2019-11-11;9.34066100
2019-11-12;9.36983600
2019-11-13;9.35916000
2019-11-14;9.40743600
2019-11-15;9.43507800
2019-11-18;9.45741600
2019-11-19;9.47316700
2019-11-20;9.42046000
2019-11-21;9.40897000
2019-11-22;9.44397700
2019-11-25;9.48026700
2019-11-26;9.47278500
2019-11-27;9.46385200
2019-11-28;9.47260900
2019-11-29;9.42491800
2019-12-02;9.38347600
2019-12-03;9.30523500
2019-12-04;9.31171700
2019-12-05;9.30908800
2019-12-06;9.32173300
2019-12-09;9.29689800
2019-12-10;9.26959800
2019-12-11;9.29412200
2019-12-12;9.35213500
2019-12-13;9.38939400
2019-12-16;9.42664600
2019-12-17;9.44972700
2019-12-18;9.49381500
2019-12-19;9.51374700
2019-12-20;9.51023800
2019-12-23;9.54808400
2019-12-30;9.57240600
2019-12-31;9.57625500
2020-01-02;9.63587300
2020-01-03;9.58020100
2020-01-06;9.55148300
2020-01-07;9.53042900
2020-01-08;9.49131300
2020-01-09;9.59656300
2020-01-10;9.62699500
2020-01-13;9.63760700
2020-01-14;9.61241900
2020-01-15;9.60331800
2020-01-16;9.62197200
2020-01-17;9.67089500
2020-01-20;9.69970900
2020-01-21;9.64764000
2020-01-22;9.62210600
2020-01-23;9.61259600
2020-01-24;9.60478800
2020-01-27;9.46958800
2020-01-28;9.46210900
2020-01-29;9.45068400
2020-01-30;9.40847200
2020-01-31;9.37150500
2020-02-03;9.35457200
2020-02-04;9.41928100
2020-02-05;9.47095100
2020-02-06;9.49604400
2020-02-07;9.45891800
2020-02-10;9.40653100
2020-02-11;9.48365000
2020-02-12;9.53734700
2020-02-13;9.51398900
2020-02-14;9.47187200
2020-02-17;9.45608200
2020-02-18;9.41714900
2020-02-19;9.42135000
2020-02-20;9.41495800
2020-02-21;9.34628800
2020-02-24;9.04664500
2020-02-25;8.95715700
2020-02-26;8.92058600
2020-02-27;8.68635300
2020-02-28;8.46323300
2020-03-02;8.52505600
2020-03-03;8.67856500
2020-03-04;8.66560300
2020-03-05;8.50220000
2020-03-06;8.23383700
2020-03-09;7.65558400
2020-03-10;7.72318600
2020-03-11;7.47900700
2020-03-12;6.88328100
2020-03-13;7.01508600
2020-03-16;6.64556500
2020-03-17;6.74954400
2020-03-18;6.54267100
2020-03-19;6.62047500
2020-03-20;6.77480900
2020-03-23;6.57441200
2020-03-24;6.88346900
2020-03-25;6.96809900
2020-03-26;7.10798900
2020-03-27;6.98763500
2020-03-30;7.02383400
2020-03-31;7.13291900
2020-04-01;7.02472100
2020-04-02;7.05365900
2020-04-03;7.01945100
2020-04-06;7.29315800
2020-04-07;7.41225200
2020-04-08;7.41034700
2020-04-09;7.48071000
2020-04-14;7.59211000
2020-04-15;7.37227400
2020-04-16;7.34398000
2020-04-17;7.43893100
2020-04-20;7.46106600
2020-04-21;7.30125900
2020-04-22;7.33731300
2020-04-23;7.45462100
2020-04-24;7.41854300
2020-04-27;7.45995400
2020-04-28;7.55102800
2020-04-29;7.73802600
2020-04-30;7.67072700
2020-05-04;7.53026100
2020-05-05;7.56361500
2020-05-06;7.47024100
2020-05-07;7.52829500
2020-05-08;7.57975700
2020-05-11;7.52859000
2020-05-12;7.55549100
2020-05-13;7.47691100
2020-05-14;7.40968600
2020-05-15;7.41961600
2020-05-18;7.58741400
2020-05-19;7.55606600
2020-05-20;7.58045700
2020-05-21;7.55952500
2020-05-22;7.53807400
2020-05-25;7.62257900
2020-05-26;7.81568300
2020-05-27;7.93332100
2020-05-28;7.92919600
2020-05-29;7.81043500
2020-06-02;7.92670100
2020-06-03;8.06051000
2020-06-04;8.06324800
2020-06-05;8.18199800
2020-06-08;8.27056500
2020-06-09;8.24056500
2020-06-10;8.15585200
2020-06-11;7.96160400
2020-06-12;7.97884100
2020-06-15;7.95785500
2020-06-16;8.08752500
2020-06-17;8.08355000
2020-06-18;8.07468600
2020-06-19;8.08708400
2020-06-22;8.06550400
2020-06-23;8.14836400
2020-06-24;8.03905300
2020-06-25;8.03140000
2020-06-26;7.98512500
2020-06-29;8.00061600
2020-06-30;8.05297500
2020-07-01;8.01154200
2020-07-02;8.09295400
2020-07-03;8.07075500
2020-07-06;8.12496800
2020-07-07;8.06604800
2020-07-08;8.02604700
2020-07-09;8.00817600
2020-07-10;8.00410900
2020-07-13;8.02675200
2020-07-14;8.08565100
2020-07-15;8.11929000
2020-07-16;8.11166300
2020-07-17;8.11728100
2020-07-20;8.15785500
2020-07-21;8.22271500
2020-07-22;8.19983700
2020-07-23;8.12471400
2020-07-24;8.08697600
2020-07-27;8.05246600
2020-07-28;8.01702800
2020-07-29;8.00711500
2020-07-30;7.85364200
2020-07-31;7.80906300
2020-08-03;7.85576200
2020-08-04;7.92514400
2020-08-05;7.95621500
2020-08-06;7.88616300
2020-08-07;7.88033500
2020-08-10;7.90346600
2020-08-11;8.01886900
2020-08-12;8.06668600
2020-08-13;8.04812100
2020-08-14;8.05576000
2020-08-17;8.07012300
2020-08-18;8.08715300
2020-08-19;8.08613400
2020-08-24;8.06617200
2020-08-25;8.05877700
2020-08-26;8.12699200
2020-08-27;8.08498400
2020-08-28;8.08585200
2020-08-31;8.03332400
2020-09-01;8.00606800
2020-09-02;8.05039300
2020-09-03;8.04981900
2020-09-04;8.02341600
2020-09-07;8.05753700
2020-09-08;7.95441300
2020-09-09;8.03429000
2020-09-10;8.03538100
2020-09-11;8.09418400
2020-09-14;8.14245000
2020-09-15;8.13624800
2020-09-16;8.13045900
2020-09-17;8.11584700
2020-09-18;8.05855600
2020-09-21;7.85767200
2020-09-22;7.83715200
2020-09-23;7.80295700
2020-09-24;7.78622600
2020-09-25;7.76210100
2020-09-28;7.88727700
2020-09-29;7.84706300
2020-09-30;7.84561300
2020-10-01;7.87533100
2020-10-02;7.83924300
2020-10-05;7.93515400
2020-10-06;8.04131700
2020-10-07;8.03659500
2020-10-08;8.04602200
2020-10-09;8.01876400
2020-10-12;7.99369400
2020-10-13;7.97206100
2020-10-14;7.99861700
2020-10-15;7.86083100
2020-10-16;7.93577900
2020-10-19;7.91552300
2020-10-20;7.89775200
2020-10-21;7.88343200
2020-10-22;7.87013700
2020-10-26;7.75404600
2020-10-27;7.68997500
2020-10-28;7.51174700
2020-10-29;7.49496500
2020-10-30;7.49705600
2020-11-02;7.58652500
2020-11-03;7.74184000
2020-11-04;7.78684000
2020-11-05;7.85710100
2020-11-06;7.83717000
2020-11-09;8.26794700
2020-11-10;8.45033600
2020-11-11;8.53114500
2020-11-12;8.52822400
2020-11-13;8.57031600
2020-11-16;8.79964600
2020-11-17;8.82431600
2020-11-18;8.93783000
2020-11-19;8.90646700
2020-11-20;8.95282700
2020-11-23;9.03243700
2020-11-24;9.07970400
2020-11-25;9.12280200
2020-11-26;9.14559300
2020-11-27;9.15767500
2020-11-30;9.03248800
2020-12-01;9.11764100
2020-12-02;9.17337700
2020-12-03;9.18106400
2020-12-04;9.32657400
2020-12-07;9.39080000
2020-12-08;9.42173300
2020-12-09;9.50540000
2020-12-10;9.42650300
2020-12-11;9.39019100
2020-12-14;9.44772600
2020-12-15;9.47742300
2020-12-16;9.58291200
2020-12-17;9.57054100
2020-12-18;9.55714200
2020-12-21;9.37610200
2020-12-22;9.50160800
2020-12-23;9.59169100
2020-12-28;9.76191800
2020-12-29;9.78036700
2020-12-30;9.80456400
2020-12-31;9.79418000
2021-01-04;9.86489800
2021-01-05;9.85682400
2021-01-06;9.86232300
2021-01-07;10.02104400
2021-01-08;10.16313600
2021-01-11;10.19631300
2021-01-12;10.17885600
2021-01-13;10.14819900
2021-01-14;10.20498900
2021-01-15;10.06667700
2021-01-18;10.15257100
2021-01-19;10.14578900
2021-01-20;10.13369400
2021-01-21;10.08703200
2021-01-22;10.00491700
2021-01-25;9.93722700
2021-01-26;9.97966400
2021-01-27;9.80007800
2021-01-28;9.89666300
2021-01-29;9.80917000
2021-02-01;9.88568400
2021-02-02;9.95762000
2021-02-03;10.00146300
2021-02-04;9.99485200
2021-02-05;10.10319400
2021-02-08;10.18647300
2021-02-09;10.13910700
2021-02-10;10.10336100
2021-02-11;10.14177400
2021-02-12;10.15055600
2021-02-15;10.31878000
2021-02-16;10.43754800
2021-02-17;10.36904900
2021-02-18;10.30011300
2021-02-19;10.34865300
2021-02-22;10.28611700
2021-02-23;10.25369700
2021-02-24;10.29123600
2021-02-25;10.36116800
2021-02-26;10.24474300
2021-03-01;10.44690700
2021-03-02;10.52082700
2021-03-03;10.50545900
2021-03-04;10.50277200
2021-03-05;10.54844400
2021-03-08;10.63463400
2021-03-09;10.70354600
2021-03-10;10.75756800
2021-03-11;10.78036000
2021-03-12;10.82166000
2021-03-16;10.92026100
2021-03-17;10.86195900
2021-03-18;10.89666000
2021-03-19;10.82034500
2021-03-22;10.71634900
2021-03-23;10.66622600
2021-03-24;10.62488600
2021-03-25;10.57702700
2021-03-26;10.70874700
2021-03-29;10.74289900
2021-03-30;10.76992200
2021-03-31;10.72988700
2021-04-01;10.83471300
2021-04-06;10.94520200
2021-04-07;10.94281300
2021-04-08;10.91544100
2021-04-09;10.90109000
2021-04-12;10.90844500
2021-04-13;10.90031500
2021-04-14;10.96625100
2021-04-15;11.01653400
2021-04-16;11.03524300
2021-04-19;10.96188800
2021-04-20;10.90033300
2021-04-21;10.86560000
2021-04-22;10.90145900
2021-04-23;10.90441400
2021-04-26;11.00318100
2021-04-27;10.99660200
2021-04-28;11.04096400
2021-04-29;11.07921200
2021-04-30;10.99627100
2021-05-03;11.06046600
2021-05-04;11.02245100
2021-05-05;11.11999200
2021-05-06;11.13077900
2021-05-07;11.23535900
2021-05-10;11.34421400
2021-05-11;11.28577300
2021-05-12;11.20754700
2021-05-13;11.18053300
2021-05-14;11.23467600
2021-05-17;11.26890500
2021-05-18;11.26708000
2021-05-19;11.17484100
2021-05-20;11.23274800
2021-05-21;11.21986200
2021-05-25;11.16711900
2021-05-26;11.23601500
2021-05-27;11.27461800
2021-05-28;11.36190000
2021-05-31;11.38728700
2021-06-01;11.44393700
2021-06-02;11.49209500
2021-06-03;11.49011400
2021-06-04;11.56233300
2021-06-07;11.52091300
2021-06-08;11.55040100
2021-06-09;11.55927100
2021-06-10;11.60817100
2021-06-11;11.64814900
2021-06-14;11.74848900
2021-06-15;11.69068400
2021-06-16;11.63326100
2021-06-17;11.66057500
2021-06-18;11.59475800
2021-06-21;11.62384800
2021-06-22;11.60343500
2021-06-23;11.59076600
2021-06-24;11.64824600
2021-06-25;11.69052200
2021-06-28;11.62223300
2021-06-29;11.57563700
2021-06-30;11.47020700
2021-07-01;11.54704200
2021-07-02;11.57755100
2021-07-05;11.58066200
2021-07-06;11.55131800
2021-07-07;11.60290300
2021-07-08;11.52050000
2021-07-09;11.57301700
2021-07-12;11.54348000
2021-07-13;11.56258800
2021-07-14;11.60390600
2021-07-15;11.56558500
2021-07-16;11.54861300
2021-07-19;11.30571500
2021-07-20;11.34572100
2021-07-21;11.46192400
2021-07-22;11.43906000
2021-07-23;11.46451700
2021-07-26;11.51718600
2021-07-27;11.47709900
2021-07-28;11.49620000
2021-07-29;11.62010300
2021-07-30;11.58244100
2021-08-02;11.62116500
2021-08-03;11.60937500
2021-08-04;11.63655300
2021-08-05;11.61460900
2021-08-06;11.61645200
2021-08-09;11.63004900
2021-08-10;11.67138600
2021-08-11;11.75910800
2021-08-12;11.78097600
2021-08-13;11.81392300
2021-08-16;11.76889500
2021-08-17;11.80910700
2021-08-18;11.77068700
2021-08-19;11.64397500
2021-08-23;11.74201000
2021-08-24;11.80239100
2021-08-25;11.77953200
2021-08-26;11.76831100
2021-08-27;11.86056600
2021-08-30;11.89436800
2021-08-31;11.92752800
2021-09-01;11.96949800
2021-09-02;11.99413700
2021-09-03;11.99524100
2021-09-06;12.03388500
2021-09-07;11.99476000
2021-09-08;11.93449100
2021-09-09;11.92818400
2021-09-10;11.89645700
2021-09-13;11.94529700
2021-09-14;11.94259000
2021-09-15;11.93967400
2021-09-16;11.91457900
2021-09-17;11.91653200
2021-09-20;11.68302000
2021-09-21;11.69033100
2021-09-22;11.84955200
2021-09-23;11.88244800
2021-09-24;11.83125900
2021-09-27;11.89552200
2021-09-28;11.86654000
2021-09-29;11.89657900
2021-09-30;11.97094000
2021-10-01;12.04290500
2021-10-04;12.02078100
2021-10-05;12.11271200
2021-10-06;12.10557100
2021-10-07;12.21667300
2021-10-08;12.28968000
2021-10-11;12.41337800
2021-10-12;12.36979800
2021-10-13;12.34706200
2021-10-14;12.38820900
2021-10-15;12.40298100
2021-10-18;12.43291000
2021-10-19;12.40261200
2021-10-20;12.47308300
2021-10-21;12.39881900
2021-10-22;12.40861900
2021-10-25;12.44877900
2021-10-26;12.49376600
2021-10-27;12.43606800
2021-10-28;12.30883800
2021-10-29;12.25843400
2021-11-02;12.34888900
2021-11-03;12.35204900
2021-11-04;12.51762800
2021-11-05;12.55746400
2021-11-08;12.57800100
2021-11-09;12.56641400
2021-11-10;12.52511100
2021-11-11;12.58138900
2021-11-12;12.55634700
2021-11-15;12.52487300
2021-11-16;12.50024000
2021-11-17;12.43302600
2021-11-18;12.28322700
2021-11-19;12.12875300
2021-11-22;12.12358800
2021-11-23;12.07903000
2021-11-24;12.06800100
2021-11-25;12.10136700
2021-11-26;11.66544300
2021-11-29;11.73302000
2021-11-30;11.70789800
2021-12-01;11.77453700
2021-12-02;11.77354500
2021-12-03;11.79281200
2021-12-06;11.83425800
2021-12-07;12.01036000
2021-12-08;12.07210200
2021-12-09;12.01166400
2021-12-10;11.99570400
2021-12-13;11.91445000
2021-12-14;11.87842200
2021-12-15;11.80528500
2021-12-16;11.97511400
2021-12-17;11.81490300
2021-12-20;11.68583300
2021-12-21;11.90835200
2021-12-22;11.87329600
2021-12-23;11.99661900
2021-12-27;12.09183400
2021-12-28;12.11058600
2021-12-29;12.14372100
2021-12-30;12.12918800
2021-12-31;12.11176300
2022-01-03;12.22364200
2022-01-04;12.33002000
2022-01-05;12.30057100
2022-01-06;12.27776300
2022-01-07;12.31209800
2022-01-10;12.33305800
2022-01-11;12.49928000
2022-01-12;12.69703400
2022-01-13;12.66537400
2022-01-14;12.60372900
2022-01-17;12.64138300
2022-01-18;12.48000300
2022-01-19;12.49933200
2022-01-20;12.48642400
2022-01-21;12.28800900
2022-01-24;11.95384100
2022-01-25;12.06351000
2022-01-26;12.19269200
2022-01-27;12.26617700
2022-01-28;12.16170000
2022-01-31;12.31063300
2022-02-01;12.39557400
2022-02-02;12.45817400
2022-02-03;12.34131500
2022-02-04;12.23511700
2022-02-07;12.22333700
2022-02-08;12.36094500
2022-02-09;12.49700100
2022-02-10;12.51920800
2022-02-11;12.45243100
2022-02-14;12.26071700
2022-02-15;12.40570100
2022-02-16;12.43717000
2022-02-17;12.32879100
2022-02-18;12.19365700
2022-02-21;11.93384500
2022-02-22;11.93535300
2022-02-23;11.84114500
2022-02-24;10.99991000
2022-02-25;11.51437100
2022-02-28;11.16374400
2022-03-01;10.84263300
2022-03-02;10.93924200
2022-03-03;10.96634500
2022-03-04;10.64122500
2022-03-07;10.58569600
2022-03-08;10.63021000
2022-03-09;10.96212500
2022-03-10;10.86435700
2022-03-11;11.07458900
2022-03-16;11.31237200
2022-03-17;11.42209800
2022-03-18;11.45346500
2022-03-21;11.49463400
2022-03-22;11.59456900
2022-03-23;11.53676600
2022-03-24;11.53987800
2022-03-25;11.51062600
2022-03-28;11.58814200
2022-03-29;11.86015600
2022-03-30;11.78514300
2022-03-31;11.71498400
2022-04-01;11.80954200
2022-04-04;11.85681400
2022-04-05;11.76411600
2022-04-06;11.68904700
2022-04-07;11.65197500
2022-04-08;11.74683200
2022-04-11;11.85166000
2022-04-12;11.80330500
2022-04-13;11.87909100
2022-04-14;11.83503500
2022-04-19;11.82652900
2022-04-20;11.77705700
2022-04-21;11.81904700
2022-04-22;11.69443800
2022-04-25;11.55419000
2022-04-26;11.48438900
2022-04-27;11.50391900
2022-04-28;11.55552800
2022-04-29;11.50689700
2022-05-02;11.44728800
2022-05-03;11.52627300
2022-05-04;11.46728100
2022-05-05;11.31275400
2022-05-06;11.25863100
2022-05-09;11.12328900
2022-05-10;11.00414500
2022-05-11;10.97590400
2022-05-12;10.85041900
2022-05-13;11.14586800
2022-05-16;11.16003600
2022-05-17;11.34790300
2022-05-18;11.36998500
2022-05-19;11.30036400
2022-05-20;11.30259200
2022-05-23;11.46541000
2022-05-24;11.38647900
2022-05-25;11.43845100
2022-05-26;11.52610300
2022-05-27;11.48296700
2022-05-30;11.63002900
2022-05-31;11.59077200
2022-06-01;11.64898400
2022-06-02;11.66386000
2022-06-03;11.65985200
2022-06-07;11.61062000
2022-06-08;11.56174500
2022-06-09;11.50911600
2022-06-10;11.36007300
2022-06-13;11.13826000
2022-06-14;11.05036900
2022-06-15;11.14641700
2022-06-16;10.96974100
2022-06-17;10.99908900
2022-06-20;11.13738700
2022-06-21;11.24551700
2022-06-22;11.09347500
2022-06-23;10.98002500
2022-06-24;11.08208800
2022-06-27;11.14226000
2022-06-28;11.18925600
2022-06-29;11.03669500
2022-06-30;10.82944000
2022-07-01;10.82556200
2022-07-04;10.82481100
2022-07-05;10.65713800
2022-07-06;10.73194800
2022-07-07;10.91307200
2022-07-08;11.01021700
2022-07-11;10.89879300
2022-07-12;10.80849200
2022-07-13;10.81027700
2022-07-14;10.64217500
2022-07-15;10.67865000
2022-07-18;10.87920900
2022-07-19;10.92101800
2022-07-20;10.97233600
2022-07-21;11.05371400
2022-07-22;11.06018200
2022-07-25;11.04247400
2022-07-26;10.99840000
2022-07-27;11.13515600
2022-07-28;11.16055300
2022-07-29;11.30413500
2022-08-01;11.34051200
2022-08-02;11.28805300
2022-08-03;11.33452000
2022-08-04;11.31463500
2022-08-05;11.24007800
2022-08-08;11.32553800
2022-08-09;11.32025700
2022-08-10;11.46855200
2022-08-11;11.57713500
2022-08-12;11.55996500
2022-08-15;11.54819300
2022-08-16;11.73670000
2022-08-17;11.57661200
2022-08-18;11.62379300
2022-08-19;11.55623200
2022-08-22;11.41453900
2022-08-23;11.52596500
2022-08-24;11.45925300
2022-08-25;11.48798300
2022-08-26;11.38024800
2022-08-29;11.27382300
2022-08-30;11.12447700
2022-08-31;11.17399500
2022-09-01;10.89861500
2022-09-02;11.05979400
2022-09-05;11.04145700
2022-09-06;10.93625300
2022-09-07;10.96681900
2022-09-08;11.01484100
2022-09-09;11.20009100
2022-09-12;11.38345700
2022-09-13;11.31093800
2022-09-14;11.35131800
2022-09-15;11.41341400
2022-09-16;11.24859800
2022-09-19;11.23644200
2022-09-20;11.08904300
2022-09-21;11.02427200
2022-09-22;11.04160100
2022-09-23;10.76461400
2022-09-26;10.61492400
2022-09-27;10.68601400
2022-09-28;10.66983800
2022-09-29;10.44794500
2022-09-30;10.40038600
2022-10-03;10.56676400
2022-10-04;10.85341200
2022-10-05;10.78308200
2022-10-06;10.77458900
2022-10-07;10.70555900
2022-10-10;10.64152300
2022-10-11;10.58169000
2022-10-12;10.61689900
2022-10-13;10.65576200
2022-10-14;10.65168100
2022-10-17;10.73179700
2022-10-18;10.81747900
2022-10-19;10.69556300
2022-10-20;10.81874900
2022-10-21;10.81165900
2022-10-24;10.86661100
2022-10-25;10.91889400
2022-10-26;11.00073500
2022-10-27;11.07803400
2022-10-28;11.10678100
2022-11-02;11.23916500
2022-11-03;11.20813000
2022-11-04;11.38170300
2022-11-07;11.56224500
2022-11-08;11.67269700
2022-11-09;11.68909600
2022-11-10;11.79736400
2022-11-11;11.92241000
2022-11-14;12.06405700
2022-11-15;12.12498800
2022-11-16;11.99404600
2022-11-17;11.97472200
2022-11-18;11.97287500
2022-11-21;11.93015800
2022-11-22;12.02972500
2022-11-23;12.04302900
2022-11-24;12.26871600
2022-11-25;12.27446100
2022-11-28;12.11139900
2022-11-29;12.17086600
2022-11-30;12.21720600
2022-12-01;12.33489000
2022-12-02;12.19351400
2022-12-05;12.20798000
2022-12-06;12.20086300
2022-12-07;12.11377700
2022-12-08;12.13781300
2022-12-09;12.15231600
2022-12-12;12.21477100
2022-12-13;12.25431700
2022-12-14;12.24882100
2022-12-15;12.09283800
2022-12-16;12.05253800
2022-12-19;12.07632500
2022-12-20;12.14256300
2022-12-21;12.27716200
2022-12-22;12.25536200
2022-12-23;12.24459100
2022-12-27;12.21737200
2022-12-28;12.16166900
2022-12-29;12.22989900
2022-12-30;12.18622500
2022-12-31;12.18751600
2023-01-02;12.22746200
2023-01-03;12.45420300
2023-01-04;12.54102100
2023-01-05;12.53574400
2023-01-06;12.62504100
2023-01-09;12.81489500
2023-01-10;12.83840400
2023-01-11;12.85950500
2023-01-12;12.94896700
2023-01-13;12.89526300
2023-01-16;12.98004200
2023-01-17;12.97162800
2023-01-18;12.94855500
2023-01-19;12.88969200
2023-01-20;12.93544300
2023-01-23;13.09347300
2023-01-24;13.02755900
2023-01-25;12.91340000
2023-01-26;12.97120800
2023-01-27;12.98492300
2023-01-30;12.95090700
2023-01-31;12.96386800
2023-02-01;12.97845900
2023-02-02;13.05886000
2023-02-03;13.06176300
2023-02-06;12.96556200
2023-02-07;13.04794800
2023-02-08;13.14899400
2023-02-09;13.15084900
2023-02-10;13.08427800
2023-02-13;13.13113800
2023-02-14;13.04623100
2023-02-15;13.03623800
2023-02-16;13.08836800
2023-02-17;13.08147600
2023-02-20;13.06947300
2023-02-21;13.00563700
2023-02-22;12.87941900
2023-02-23;12.97822100
2023-02-24;12.97619900
2023-02-27;13.02597100
2023-02-28;13.15252300
2023-03-01;13.13131000
2023-03-02;13.03194300
2023-03-03;13.20531300
2023-03-06;13.25838400
2023-03-07;13.11689200
2023-03-08;13.14668100
2023-03-09;13.02024000
2023-03-10;12.90202400
2023-03-13;12.79658600
2023-03-14;12.83359900
2023-03-16;12.61141300
2023-03-17;12.48771900
2023-03-20;12.52630200
2023-03-21;12.66979200
2023-03-22;12.59821800
2023-03-23;12.58593900
2023-03-24;12.35368500
2023-03-27;12.44355700
2023-03-28;12.47560700
2023-03-29;12.54171200
2023-03-30;12.73357600
2023-03-31;12.77830900
2023-04-03;12.86451600
2023-04-04;12.83119700
2023-04-05;12.80193300
2023-04-06;12.86074600
2023-04-11;13.03283300
2023-04-12;13.06332500
2023-04-13;13.11356800
2023-04-14;13.15094500
2023-04-17;13.20198600
2023-04-18;13.28450400
2023-04-19;13.32468700
2023-04-20;13.36215300
2023-04-21;13.34726900
2023-04-24;13.35210200
2023-04-25;13.23601000
2023-04-26;13.20689200
2023-04-27;13.30104300
2023-04-28;13.24511800
2023-05-02;13.19336700
2023-05-03;13.27299600
2023-05-04;13.19610800
2023-05-05;13.34231300
2023-05-08;13.48823300
2023-05-09;13.45360700
2023-05-10;13.48364400
2023-05-11;13.47377500
2023-05-12;13.47606100
2023-05-15;13.44261600
2023-05-16;13.44718700
2023-05-17;13.42334700
2023-05-18;13.44617200
2023-05-19;13.60628700
2023-05-22;13.75034600
2023-05-23;13.75785900
2023-05-24;13.60366700
2023-05-25;13.52815700
2023-05-26;13.65595800
2023-05-30;13.55119300
2023-05-31;13.37208300
2023-06-01;13.45858600
2023-06-02;13.66797100
2023-06-05;13.66653600
2023-06-06;13.77985100
2023-06-07;13.79086500
2023-06-08;13.82079100
2023-06-09;13.82514100
2023-06-12;13.78831600
2023-06-13;13.77338000
2023-06-14;13.90505900
2023-06-15;13.96019700
2023-06-16;14.00826100
2023-06-19;13.95295800
2023-06-20;13.88112000
2023-06-21;13.86221200
2023-06-22;13.78313200
2023-06-23;13.71942000
2023-06-26;13.70051700
2023-06-27;13.63210300
2023-06-28;13.69837700
2023-06-29;13.84018600
2023-06-30;13.88171400
2023-07-03;14.01365000
2023-07-04;14.04288000
2023-07-05;14.06501400
2023-07-06;14.04883900
2023-07-07;14.21660100
2023-07-10;14.20041500
2023-07-11;14.28273500
2023-07-12;14.41812200
2023-07-13;14.44958000
2023-07-14;14.41876800
2023-07-17;14.44824700
2023-07-18;14.59420800
2023-07-19;14.64977200
2023-07-20;14.76709800
2023-07-21;14.79800900
2023-07-24;14.83450600
2023-07-25;14.88169300
2023-07-26;14.90500200
2023-07-27;14.93688500
2023-07-28;15.04296100
2023-07-31;15.12419300
2023-08-01;15.23196800
2023-08-02;15.05514700
2023-08-03;15.11063100
2023-08-04;15.13417900
2023-08-07;15.16992100
2023-08-08;15.04788300
2023-08-09;15.04450900
2023-08-10;15.05358300
2023-08-11;14.95671900
2023-08-14;14.88265700
2023-08-15;14.93545900
2023-08-16;14.83545600
2023-08-17;14.80287200
2023-08-18;14.75678300
2023-08-21;14.78984400
2023-08-22;14.86048900
2023-08-23;14.89733200
2023-08-24;14.89799200
2023-08-25;14.84102200
2023-08-28;14.96473100
2023-08-29;15.01215100
2023-08-30;15.01146500
2023-08-31;14.94834000
2023-09-01;15.05175200
2023-09-04;14.93804300
2023-09-05;14.92565500
2023-09-06;14.88111400
2023-09-07;14.79667600
2023-09-08;14.76065300
2023-09-11;14.74987200
2023-09-12;14.81967900
2023-09-13;14.77666200
2023-09-14;14.89463200
2023-09-15;14.99152300
2023-09-18;14.87224700
2023-09-19;14.82970800
2023-09-20;14.87187200
2023-09-21;14.81658900
2023-09-25;14.94322800
2023-09-26;14.94927100
2023-09-27;14.91795600
2023-09-28;14.85760400
2023-09-29;14.93648800
2023-10-02;14.76576200
2023-10-03;14.67065400
2023-10-04;14.66798600
2023-10-05;14.61932000
2023-10-06;14.60766200
2023-10-09;14.59766800
2023-10-10;14.91450100
2023-10-11;14.99710100
2023-10-12;14.96181800
2023-10-13;14.97202700
2023-10-16;15.18170300
2023-10-17;15.25622700
2023-10-18;15.11090300
2023-10-19;14.93363700
2023-10-20;14.81257000
2023-10-24;14.88604600
2023-10-25;15.02988300
2023-10-26;15.01267300
2023-10-27;14.96605000
2023-10-30;15.02437400
2023-10-31;15.05956400
2023-11-02;15.20570600
2023-11-03;15.25458200
2023-11-06;15.31108900
2023-11-07;15.21356800
2023-11-08;15.15283800
2023-11-09;15.20271500
2023-11-10;15.06614900
2023-11-13;15.06129500
2023-11-14;15.40703700
2023-11-15;15.41966000
2023-11-16;15.40655000
2023-11-17;15.50972900
2023-11-20;15.76814700
2023-11-21;15.75350500
2023-11-22;15.77902100
2023-11-23;15.75088000
2023-11-24;15.78437400
2023-11-27;15.74282100
2023-11-28;15.85879900
2023-11-29;15.77885900
2023-11-30;15.83010700
2023-12-01;16.04027900
2023-12-04;16.05024300
2023-12-05;16.09769600
2023-12-06;16.23286300
2023-12-07;16.18595500
2023-12-08;16.28948500
2023-12-11;16.23559900
2023-12-12;16.21709500
2023-12-13;16.23341200
2023-12-14;16.37777700
2023-12-15;16.40600300
2023-12-18;16.52914100
2023-12-19;16.60121500
2023-12-20;16.66339000
2023-12-21;16.61328200
2023-12-22;16.60579200
2023-12-27;16.66555200
2023-12-28;16.60253600
2023-12-29;16.65853500
2023-12-31;16.65700800
2024-01-02;16.60891100
2024-01-03;16.48273300
2024-01-04;16.50297800
2024-01-05;16.49428300
2024-01-08;16.53120600
2024-01-09;16.62345100
2024-01-10;16.67428000
2024-01-11;16.65708900
2024-01-12;16.75405300
2024-01-15;16.70196100
2024-01-16;16.62891700
2024-01-17;16.47400800
2024-01-18;16.59647800
2024-01-19;16.71010900
2024-01-22;16.76226100
2024-01-23;16.74008800
2024-01-24;16.88340500
2024-01-25;16.85698600
2024-01-26;16.93781800
2024-01-29;16.99981100
2024-01-30;17.04592500
2024-01-31;17.09800300
2024-02-01;17.29157900
2024-02-02;17.32958100
2024-02-05;17.32813200
2024-02-06;17.45979500
2024-02-07;17.45598700
2024-02-08;17.43071400
2024-02-09;17.47702500
2024-02-12;17.52688400
2024-02-13;17.33574200
2024-02-14;17.46859700
2024-02-15;17.52813500
2024-02-16;17.58697700
2024-02-19;17.67329800
2024-02-20;17.75211200
2024-02-21;17.73953000
2024-02-22;17.80041400
2024-02-23;17.90171500
2024-02-26;17.90988200
2024-02-27;17.88723500
2024-02-28;17.80200000
2024-02-29;17.83578800
2024-03-01;17.89603100
2024-03-04;17.81296200
2024-03-05;17.76780500
2024-03-06;17.75243100
2024-03-07;17.73777100
2024-03-08;17.79629000
2024-03-11;17.80853000
2024-03-12;17.97921000
2024-03-13;18.02161600
2024-03-14;17.90619200
2024-03-18;17.73647900
2024-03-19;17.78086800
2024-03-20;17.80066100
2024-03-21;17.97527300
2024-03-22;17.99767900
2024-03-25;17.90620400
2024-03-26;17.97962600
2024-03-27;17.95480100
2024-03-28;18.14225300
2024-04-02;18.17423600
2024-04-03;18.20167800
2024-04-04;18.20770000
2024-04-05;18.20277000
2024-04-08;18.36290000
2024-04-09;18.29032300
2024-04-10;18.43360200
2024-04-11;18.32175400
2024-04-12;18.23999800
2024-04-15;18.27137200
2024-04-16;18.01778000
2024-04-17;18.07591900
2024-04-18;18.18622500
2024-04-19;18.27641600
2024-04-22;18.51306500
2024-04-23;18.59919100
2024-04-24;18.53781500
2024-04-25;18.41792500
2024-04-26;18.54773100
2024-04-29;18.65782900
2024-04-30;18.50372600
2024-05-02;18.51160900
2024-05-03;18.51832200
2024-05-06;18.72501900
2024-05-07;18.81439100
2024-05-08;18.91382200
2024-05-09;19.03546100
2024-05-10;19.01764000
2024-05-13;19.06425500
2024-05-14;19.09778900
2024-05-15;19.15695200
2024-05-16;19.24419900
2024-05-17;19.38534200
2024-05-21;19.34825300
2024-05-22;19.25749100
2024-05-23;19.22721300
2024-05-24;19.24440000
2024-05-27;19.21835800
2024-05-28;19.14791900
2024-05-29;18.96629300
2024-05-30;19.05720100
2024-05-31;19.18998900
2024-06-03;19.29071700
2024-06-04;19.07645700
2024-06-05;19.13639600
2024-06-06;19.29115300
2024-06-07;19.16091500
2024-06-10;19.28050100
2024-06-11;19.17002200
2024-06-12;19.32782400
2024-06-13;19.16579400
2024-06-14;19.07164200
2024-06-17;19.12636000
2024-06-18;19.16310900
2024-06-19;19.22289400
2024-06-20;19.31357500
2024-06-21;19.27779900
2024-06-24;19.36038900
2024-06-25;19.35065100
2024-06-26;19.39134300
2024-06-27;19.43045900
2024-06-28;19.45146700
2024-07-01;19.45173000
2024-07-02;19.39771300
2024-07-03;19.50083900
2024-07-04;19.55724500
2024-07-05;19.46540000
2024-07-08;19.49995700
2024-07-09;19.59428900
2024-07-10;19.49374500
2024-07-11;19.63063800
2024-07-12;19.72344800
2024-07-15;19.66992900
2024-07-16;19.45582900
2024-07-17;19.29658600
2024-07-18;19.41386400
2024-07-19;19.39675500
2024-07-22;19.36702200
2024-07-23;19.27713400
2024-07-24;19.23183200
2024-07-25;19.09707100
2024-07-26;19.02546900
2024-07-29;19.04504900
2024-07-30;19.10234700
2024-07-31;19.32212500
2024-08-01;19.12330700
2024-08-02;18.88957300
2024-08-05;18.37527300
2024-08-06;18.32942500
2024-08-07;18.55339700
2024-08-08;18.55263600
2024-08-09;18.48471600
2024-08-12;18.70783300
2024-08-13;18.71339900
2024-08-14;18.79966800
2024-08-15;18.87199900
2024-08-16;19.08438600
2024-08-21;18.91924600
2024-08-22;18.92059800
2024-08-23;19.00564500
2024-08-26;19.03595100
2024-08-27;19.04395100
2024-08-28;18.86856900
2024-08-29;18.93819400
2024-08-30;19.00883400
2024-09-02;19.14324200
2024-09-03;19.02832000
2024-09-04;18.96602500
2024-09-05;18.89795200
2024-09-06;18.71112200
2024-09-09;18.79217800
2024-09-10;18.77355600
2024-09-11;18.66912500
2024-09-12;18.74034700
2024-09-13;18.86020000
2024-09-16;18.71092100
2024-09-17;18.88747200
2024-09-18;18.84232200
2024-09-19;18.97857000
2024-09-20;18.76232800
2024-09-23;18.87953800
2024-09-24;19.14619300
2024-09-25;19.27074500
2024-09-26;19.44161300
2024-09-27;19.57730700
2024-09-30;19.31646300
2024-10-01;19.23836000
2024-10-02;19.16862700
2024-10-03;19.04794300
2024-10-04;19.22013500
2024-10-07;19.25151600
2024-10-08;19.11018800
2024-10-09;19.18483100
2024-10-10;19.19935200
2024-10-11;19.34219900
2024-10-14;19.30169100
2024-10-15;19.31200600
2024-10-16;19.39206800
2024-10-17;19.27190100
2024-10-18;19.28612400
2024-10-21;19.18772100
2024-10-22;19.06405800
2024-10-24;18.99846700
2024-10-25;19.06782800
2024-10-28;19.08773000
2024-10-29;19.16422900
2024-10-30;19.04437800
2024-10-31;19.10806100
2024-11-04;19.21833700
2024-11-05;19.23875800
2024-11-06;19.39487800
2024-11-07;19.52636900
2024-11-08;19.56068800
2024-11-11;19.67970000
2024-11-12;19.57321900
2024-11-13;19.44351900
2024-11-14;19.51467000
2024-11-15;19.25786400
2024-11-18;19.36559600
2024-11-19;18.97137600
2024-11-20;19.14868500
2024-11-21;19.36979200
2024-11-22;19.47424700
2024-11-25;19.51399900
2024-11-26;19.50621000
2024-11-27;19.43944800
2024-11-28;19.52101000
2024-11-29;19.49627800
2024-12-02;19.78983000
2024-12-03;19.77961500
2024-12-04;19.93131700
2024-12-05;20.08128900
2024-12-06;20.13972700
2024-12-09;20.19330600
2024-12-10;20.21685600
2024-12-11;20.20299000
2024-12-12;20.13567500
2024-12-13;20.12152800
2024-12-16;19.99383300
2024-12-17;19.80026600
2024-12-18;19.82337800
2024-12-19;19.92838400
2024-12-20;19.85793300
2024-12-23;19.90391000
2024-12-30;19.77271400
2024-12-31;19.74578800
2025-01-02;19.96396800
2025-01-03;20.11381700
2025-01-06;20.14085700
2025-01-07;20.32135400
2025-01-08;20.17712700
2025-01-09;20.21700300
2025-01-10;20.20251600
2025-01-13;20.11487400
2025-01-14;20.13425600
2025-01-15;20.35525300
2025-01-16;20.36575000
2025-01-17;20.58634600
2025-01-20;20.64344300
2025-01-21;20.68247000
2025-01-22;20.74366000
2025-01-23;20.75795300
2025-01-24;20.82235400
2025-01-27;20.81648700
2025-01-28;20.94183000
2025-01-29;20.92097700
2025-01-30;21.04442700
2025-01-31;21.00233600
2025-02-03;20.70154200
2025-02-04;20.83308900
2025-02-05;20.75596000
2025-02-06;21.21097000
2025-02-07;21.16972600
2025-02-10;21.32292100
2025-02-11;21.35532500
2025-02-12;21.44884900
2025-02-13;21.64186300
2025-02-14;21.63597900
2025-02-17;21.76565600
2025-02-18;22.07043200
2025-02-19;21.85011300
2025-02-20;21.83561300
2025-02-21;21.88959200
2025-02-24;21.62443300
2025-02-25;21.61338000
2025-02-26;21.85942300
2025-02-27;21.79431200
2025-02-28;21.71331000
2025-03-03;21.76344300
2025-03-04;21.25691300
2025-03-05;21.68435700
2025-03-06;21.91193500
2025-03-07;21.84045400
2025-03-10;21.62039600
2025-03-11;21.56740900
2025-03-12;21.77246300
2025-03-13;21.91762300
2025-03-14;22.29072200
2025-03-17;22.41099700
2025-03-18;22.46042200
2025-03-19;22.34455400
2025-03-20;22.28571300
2025-03-21;22.11680100
2025-03-24;22.32110900
2025-03-25;22.47014200
2025-03-26;22.52332500
2025-03-27;22.55423100
2025-03-28;22.42685100
2025-03-31;21.98119100
2025-04-01;22.31140000
2025-04-02;22.28100100
2025-04-03;21.66843200
2025-04-04;20.76925500
2025-04-07;20.39850700
2025-04-08;20.90850900
2025-04-09;20.56277400
2025-04-10;21.10555700
2025-04-11;21.07074600
2025-04-14;21.51869200
2025-04-15;21.65124300
2025-04-16;21.55871200
2025-04-17;21.67727600
2025-04-22;22.04217800
2025-04-23;22.39904400
2025-04-24;22.43866400
2025-04-25;22.51020500
2025-04-28;22.46662800
2025-04-29;22.51596500
2025-04-30;22.31303000
2025-05-05;22.63742200
2025-05-06;22.54726500
2025-05-07;22.65848600
2025-05-08;22.84535800
2025-05-09;23.17832000
2025-05-12;23.44405300
2025-05-13;23.49242600
2025-05-14;23.48080000
2025-05-15;23.37013800
2025-05-16;23.44797100
2025-05-19;23.36153800
2025-05-20;23.46761200
2025-05-21;23.29957300
2025-05-22;23.19756700
2025-05-23;23.06243900
2025-05-26;23.35653900
2025-05-27;23.53779200
2025-05-28;23.62389400
2025-05-29;23.52529000
2025-06-02;23.35628000
2025-06-03;23.36407400
2025-06-04;23.49635600
2025-06-05;23.43008900
2025-06-06;23.34348400
2025-06-10;23.55617600
2025-06-11;23.48072100
2025-06-12;23.32102900
2025-06-13;23.17020300
2025-06-16;23.26376500
2025-06-17;23.27922700
2025-06-18;23.29229900
2025-06-19;23.15602500
2025-06-20;23.21916700
2025-06-23;23.10405100
2025-06-24;23.39946900
2025-06-25;23.31683200
2025-06-26;23.51263800
2025-06-27;23.64588400
2025-06-30;23.73888900
2025-07-01;23.76641800
2025-07-02;23.90709600
2025-07-03;24.17707900
2025-07-04;24.03299900
2025-07-07;23.99409300
2025-07-08;24.07505500
2025-07-09;24.28332500
2025-07-10;24.15871700
2025-07-11;24.17484800
2025-07-14;24.23354200
2025-07-15;24.24876300
2025-07-16;24.26235600
2025-07-17;24.45279800
2025-07-18;24.61002100
2025-07-21;24.62132400
2025-07-22;24.57894100
2025-07-23;24.70318800
2025-07-24;24.71751100
2025-07-25;24.66717500
2025-07-28;24.53713700
2025-07-29;24.78898200
2025-07-30;24.85747200
2025-07-31;24.87438200
2025-08-01;24.46888100
2025-08-04;24.68532900
2025-08-05;24.87391400
2025-08-06;24.99637300
2025-08-07;25.31309600
2025-08-08;25.45556500
2025-08-11;25.26198600
2025-08-12;25.32105000
2025-08-13;25.33619800
2025-08-14;25.23318600
2025-08-15;25.30651400
2025-08-18;25.27017000
2025-08-19;25.35147000
2025-08-21;25.47883100
2025-08-22;25.13153100
2025-08-25;25.14722300
2025-08-26;25.09548300
2025-08-27;24.88748100
2025-08-28;24.77989600
2025-08-29;24.57685100
2025-09-01;24.56059300
2025-09-02;24.43177100
2025-09-03;24.43912900
2025-09-04;24.62956900
2025-09-05;24.43265500
2025-09-08;24.55119900
2025-09-09;24.47859600
2025-09-10;24.34984600
2025-09-11;24.45792000
2025-09-12;24.37175000
2025-09-15;24.41264800
2025-09-16;24.16874500
2025-09-17;24.09789800
2025-09-18;24.08306600
2025-09-19;24.13909200
2025-09-22;24.15392800
2025-09-23;24.22384100
2025-09-24;24.32803400
2025-09-25;24.28432800
2025-09-26;24.44285300
2025-09-29;24.41036000
2025-09-30;24.34133200
2025-10-01;24.39989200
2025-10-02;24.56116200
2025-10-03;24.67839700
2025-10-06;24.55798800
2025-10-07;24.85521100
2025-10-08;24.96662400
2025-10-09;24.87832400
2025-10-10;24.78656900
2025-10-13;24.94507500
2025-10-14;24.81015900
2025-10-15;24.87785800
2025-10-16;24.81434900
2025-10-17;24.65685300
2025-10-20;24.86584400
2025-10-21;24.80493200
2025-10-22;24.95949600
2025-10-27;25.15033800
2025-10-28;25.20987400
2025-10-29;25.25334900
2025-10-30;25.30635600
2025-10-31;25.21900600
2025-11-03;25.28804900
2025-11-04;25.18069100
2025-11-05;25.14369700
2025-11-06;25.14932700
2025-11-07;25.02024700
2025-11-10;25.23075800
2025-11-11;25.38783500
2025-11-12;25.49466700
2025-11-13;25.47397100
2025-11-14;25.29762200
