datum;nee
2002-08-01;1.00116300
2002-08-02;0.98296500
2002-08-05;0.94167600
2002-08-06;0.98929800
2002-08-07;1.00319400
2002-08-08;1.02091200
2002-08-09;1.02554600
2002-08-12;1.01742600
2002-08-13;1.00170500
2002-08-14;1.02082900
2002-08-15;1.04125200
2002-08-16;1.04072300
2002-08-21;1.04869800
2002-08-22;1.05838700
2002-08-23;1.04849600
2002-08-26;1.05737000
2002-08-27;1.05244800
2002-08-28;1.02667500
2002-08-29;1.01688800
2002-08-30;1.01547200
2002-09-02;1.01493900
2002-09-03;0.97657400
2002-09-04;0.98337400
2002-09-05;0.97413500
2002-09-06;0.99262400
2002-09-09;1.00961900
2002-09-10;1.01072200
2002-09-11;1.01059200
2002-09-12;0.99097300
2002-09-13;0.98095900
2002-09-16;0.99193900
2002-09-17;0.98257200
2002-09-18;0.96963800
2002-09-19;0.93941800
2002-09-20;0.93658300
2002-09-23;0.91724700
2002-09-24;0.91052400
2002-09-25;0.92829100
2002-09-26;0.94770200
2002-09-27;0.92624600
2002-09-30;0.91286400
2002-10-01;0.94515200
2002-10-02;0.92777300
2002-10-03;0.91466000
2002-10-04;0.89978200
2002-10-07;0.88839300
2002-10-08;0.89958000
2002-10-09;0.88377100
2002-10-10;0.89564800
2002-10-11;0.93112900
2002-10-14;0.93195600
2002-10-15;0.98330400
2002-10-16;0.96109400
2002-10-17;0.98643600
2002-10-18;0.99034100
2002-10-21;0.99362100
2002-10-22;0.97573900
2002-10-24;0.96502300
2002-10-25;0.97582500
2002-10-28;0.97791800
2002-10-29;0.95538900
2002-10-30;0.96440000
2002-10-31;0.95992300
2002-11-04;0.97702900
2002-11-05;0.97795100
2002-11-06;0.98496400
2002-11-07;0.95891600
2002-11-08;0.94672100
2002-11-11;0.92743000
2002-11-12;0.93858600
2002-11-13;0.93508900
2002-11-14;0.95066500
2002-11-15;0.95686500
2002-11-18;0.94465600
2002-11-19;0.93783100
2002-11-20;0.96272300
2002-11-21;0.97976500
2002-11-22;0.97325800
2002-11-25;0.97646300
2002-11-26;0.95996000
2002-11-27;0.98339900
2002-11-28;0.98496300
2002-11-29;0.98543800
2002-12-02;0.98257200
2002-12-03;0.97061200
2002-12-04;0.96442200
2002-12-05;0.95301100
2002-12-06;0.95524200
2002-12-09;0.93100100
2002-12-10;0.93526400
2002-12-11;0.93919600
2002-12-12;0.93128400
2002-12-13;0.90865600
2002-12-16;0.93256200
2002-12-17;0.91247800
2002-12-18;0.90610300
2002-12-19;0.90253300
2002-12-20;0.91575800
2002-12-23;0.90709500
2002-12-27;0.88516000
2002-12-30;0.89471000
2002-12-31;0.89181300
2003-01-02;0.91405700
2003-01-03;0.92568700
2003-01-06;0.93127100
2003-01-07;0.92594700
2003-01-08;0.91293700
2003-01-09;0.91720800
2003-01-10;0.91824900
2003-01-13;0.91459400
2003-01-14;0.91925700
2003-01-15;0.91470700
2003-01-16;0.90945200
2003-01-17;0.92153400
2003-01-20;0.92403000
2003-01-21;0.91749800
2003-01-22;0.90949600
2003-01-23;0.91270800
2003-01-24;0.88807700
2003-01-27;0.85959000
2003-01-28;0.86888800
2003-01-29;0.86575600
2003-01-30;0.86789200
2003-01-31;0.88139100
2003-02-03;0.89175600
2003-02-04;0.87327600
2003-02-05;0.87324300
2003-02-06;0.86958100
2003-02-07;0.86636700
2003-02-10;0.86324000
2003-02-11;0.87265200
2003-02-12;0.85652900
2003-02-13;0.85343400
2003-02-14;0.86940100
2003-02-17;0.88100900
2003-02-18;0.89286900
2003-02-19;0.88166900
2003-02-20;0.87456600
2003-02-21;0.87624000
2003-02-24;0.86779400
2003-02-25;0.85262800
2003-02-26;0.84488800
2003-02-27;0.84593900
2003-02-28;0.85849200
2003-03-03;0.85787600
2003-03-04;0.84033400
2003-03-05;0.84007300
2003-03-06;0.83243600
2003-03-07;0.83844100
2003-03-10;0.80653200
2003-03-11;0.80052500
2003-03-12;0.79119700
2003-03-13;0.82779000
2003-03-14;0.84121200
2003-03-17;0.86587200
2003-03-18;0.88235800
2003-03-19;0.89045700
2003-03-20;0.89725500
2003-03-21;0.91891400
2003-03-24;0.88433000
2003-03-25;0.89109900
2003-03-26;0.89268000
2003-03-27;0.88296100
2003-03-28;0.87894500
2003-03-31;0.84774500
2003-04-01;0.86110200
2003-04-02;0.88818300
2003-04-03;0.88289800
2003-04-04;0.89371200
2003-04-07;0.90954100
2003-04-08;0.89675400
2003-04-09;0.88812100
2003-04-10;0.88716800
2003-04-11;0.88824800
2003-04-14;0.90286400
2003-04-15;0.90978000
2003-04-16;0.89179000
2003-04-17;0.89992200
2003-04-18;0.90026800
2003-04-22;0.91493500
2003-04-23;0.91707300
2003-04-24;0.90591500
2003-04-25;0.89648900
2003-04-26;0.89648900
2003-04-28;0.90604300
2003-04-29;0.90923200
2003-04-30;0.91218800
2003-05-05;0.90871000
2003-05-06;0.90813100
2003-05-07;0.90322800
2003-05-08;0.89329100
2003-05-09;0.89669400
2003-05-12;0.89850600
2003-05-13;0.90031400
2003-05-14;0.90119700
2003-05-15;0.90661500
2003-05-16;0.91438200
2003-05-19;0.87559600
2003-05-20;0.88462300
2003-05-21;0.88040600
2003-05-22;0.89012500
2003-05-23;0.88597900
2003-05-26;0.88360500
2003-05-27;0.88600800
2003-05-28;0.89542900
2003-05-29;0.92157100
2003-05-30;0.91217700
2003-06-02;0.92742200
2003-06-03;0.93573400
2003-06-04;0.95414400
2003-06-05;0.99734100
2003-06-06;0.96538000
2003-06-10;0.98958700
2003-06-11;0.97867100
2003-06-12;0.97650500
2003-06-13;0.97342700
2003-06-16;0.97920100
2003-06-17;0.99797700
2003-06-18;1.00386200
2003-06-19;1.00138500
2003-06-20;0.99769600
2003-06-23;0.98926800
2003-06-24;0.98703700
2003-06-25;0.98022400
2003-06-26;0.99871500
2003-06-27;1.01402000
2003-06-30;1.00295000
2003-07-01;0.99709700
2003-07-02;1.00302300
2003-07-03;1.00688200
2003-07-04;1.00661800
2003-07-07;1.02003400
2003-07-08;1.02712100
2003-07-09;1.02089300
2003-07-10;1.01303500
2003-07-11;1.01336400
2003-07-14;1.02125300
2003-07-15;1.01339800
2003-07-16;1.02759400
2003-07-17;1.01673300
2003-07-18;1.03347600
2003-07-21;1.02144900
2003-07-22;1.02087500
2003-07-23;1.03103000
2003-07-24;1.01615500
2003-07-25;1.01865700
2003-07-28;1.01721800
2003-07-29;1.00620300
2003-07-30;1.00809700
2003-07-31;1.02230900
2003-08-01;1.03117200
2003-08-04;1.01814400
2003-08-05;0.99869000
2003-08-06;0.99899500
2003-08-07;1.00286900
2003-08-08;0.99839600
2003-08-11;1.00545200
2003-08-12;1.00583000
2003-08-13;1.00931700
2003-08-14;1.01758300
2003-08-15;1.02360600
2003-08-18;1.03097300
2003-08-19;1.03999000
2003-08-21;1.04206400
2003-08-22;1.03997100
2003-08-25;1.03601800
2003-08-26;1.04041900
2003-08-27;1.04078200
2003-08-28;1.04262400
2003-08-29;1.04426600
2003-09-01;1.03901000
2003-09-02;1.06100500
2003-09-03;1.06533000
2003-09-04;1.06239500
2003-09-05;1.04933600
2003-09-08;1.05125800
2003-09-09;1.04091200
2003-09-10;1.03130400
2003-09-11;1.03003100
2003-09-12;1.03257000
2003-09-15;1.02450900
2003-09-16;1.03444700
2003-09-17;1.04052800
2003-09-18;1.04872200
2003-09-19;1.03972800
2003-09-22;1.01553400
2003-09-23;1.01600800
2003-09-24;1.00305200
2003-09-25;0.99923100
2003-09-26;1.00006000
2003-09-29;1.00860400
2003-09-30;0.98476400
2003-10-01;0.99684500
2003-10-02;0.99427600
2003-10-03;1.00438400
2003-10-06;1.01634100
2003-10-07;1.00453700
2003-10-08;1.00131200
2003-10-09;0.99870300
2003-10-10;1.01347600
2003-10-13;1.02784600
2003-10-14;1.03316600
2003-10-15;1.02654800
2003-10-16;1.03771400
2003-10-17;1.03392900
2003-10-18;1.03392900
2003-10-20;1.03104300
2003-10-21;1.03125800
2003-10-22;1.01528200
2003-10-27;1.01692600
2003-10-28;1.02590400
2003-10-29;1.02371400
2003-10-30;1.02978400
2003-10-31;1.04246300
2003-11-03;1.06221600
2003-11-04;1.06530600
2003-11-05;1.05889000
2003-11-06;1.05780900
2003-11-07;1.05648800
2003-11-10;1.04377300
2003-11-11;1.04455500
2003-11-12;1.05332500
2003-11-13;1.04575400
2003-11-14;1.03045100
2003-11-17;1.02164400
2003-11-18;1.01712500
2003-11-19;1.01396900
2003-11-20;1.00589800
2003-11-21;1.01205300
2003-11-24;1.02906600
2003-11-25;1.04773700
2003-11-26;1.04748900
2003-11-27;1.04573100
2003-11-28;1.04898800
2003-12-01;1.04580500
2003-12-02;1.08628700
2003-12-03;1.07119500
2003-12-04;1.07404300
2003-12-05;1.06289800
2003-12-08;1.05880500
2003-12-09;1.04671500
2003-12-10;1.03517100
2003-12-11;1.04094100
2003-12-12;1.03717800
2003-12-15;1.03524300
2003-12-16;1.03554700
2003-12-17;1.03787100
2003-12-18;1.03819900
2003-12-19;1.02800400
2003-12-22;1.02851300
2003-12-23;1.03357200
2003-12-29;1.03381500
2003-12-30;1.03632600
2003-12-31;1.03409100
2004-01-05;1.04151800
2004-01-06;1.02873500
2004-01-07;1.04025300
2004-01-08;1.05717800
2004-01-09;1.06492200
2004-01-10;1.06492200
2004-01-12;1.05933100
2004-01-13;1.06113700
2004-01-14;1.06365300
2004-01-15;1.06225000
2004-01-16;1.07556800
2004-01-19;1.07685800
2004-01-20;1.07024600
2004-01-21;1.06589700
2004-01-22;1.05912200
2004-01-23;1.05001300
2004-01-26;1.06677400
2004-01-27;1.06984500
2004-01-28;1.05166800
2004-01-29;1.05844400
2004-01-30;1.07379800
2004-02-02;1.06724500
2004-02-03;1.06661800
2004-02-04;1.05657800
2004-02-05;1.06034200
2004-02-06;1.08467500
2004-02-09;1.06606100
2004-02-10;1.05903500
2004-02-11;1.07144300
2004-02-12;1.05899000
2004-02-13;1.05196700
2004-02-16;1.05546600
2004-02-17;1.06115900
2004-02-18;1.04893400
2004-02-19;1.06035600
2004-02-20;1.05298700
2004-02-23;1.06055900
2004-02-24;1.04928200
2004-02-25;1.04044500
2004-02-26;1.05494600
2004-02-27;1.06124700
2004-03-01;1.06018900
2004-03-02;1.05581200
2004-03-03;1.07207800
2004-03-04;1.07014100
2004-03-05;1.07362000
2004-03-08;1.05011400
2004-03-09;1.04465600
2004-03-10;1.03723300
2004-03-11;1.02846900
2004-03-12;1.02172700
2004-03-16;1.02629900
2004-03-17;1.04684100
2004-03-18;1.04740200
2004-03-19;1.02453200
2004-03-22;1.01744600
2004-03-23;1.01196400
2004-03-24;1.01222100
2004-03-25;1.02977400
2004-03-26;1.03164000
2004-03-29;1.04111200
2004-03-30;1.03575400
2004-03-31;1.03200600
2004-04-01;1.03083800
2004-04-02;1.03818900
2004-04-05;1.05058300
2004-04-06;1.05058200
2004-04-07;1.04866300
2004-04-08;1.03999500
2004-04-09;1.04908800
2004-04-13;1.04669700
2004-04-14;1.05346800
2004-04-15;1.06410300
2004-04-16;1.06382800
2004-04-19;1.05748500
2004-04-20;1.04949200
2004-04-21;1.06118000
2004-04-22;1.07722400
2004-04-23;1.06818800
2004-04-26;1.06757900
2004-04-27;1.06311100
2004-04-28;1.05256100
2004-04-29;1.06163700
2004-04-30;1.04381800
2004-05-03;1.04566500
2004-05-04;1.04513400
2004-05-05;1.04261800
2004-05-06;1.03284100
2004-05-07;1.02719400
2004-05-10;1.03831500
2004-05-11;1.04438200
2004-05-12;1.04216800
2004-05-13;1.04728200
2004-05-14;1.05393800
2004-05-17;1.02629600
2004-05-18;1.02739300
2004-05-19;1.02845100
2004-05-20;1.03456500
2004-05-21;1.03151300
2004-05-24;1.03957800
2004-05-25;1.03889600
2004-05-26;1.03384400
2004-05-27;1.03941700
2004-05-28;1.02937900
2004-06-01;1.03112800
2004-06-02;1.03097200
2004-06-03;1.02913900
2004-06-04;1.03950200
2004-06-07;1.04568800
2004-06-08;1.04024100
2004-06-09;1.03768300
2004-06-10;1.06211800
2004-06-11;1.07028700
2004-06-14;1.05760700
2004-06-15;1.05913400
2004-06-16;1.05393600
2004-06-17;1.06444600
2004-06-18;1.07461200
2004-06-21;1.06053600
2004-06-22;1.06714800
2004-06-23;1.06423800
2004-06-24;1.06121600
2004-06-25;1.05778100
2004-06-28;1.05621000
2004-06-29;1.05626000
2004-06-30;1.06359900
2004-07-01;1.04368900
2004-07-02;1.04391800
2004-07-05;1.03173600
2004-07-06;1.02487700
2004-07-07;1.02554900
2004-07-08;1.02046500
2004-07-09;1.02273400
2004-07-12;1.02374800
2004-07-13;1.02395100
2004-07-14;1.01901000
2004-07-15;1.01093800
2004-07-16;1.01272600
2004-07-19;1.00563100
2004-07-20;1.00981800
2004-07-21;1.00485100
2004-07-22;1.01347600
2004-07-23;1.00346000
2004-07-26;1.00713500
2004-07-27;1.00876300
2004-07-28;1.01693100
2004-07-29;1.02064000
2004-07-30;1.02061600
2004-08-02;1.02628500
2004-08-03;1.03161600
2004-08-04;1.03177300
2004-08-05;1.00854000
2004-08-06;0.99573400
2004-08-09;0.98060300
2004-08-10;0.98458000
2004-08-11;0.98992200
2004-08-12;0.97632100
2004-08-13;0.99219900
2004-08-16;0.98422200
2004-08-17;0.98631900
2004-08-18;0.99385400
2004-08-19;0.99201300
2004-08-23;1.01551800
2004-08-24;1.01623200
2004-08-25;1.02863900
2004-08-26;1.02896100
2004-08-27;1.02871700
2004-08-30;1.02648300
2004-08-31;1.02907300
2004-09-01;1.02222300
2004-09-02;1.02803800
2004-09-03;1.02047000
2004-09-06;1.02945200
2004-09-07;1.03388400
2004-09-08;1.03912400
2004-09-09;1.02957000
2004-09-10;1.03900200
2004-09-13;1.03533200
2004-09-14;1.03306500
2004-09-15;1.02335300
2004-09-16;1.03108100
2004-09-17;1.02783600
2004-09-20;1.02593300
2004-09-21;1.02910500
2004-09-22;1.01113400
2004-09-23;1.00461500
2004-09-24;1.00687800
2004-09-27;1.00282500
2004-09-28;1.00971600
2004-09-29;1.01265200
2004-09-30;1.01440400
2004-10-01;1.02032700
2004-10-04;1.02694900
2004-10-05;1.02909800
2004-10-06;1.03481000
2004-10-07;1.02615900
2004-10-08;1.02073500
2004-10-11;1.01757700
2004-10-12;1.02097900
2004-10-13;1.01664200
2004-10-14;1.00856600
2004-10-15;1.01498200
2004-10-18;1.01279600
2004-10-19;1.00374500
2004-10-20;0.99762200
2004-10-21;0.99991800
2004-10-22;0.99264400
2004-10-25;0.98257400
2004-10-26;0.99403400
2004-10-27;1.00236200
2004-10-28;1.00516100
2004-10-29;1.00262000
2004-11-02;1.00759300
2004-11-03;1.01956600
2004-11-04;1.02265700
2004-11-05;1.02410700
2004-11-08;1.01343400
2004-11-09;1.01548400
2004-11-10;1.01224700
2004-11-11;1.02166400
2004-11-12;1.02679800
2004-11-15;1.01746800
2004-11-16;1.01441100
2004-11-17;1.01715100
2004-11-18;1.01809700
2004-11-19;1.02523400
2004-11-22;1.02247400
2004-11-23;1.01906000
2004-11-24;1.01303000
2004-11-25;1.01029800
2004-11-26;1.01109800
2004-11-29;1.01065600
2004-11-30;1.01039800
2004-12-01;1.01338400
2004-12-02;1.00636500
2004-12-03;1.01519800
2004-12-06;1.00117600
2004-12-07;0.99863900
2004-12-08;1.00919400
2004-12-09;1.01455000
2004-12-10;1.02759000
2004-12-13;1.02373300
2004-12-14;1.02310200
2004-12-15;1.02207200
2004-12-16;1.01113100
2004-12-17;1.01582600
2004-12-20;1.01017900
2004-12-21;1.01378000
2004-12-22;1.01931600
2004-12-23;1.01274200
2004-12-27;1.00843700
2004-12-28;1.00564100
2004-12-29;1.00419800
2004-12-30;1.00606100
2004-12-31;1.01018100
2005-01-03;1.01006100
2005-01-04;1.00769500
2005-01-05;1.01402200
2005-01-06;1.02698100
2005-01-07;1.02382100
2005-01-10;1.03538200
2005-01-11;1.02379300
2005-01-12;1.03765200
2005-01-13;1.01626300
2005-01-14;1.02832800
2005-01-17;1.02736800
2005-01-18;1.03926900
2005-01-19;1.02413900
2005-01-20;1.02817100
2005-01-21;1.02533100
2005-01-24;1.01710100
2005-01-25;1.01683700
2005-01-26;1.02681200
2005-01-27;1.02186900
2005-01-28;1.02338600
2005-01-31;1.03390700
2005-02-01;1.03671600
2005-02-02;1.03666300
2005-02-03;1.03165400
2005-02-04;1.04179800
2005-02-07;1.04763500
2005-02-08;1.05371800
2005-02-09;1.04827900
2005-02-10;1.05496900
2005-02-11;1.05771800
2005-02-14;1.05099400
2005-02-15;1.05278400
2005-02-16;1.04759900
2005-02-17;1.03951600
2005-02-18;1.03992300
2005-02-21;1.04249100
2005-02-22;1.01706700
2005-02-23;1.02180300
2005-02-24;1.02269600
2005-02-25;1.03593600
2005-02-28;1.02616500
2005-03-01;1.03335800
2005-03-02;1.03783400
2005-03-03;1.03622000
2005-03-04;1.05188700
2005-03-07;1.04071400
2005-03-08;1.03815700
2005-03-09;1.02216300
2005-03-10;1.02949700
2005-03-11;1.02395600
2005-03-16;1.03263000
2005-03-17;1.03684100
2005-03-18;1.02821700
2005-03-21;1.03290400
2005-03-22;1.02661700
2005-03-23;1.04112200
2005-03-24;1.04030500
2005-03-25;1.04392600
2005-03-29;1.04291100
2005-03-30;1.04799600
2005-03-31;1.04716100
2005-04-01;1.04164500
2005-04-04;1.04952500
2005-04-05;1.06041300
2005-04-06;1.05466100
2005-04-07;1.05378300
2005-04-08;1.05675700
2005-04-11;1.04682600
2005-04-12;1.04894300
2005-04-13;1.04020600
2005-04-14;1.03734800
2005-04-15;1.02847500
2005-04-18;1.02422200
2005-04-19;1.03796400
2005-04-20;1.01878000
2005-04-21;1.02929400
2005-04-22;1.02856400
2005-04-25;1.04464800
2005-04-26;1.03335500
2005-04-27;1.04124700
2005-04-28;1.03133200
2005-04-29;1.04929100
2005-05-02;1.05964800
2005-05-03;1.05799500
2005-05-04;1.05860700
2005-05-05;1.04971500
2005-05-06;1.05006900
2005-05-09;1.06312000
2005-05-10;1.05578700
2005-05-11;1.05992000
2005-05-12;1.05163400
2005-05-13;1.06039800
2005-05-17;1.07710700
2005-05-18;1.09045300
2005-05-19;1.08441500
2005-05-20;1.08460900
2005-05-23;1.10432700
2005-05-24;1.10137300
2005-05-25;1.10591900
2005-05-26;1.10221700
2005-05-27;1.11183200
2005-05-30;1.11422600
2005-05-31;1.11501600
2005-06-01;1.13135500
2005-06-02;1.13113100
2005-06-03;1.11530800
2005-06-06;1.11086600
2005-06-07;1.11167400
2005-06-08;1.11229600
2005-06-09;1.12263700
2005-06-10;1.11844900
2005-06-13;1.13168600
2005-06-14;1.12696000
2005-06-15;1.13455900
2005-06-16;1.13010300
2005-06-17;1.13308500
2005-06-20;1.12467400
2005-06-21;1.13513800
2005-06-22;1.12486800
2005-06-23;1.11940500
2005-06-24;1.11577500
2005-06-27;1.10922200
2005-06-28;1.12511600
2005-06-29;1.12546900
2005-06-30;1.11721500
2005-07-01;1.11740000
2005-07-04;1.12972900
2005-07-05;1.13527900
2005-07-06;1.13018200
2005-07-07;1.13278400
2005-07-08;1.14551300
2005-07-11;1.13897300
2005-07-12;1.12966300
2005-07-13;1.12379000
2005-07-14;1.13723600
2005-07-15;1.13315900
2005-07-18;1.13176800
2005-07-19;1.14236900
2005-07-20;1.14107600
2005-07-21;1.12662400
2005-07-22;1.12698900
2005-07-25;1.13561300
2005-07-26;1.13829000
2005-07-27;1.14595900
2005-07-28;1.14662300
2005-07-29;1.13785500
2005-08-01;1.12962100
2005-08-02;1.14101400
2005-08-03;1.14185700
2005-08-04;1.12131500
2005-08-05;1.10780800
2005-08-08;1.10695000
2005-08-09;1.11677800
2005-08-10;1.11833900
2005-08-11;1.12546100
2005-08-12;1.11678800
2005-08-15;1.12887400
2005-08-16;1.11970600
2005-08-17;1.12329900
2005-08-18;1.11813000
2005-08-19;1.13061000
2005-08-22;1.13429200
2005-08-23;1.13062700
2005-08-24;1.13073600
2005-08-25;1.12535100
2005-08-26;1.11589800
2005-08-29;1.12140900
2005-08-30;1.12099200
2005-08-31;1.13659000
2005-09-01;1.12354400
2005-09-02;1.10659400
2005-09-05;1.10653200
2005-09-06;1.12886300
2005-09-07;1.12634100
2005-09-08;1.12716900
2005-09-09;1.14185200
2005-09-12;1.14390600
2005-09-13;1.14221500
2005-09-14;1.14255300
2005-09-15;1.14666600
2005-09-16;1.15126100
2005-09-19;1.15754300
2005-09-20;1.15285700
2005-09-21;1.14279400
2005-09-22;1.14692500
2005-09-23;1.15576000
2005-09-26;1.16796800
2005-09-27;1.16309500
2005-09-28;1.17759300
2005-09-29;1.18674900
2005-09-30;1.19155600
2005-10-03;1.20015800
2005-10-04;1.19744600
2005-10-05;1.17340100
2005-10-06;1.16102200
2005-10-07;1.16186400
2005-10-10;1.15295600
2005-10-11;1.15969300
2005-10-12;1.15469900
2005-10-13;1.15783100
2005-10-14;1.17396700
2005-10-17;1.16486400
2005-10-18;1.15821200
2005-10-19;1.17734800
2005-10-20;1.15638600
2005-10-21;1.15696700
2005-10-24;1.18114300
2005-10-25;1.17257800
2005-10-26;1.15859600
2005-10-27;1.14666400
2005-10-28;1.14999900
2005-11-02;1.18086000
2005-11-03;1.18275000
2005-11-04;1.19300800
2005-11-07;1.19946200
2005-11-08;1.20484300
2005-11-09;1.20632800
2005-11-10;1.21138800
2005-11-11;1.22777000
2005-11-14;1.21492600
2005-11-15;1.21261200
2005-11-16;1.21295900
2005-11-17;1.23236400
2005-11-18;1.24524600
2005-11-21;1.24778400
2005-11-22;1.26042400
2005-11-23;1.25005500
2005-11-24;1.24527600
2005-11-25;1.25077100
2005-11-28;1.23889100
2005-11-29;1.24155600
2005-11-30;1.23844300
2005-12-01;1.25779000
2005-12-02;1.26013900
2005-12-05;1.25213800
2005-12-06;1.26523000
2005-12-07;1.26207400
2005-12-08;1.26329300
2005-12-09;1.27265800
2005-12-12;1.25442200
2005-12-13;1.25735900
2005-12-14;1.24760600
2005-12-15;1.24565100
2005-12-16;1.24894000
2005-12-19;1.24177900
2005-12-20;1.24455000
2005-12-21;1.25691300
2005-12-22;1.25554800
2005-12-23;1.25075000
2005-12-27;1.24173400
2005-12-28;1.24402500
2005-12-29;1.25540000
2005-12-30;1.25424200
2006-01-02;1.25537300
2006-01-03;1.26332300
2006-01-04;1.26076300
2006-01-05;1.25060800
2006-01-06;1.25998100
2006-01-09;1.26399600
2006-01-10;1.26544500
2006-01-11;1.26387000
2006-01-12;1.25671700
2006-01-13;1.26343800
2006-01-16;1.25781500
2006-01-17;1.25018500
2006-01-18;1.24913400
2006-01-19;1.25661200
2006-01-20;1.23420200
2006-01-23;1.22464000
2006-01-24;1.22362900
2006-01-25;1.21942700
2006-01-26;1.23629100
2006-01-27;1.26270200
2006-01-30;1.26763900
2006-01-31;1.26703100
2006-02-01;1.26826900
2006-02-02;1.25345400
2006-02-03;1.25903600
2006-02-06;1.25935500
2006-02-07;1.25063200
2006-02-08;1.26470400
2006-02-09;1.26168500
2006-02-10;1.25994000
2006-02-13;1.26467600
2006-02-14;1.27689300
2006-02-15;1.27423800
2006-02-16;1.28536000
2006-02-17;1.28536900
2006-02-20;1.27850600
2006-02-21;1.28245700
2006-02-22;1.29752700
2006-02-23;1.29327400
2006-02-24;1.30117200
2006-02-27;1.30617700
2006-02-28;1.29302500
2006-03-01;1.30018400
2006-03-02;1.29916200
2006-03-03;1.29142200
2006-03-06;1.28207600
2006-03-07;1.29093700
2006-03-08;1.29433400
2006-03-09;1.29712300
2006-03-10;1.32789400
2006-03-13;1.34127400
2006-03-14;1.34445300
2006-03-16;1.32327900
2006-03-17;1.33062500
2006-03-20;1.33330500
2006-03-21;1.33753500
2006-03-22;1.36696500
2006-03-23;1.34207500
2006-03-24;1.36410200
2006-03-27;1.35104700
2006-03-28;1.35111900
2006-03-29;1.37278600
2006-03-30;1.36405600
2006-03-31;1.35486100
2006-04-03;1.35246600
2006-04-04;1.35879700
2006-04-05;1.36105500
2006-04-06;1.36646800
2006-04-07;1.36214600
2006-04-10;1.36777000
2006-04-11;1.34974600
2006-04-12;1.34332100
2006-04-13;1.35565000
2006-04-14;1.35799100
2006-04-18;1.36711300
2006-04-19;1.35127600
2006-04-20;1.35266100
2006-04-21;1.36083400
2006-04-24;1.34028200
2006-04-25;1.33798100
2006-04-26;1.35046300
2006-04-27;1.34948100
2006-04-28;1.33512900
2006-05-02;1.33876700
2006-05-03;1.32461100
2006-05-04;1.31674400
2006-05-05;1.32961200
2006-05-08;1.31604000
2006-05-09;1.32811100
2006-05-10;1.32351900
2006-05-11;1.31626300
2006-05-12;1.30095200
2006-05-15;1.31982100
2006-05-16;1.30661300
2006-05-17;1.27209800
2006-05-18;1.27629200
2006-05-19;1.27398800
2006-05-22;1.26761600
2006-05-23;1.24925700
2006-05-24;1.24888300
2006-05-25;1.26897600
2006-05-26;1.26851000
2006-05-29;1.27404700
2006-05-30;1.24705100
2006-05-31;1.26243600
2006-06-01;1.28009500
2006-06-02;1.27931900
2006-06-06;1.25262800
2006-06-07;1.24399400
2006-06-08;1.25304900
2006-06-09;1.24788200
2006-06-12;1.25519000
2006-06-13;1.24708300
2006-06-14;1.24700400
2006-06-15;1.28606200
2006-06-16;1.28198400
2006-06-19;1.28765100
2006-06-20;1.29635200
2006-06-21;1.31703700
2006-06-22;1.32085600
2006-06-23;1.32643200
2006-06-26;1.33888700
2006-06-27;1.31391500
2006-06-28;1.32812600
2006-06-29;1.37566100
2006-06-30;1.36167600
2006-07-03;1.36494300
2006-07-04;1.34884400
2006-07-05;1.34548800
2006-07-06;1.36466100
2006-07-07;1.34419300
2006-07-10;1.34513600
2006-07-11;1.34229700
2006-07-12;1.31804600
2006-07-13;1.31900100
2006-07-14;1.32680000
2006-07-17;1.32364300
2006-07-18;1.32016500
2006-07-19;1.33913600
2006-07-20;1.31130900
2006-07-21;1.29993100
2006-07-24;1.31913300
2006-07-25;1.31592500
2006-07-26;1.32183700
2006-07-27;1.30499800
2006-07-28;1.32418800
2006-07-31;1.32166300
2006-08-01;1.31641800
2006-08-02;1.32978400
2006-08-03;1.32421600
2006-08-04;1.31272500
2006-08-07;1.30424300
2006-08-08;1.30435400
2006-08-09;1.29773700
2006-08-10;1.30261600
2006-08-11;1.30299600
2006-08-14;1.31948200
2006-08-15;1.35561400
2006-08-16;1.36154500
2006-08-17;1.34415600
2006-08-18;1.36992700
2006-08-21;1.37101200
2006-08-22;1.36672400
2006-08-23;1.35100500
2006-08-24;1.36000600
2006-08-25;1.36652400
2006-08-28;1.36617300
2006-08-29;1.36123100
2006-08-30;1.36205200
2006-08-31;1.35592500
2006-09-01;1.37368100
2006-09-04;1.37407700
2006-09-05;1.37513000
2006-09-06;1.35638600
2006-09-07;1.36095000
2006-09-08;1.35784600
2006-09-11;1.35578400
2006-09-12;1.36613300
2006-09-13;1.36512100
2006-09-14;1.36439500
2006-09-15;1.35679800
2006-09-18;1.36095900
2006-09-19;1.36318600
2006-09-20;1.36607700
2006-09-21;1.37128500
2006-09-22;1.35996500
2006-09-25;1.36640300
2006-09-26;1.37347700
2006-09-27;1.37561000
2006-09-28;1.37708600
2006-09-29;1.38010900
2006-10-02;1.37894300
2006-10-03;1.38047600
2006-10-04;1.40497800
2006-10-05;1.39723200
2006-10-06;1.39320500
2006-10-09;1.39060600
2006-10-10;1.38954600
2006-10-11;1.37410700
2006-10-12;1.38263000
2006-10-13;1.37779300
2006-10-16;1.38396500
2006-10-17;1.37936700
2006-10-18;1.38737500
2006-10-19;1.37668500
2006-10-20;1.36030900
2006-10-24;1.38079900
2006-10-25;1.38323100
2006-10-26;1.37454900
2006-10-27;1.36390400
2006-10-30;1.35879000
2006-10-31;1.36660000
2006-11-02;1.34151100
2006-11-03;1.34425800
2006-11-06;1.36263000
2006-11-07;1.36166700
2006-11-08;1.36299900
2006-11-09;1.35913000
2006-11-10;1.35202000
2006-11-13;1.35130800
2006-11-14;1.35421000
2006-11-15;1.35123000
2006-11-16;1.35131100
2006-11-17;1.35332600
2006-11-20;1.34731100
2006-11-21;1.34365900
2006-11-22;1.34824600
2006-11-23;1.34514600
2006-11-24;1.34014000
2006-11-27;1.31391600
2006-11-28;1.31716600
2006-11-29;1.32252800
2006-11-30;1.31575900
2006-12-01;1.30619000
2006-12-04;1.31135400
2006-12-05;1.31551700
2006-12-06;1.31632900
2006-12-07;1.31549600
2006-12-08;1.32232300
2006-12-11;1.33167300
2006-12-12;1.31693400
2006-12-13;1.31207100
2006-12-14;1.32257700
2006-12-15;1.32635400
2006-12-18;1.32534000
2006-12-19;1.32730500
2006-12-20;1.31202900
2006-12-21;1.31055200
2006-12-22;1.30341000
2006-12-27;1.32808800
2006-12-28;1.32639100
2006-12-29;1.32124300
2007-01-02;1.30550600
2007-01-03;1.30664700
2007-01-04;1.32450600
2007-01-05;1.32535100
2007-01-08;1.33483300
2007-01-09;1.32757900
2007-01-10;1.33600400
2007-01-11;1.34643200
2007-01-12;1.35856600
2007-01-15;1.34452700
2007-01-16;1.34239700
2007-01-17;1.35518400
2007-01-18;1.33928600
2007-01-19;1.34196400
2007-01-22;1.33814300
2007-01-23;1.34951500
2007-01-24;1.35907100
2007-01-25;1.34518200
2007-01-26;1.36513100
2007-01-29;1.36613500
2007-01-30;1.38202000
2007-01-31;1.38871200
2007-02-01;1.37405400
2007-02-02;1.37725300
2007-02-05;1.37828100
2007-02-06;1.37846300
2007-02-07;1.36974400
2007-02-08;1.36912300
2007-02-09;1.35836600
2007-02-12;1.35647100
2007-02-13;1.37457800
2007-02-14;1.37061400
2007-02-15;1.36288800
2007-02-16;1.36584500
2007-02-19;1.36054300
2007-02-20;1.36088900
2007-02-21;1.36294200
2007-02-22;1.36744900
2007-02-23;1.37003400
2007-02-26;1.36947400
2007-02-27;1.31579400
2007-02-28;1.33344700
2007-03-01;1.31908600
2007-03-02;1.30337700
2007-03-05;1.29960000
2007-03-06;1.31616100
2007-03-07;1.31488900
2007-03-08;1.31509700
2007-03-09;1.31684100
2007-03-12;1.30567500
2007-03-13;1.28371900
2007-03-14;1.29693800
2007-03-19;1.27307200
2007-03-20;1.28577700
2007-03-21;1.31208400
2007-03-22;1.29696200
2007-03-23;1.30924400
2007-03-26;1.31318400
2007-03-27;1.30843800
2007-03-28;1.30589000
2007-03-29;1.30400300
2007-03-30;1.30425900
2007-04-02;1.29928200
2007-04-03;1.31156600
2007-04-04;1.30667500
2007-04-05;1.31086700
2007-04-06;1.30703800
2007-04-10;1.31220400
2007-04-11;1.30058100
2007-04-12;1.30750100
2007-04-13;1.30622100
2007-04-16;1.31514200
2007-04-17;1.32014700
2007-04-18;1.31221400
2007-04-19;1.31994100
2007-04-20;1.32184700
2007-04-23;1.31899100
2007-04-24;1.31803900
2007-04-25;1.32487100
2007-04-26;1.32022400
2007-04-27;1.32662900
2007-05-02;1.33257900
2007-05-03;1.33404600
2007-05-04;1.34511500
2007-05-07;1.34350400
2007-05-08;1.33666300
2007-05-09;1.35348800
2007-05-10;1.33234900
2007-05-11;1.36582200
2007-05-14;1.34547700
2007-05-15;1.35368700
2007-05-16;1.35121500
2007-05-17;1.36229200
2007-05-18;1.38517300
2007-05-21;1.37454600
2007-05-22;1.36755800
2007-05-23;1.37913900
2007-05-24;1.36857700
2007-05-25;1.37878800
2007-05-29;1.37944100
2007-05-30;1.39470900
2007-05-31;1.39526700
2007-06-01;1.39978100
2007-06-04;1.39994000
2007-06-05;1.39140700
2007-06-06;1.38210200
2007-06-07;1.37750200
2007-06-08;1.40319500
2007-06-11;1.40480300
2007-06-12;1.38164000
2007-06-13;1.41675700
2007-06-14;1.41209700
2007-06-15;1.41513000
2007-06-18;1.40003300
2007-06-19;1.40287400
2007-06-20;1.38675100
2007-06-21;1.38614100
2007-06-22;1.36548300
2007-06-25;1.35761600
2007-06-26;1.35265400
2007-06-27;1.36423000
2007-06-28;1.35977600
2007-06-29;1.35657300
2007-07-02;1.35927800
2007-07-03;1.35728200
2007-07-04;1.36100300
2007-07-05;1.35777900
2007-07-06;1.37323100
2007-07-09;1.36573300
2007-07-10;1.35498000
2007-07-11;1.35301000
2007-07-12;1.36882000
2007-07-13;1.36569200
2007-07-16;1.36244100
2007-07-17;1.36456800
2007-07-18;1.36156000
2007-07-19;1.36141200
2007-07-20;1.35068200
2007-07-23;1.35420100
2007-07-24;1.33484500
2007-07-25;1.34434400
2007-07-26;1.32022300
2007-07-27;1.31848700
2007-07-30;1.34057500
2007-07-31;1.32315100
2007-08-01;1.34351100
2007-08-02;1.34198800
2007-08-03;1.30485100
2007-08-06;1.31836700
2007-08-07;1.32232000
2007-08-08;1.33875300
2007-08-09;1.30395300
2007-08-10;1.30765900
2007-08-13;1.31794000
2007-08-14;1.30950200
2007-08-15;1.31855700
2007-08-16;1.32882200
2007-08-17;1.35719800
2007-08-21;1.35771600
2007-08-22;1.37488400
2007-08-23;1.35992800
2007-08-24;1.37901700
2007-08-27;1.35117700
2007-08-28;1.32778400
2007-08-29;1.36276600
2007-08-30;1.33912300
2007-08-31;1.34850400
2007-09-03;1.35337000
2007-09-04;1.37562400
2007-09-05;1.35792500
2007-09-06;1.35483000
2007-09-07;1.33283100
2007-09-10;1.32910300
2007-09-11;1.34490500
2007-09-12;1.33004900
2007-09-13;1.33016600
2007-09-14;1.33320500
2007-09-17;1.32691200
2007-09-18;1.36444400
2007-09-19;1.34711200
2007-09-20;1.32982100
2007-09-21;1.32684500
2007-09-24;1.32583000
2007-09-25;1.32702900
2007-09-26;1.33221800
2007-09-27;1.33894600
2007-09-28;1.33713200
2007-10-01;1.34933800
2007-10-02;1.34881100
2007-10-03;1.34904700
2007-10-04;1.36423400
2007-10-05;1.37365800
2007-10-08;1.35889500
2007-10-09;1.37739900
2007-10-10;1.35978800
2007-10-11;1.35350900
2007-10-12;1.36194800
2007-10-15;1.34788700
2007-10-16;1.34477900
2007-10-17;1.35138300
2007-10-18;1.34481600
2007-10-19;1.31337600
2007-10-24;1.33395300
2007-10-25;1.33315700
2007-10-26;1.34320900
2007-10-29;1.34640900
2007-10-30;1.34024000
2007-10-31;1.35340200
2007-11-05;1.31869200
2007-11-06;1.32738300
2007-11-07;1.29016000
2007-11-08;1.29403400
2007-11-09;1.26553700
2007-11-12;1.26584100
2007-11-13;1.29965700
2007-11-14;1.28455700
2007-11-15;1.27630600
2007-11-16;1.27908500
2007-11-19;1.25302800
2007-11-20;1.26094100
2007-11-21;1.23869400
2007-11-22;1.24010200
2007-11-23;1.26615500
2007-11-26;1.23953900
2007-11-27;1.26275500
2007-11-28;1.29521700
2007-11-29;1.28350700
2007-11-30;1.28666300
2007-12-03;1.28911300
2007-12-04;1.27675300
2007-12-05;1.28770500
2007-12-06;1.31291400
2007-12-07;1.30659900
2007-12-10;1.30981000
2007-12-11;1.27543300
2007-12-12;1.29570300
2007-12-13;1.28284000
2007-12-14;1.27563800
2007-12-17;1.28050200
2007-12-18;1.28487300
2007-12-19;1.27892300
2007-12-20;1.28070800
2007-12-21;1.30267900
2007-12-27;1.29089400
2007-12-28;1.27535600
2008-01-02;1.26066500
2008-01-03;1.26036400
2008-01-04;1.23573700
2008-01-07;1.23893100
2008-01-08;1.22257600
2008-01-09;1.23430900
2008-01-10;1.23906000
2008-01-11;1.21266100
2008-01-14;1.21678100
2008-01-15;1.19105700
2008-01-16;1.18474800
2008-01-17;1.17565200
2008-01-18;1.18177000
2008-01-21;1.19594200
2008-01-22;1.18720900
2008-01-23;1.17757800
2008-01-24;1.19736300
2008-01-25;1.17414500
2008-01-28;1.19784500
2008-01-29;1.20101500
2008-01-30;1.19063900
2008-01-31;1.20840300
2008-02-01;1.21778300
2008-02-04;1.20393000
2008-02-05;1.17679700
2008-02-06;1.19494600
2008-02-07;1.20485200
2008-02-08;1.21605900
2008-02-11;1.21872500
2008-02-12;1.22785700
2008-02-13;1.22868000
2008-02-14;1.21055400
2008-02-15;1.20935800
2008-02-18;1.21560700
2008-02-19;1.21974900
2008-02-20;1.22838500
2008-02-21;1.21557900
2008-02-22;1.22082700
2008-02-25;1.23188700
2008-02-26;1.22550700
2008-02-27;1.19891300
2008-02-28;1.19140400
2008-02-29;1.17433800
2008-03-03;1.18343500
2008-03-04;1.16426600
2008-03-05;1.17897000
2008-03-06;1.14701800
2008-03-07;1.14378400
2008-03-10;1.12944800
2008-03-11;1.15045700
2008-03-12;1.13171500
2008-03-13;1.13285300
2008-03-14;1.09231400
2008-03-17;1.08455300
2008-03-18;1.10872200
2008-03-19;1.07385600
2008-03-20;1.10184600
2008-03-21;1.10616100
2008-03-25;1.12761900
2008-03-26;1.11128100
2008-03-27;1.10225300
2008-03-28;1.09961600
2008-03-31;1.11037000
2008-04-01;1.15455500
2008-04-02;1.15186500
2008-04-03;1.15542000
2008-04-04;1.15067100
2008-04-07;1.14131700
2008-04-08;1.12964900
2008-04-09;1.12659800
2008-04-10;1.11378600
2008-04-11;1.09122000
2008-04-14;1.09632600
2008-04-15;1.09518700
2008-04-16;1.12741900
2008-04-17;1.12019900
2008-04-18;1.13197200
2008-04-21;1.13419800
2008-04-22;1.11972900
2008-04-23;1.11348500
2008-04-24;1.13303400
2008-04-25;1.15850700
2008-04-28;1.15197400
2008-04-29;1.15016200
2008-04-30;1.15761200
2008-05-05;1.17078200
2008-05-06;1.17815700
2008-05-07;1.16489500
2008-05-08;1.17928100
2008-05-09;1.16257900
2008-05-13;1.15952500
2008-05-14;1.16404000
2008-05-15;1.17374900
2008-05-16;1.17576000
2008-05-19;1.16017600
2008-05-20;1.14910000
2008-05-21;1.11398000
2008-05-22;1.12093100
2008-05-23;1.11401900
2008-05-26;1.10608500
2008-05-27;1.10702300
2008-05-28;1.11424300
2008-05-29;1.11249100
2008-05-30;1.12188400
2008-06-02;1.10909100
2008-06-03;1.10123300
2008-06-04;1.11221800
2008-06-05;1.12932800
2008-06-06;1.10310200
2008-06-09;1.09951600
2008-06-10;1.10541600
2008-06-11;1.09343700
2008-06-12;1.09758300
2008-06-13;1.11048900
2008-06-16;1.11024900
2008-06-17;1.10600900
2008-06-18;1.08433500
2008-06-19;1.07409900
2008-06-20;1.03873900
2008-06-23;1.03701000
2008-06-24;1.03228800
2008-06-25;1.02378800
2008-06-26;0.98769700
2008-06-27;0.99125100
2008-06-30;0.98618700
2008-07-01;0.98833600
2008-07-02;0.97291900
2008-07-03;0.97047800
2008-07-04;0.97116700
2008-07-07;0.96523900
2008-07-08;0.96660200
2008-07-09;0.95066900
2008-07-10;0.95374800
2008-07-11;0.93824400
2008-07-14;0.92646400
2008-07-15;0.91238300
2008-07-16;0.93811100
2008-07-17;0.94540900
2008-07-18;0.94218500
2008-07-21;0.94512900
2008-07-22;0.94944400
2008-07-23;0.97554800
2008-07-24;0.96283500
2008-07-25;0.95415600
2008-07-28;0.94155900
2008-07-29;0.95377200
2008-07-30;0.97150700
2008-07-31;0.96187700
2008-08-01;0.96476300
2008-08-04;0.95372500
2008-08-05;0.98959200
2008-08-06;0.99819300
2008-08-07;0.97781900
2008-08-08;1.00860900
2008-08-11;1.01927400
2008-08-12;1.03040200
2008-08-13;1.01273300
2008-08-14;1.01971700
2008-08-15;1.03822500
2008-08-18;1.02272200
2008-08-19;1.01133600
2008-08-21;1.00084100
2008-08-22;1.00674900
2008-08-25;0.99784600
2008-08-26;1.01064300
2008-08-27;1.01724500
2008-08-28;1.03563100
2008-08-29;1.03390700
2008-09-01;1.03715400
2008-09-02;1.03897400
2008-09-03;1.04307100
2008-09-04;1.00034900
2008-09-05;1.03268100
2008-09-08;1.04962000
2008-09-09;1.01664800
2008-09-10;1.02688300
2008-09-11;1.04945300
2008-09-12;1.03959500
2008-09-15;0.99344500
2008-09-16;1.00796000
2008-09-17;0.96873700
2008-09-18;0.99756700
2008-09-19;1.05145700
2008-09-22;0.99509900
2008-09-23;0.97213200
2008-09-24;0.97607600
2008-09-25;0.99371000
2008-09-26;0.99143700
2008-09-29;0.92884100
2008-09-30;0.97089700
2008-10-01;0.99566700
2008-10-02;0.96721600
2008-10-03;0.95969400
2008-10-06;0.93841700
2008-10-07;0.89411900
2008-10-08;0.89026600
2008-10-09;0.83333400
2008-10-10;0.83744600
2008-10-13;0.92681800
2008-10-14;0.89989200
2008-10-15;0.87828000
2008-10-16;0.92411900
2008-10-17;0.90666100
2008-10-20;0.97301900
2008-10-21;0.96272300
2008-10-22;0.92343100
2008-10-27;0.86871100
2008-10-28;0.94175300
2008-10-29;0.89255300
2008-10-30;0.93367600
2008-10-31;0.94879600
2008-11-03;0.94519100
2008-11-04;0.96519700
2008-11-05;0.93381500
2008-11-06;0.88655500
2008-11-07;0.95216100
2008-11-10;0.93491900
2008-11-11;0.91733100
2008-11-12;0.89517600
2008-11-13;0.96122500
2008-11-14;0.88894000
2008-11-17;0.87461000
2008-11-18;0.89842600
2008-11-19;0.83495100
2008-11-20;0.80008200
2008-11-21;0.84097300
2008-11-24;0.84786600
2008-11-25;0.83609100
2008-11-26;0.86540100
2008-11-27;0.87020300
2008-11-28;0.88123600
2008-12-01;0.82186600
2008-12-02;0.85448900
2008-12-03;0.86892300
2008-12-04;0.84611200
2008-12-05;0.87650400
2008-12-08;0.89034900
2008-12-09;0.88109700
2008-12-10;0.88725500
2008-12-11;0.86484000
2008-12-12;0.86144700
2008-12-15;0.85701500
2008-12-16;0.90102300
2008-12-17;0.83900100
2008-12-18;0.80426100
2008-12-19;0.83556000
2008-12-22;0.81855000
2008-12-23;0.81387600
2008-12-29;0.81630300
2008-12-30;0.84093000
2008-12-31;0.85390100
2009-01-05;0.90542600
2009-01-06;0.92590600
2009-01-07;0.89518900
2009-01-08;0.90959000
2009-01-09;0.90733200
2009-01-12;0.90505800
2009-01-13;0.90225500
2009-01-14;0.88977000
2009-01-15;0.89001600
2009-01-16;0.87729500
2009-01-19;0.90230800
2009-01-20;0.86662300
2009-01-21;0.89953400
2009-01-22;0.87603100
2009-01-23;0.90533800
2009-01-26;0.88224200
2009-01-27;0.89752800
2009-01-28;0.91750600
2009-01-29;0.90334100
2009-01-30;0.92726800
2009-02-02;0.93588600
2009-02-03;0.95115700
2009-02-04;0.94253100
2009-02-05;0.95098900
2009-02-06;0.95550600
2009-02-09;0.93379900
2009-02-10;0.89763300
2009-02-11;0.92582000
2009-02-12;0.94268200
2009-02-13;0.94036700
2009-02-16;0.95219600
2009-02-17;0.93406600
2009-02-18;0.92393000
2009-02-19;0.89982800
2009-02-20;0.90682100
2009-02-23;0.83619200
2009-02-24;0.89055000
2009-02-25;0.86367300
2009-02-26;0.86117800
2009-02-27;0.85829100
2009-03-02;0.83451200
2009-03-03;0.83194900
2009-03-04;0.87143100
2009-03-05;0.84116100
2009-03-06;0.83426300
2009-03-09;0.81871300
2009-03-10;0.83907900
2009-03-11;0.83883900
2009-03-12;0.85513700
2009-03-13;0.85469900
2009-03-16;0.84403200
2009-03-17;0.88307000
2009-03-18;0.89728100
2009-03-19;0.84989800
2009-03-20;0.84092900
2009-03-23;0.90745700
2009-03-24;0.88019800
2009-03-25;0.89869000
2009-03-26;0.90921500
2009-03-27;0.90876400
2009-03-30;0.90882600
2009-03-31;0.90844100
2009-04-01;0.91388700
2009-04-02;0.91152900
2009-04-03;0.91560600
2009-04-06;0.90245400
2009-04-07;0.89900900
2009-04-08;0.91414400
2009-04-09;0.92192700
2009-04-10;0.92362100
2009-04-14;0.91122500
2009-04-15;0.91968500
2009-04-16;0.94340200
2009-04-17;0.95886000
2009-04-20;0.93932300
2009-04-21;0.95907000
2009-04-22;0.94260300
2009-04-23;0.95863800
2009-04-24;0.95546900
2009-04-27;0.94750200
2009-04-28;0.94347900
2009-04-29;0.93892000
2009-04-30;0.94014800
2009-05-04;0.96676100
2009-05-05;0.95373200
2009-05-06;0.97574100
2009-05-07;0.94592800
2009-05-08;0.96836500
2009-05-11;0.93628600
2009-05-12;0.93707800
2009-05-13;0.92597100
2009-05-14;0.94775600
2009-05-15;0.94453000
2009-05-18;0.96278400
2009-05-19;0.93792700
2009-05-20;0.92514600
2009-05-21;0.92120700
2009-05-22;0.91353600
2009-05-25;0.91959700
2009-05-26;0.94134300
2009-05-27;0.93849200
2009-05-28;0.95823900
2009-05-29;0.95140400
2009-06-02;0.96074900
2009-06-03;0.96416600
2009-06-04;0.96595600
2009-06-05;0.97961100
2009-06-08;0.98289600
2009-06-09;0.96360200
2009-06-10;0.95667200
2009-06-11;0.96414800
2009-06-12;0.95486400
2009-06-15;0.94480400
2009-06-16;0.93921000
2009-06-17;0.94249200
2009-06-18;0.93842000
2009-06-19;0.94778900
2009-06-22;0.91141400
2009-06-23;0.92137600
2009-06-24;0.91207800
2009-06-25;0.92513800
2009-06-26;0.91446800
2009-06-29;0.92657400
2009-06-30;0.90692700
2009-07-01;0.90989700
2009-07-02;0.89457300
2009-07-03;0.89395000
2009-07-06;0.90665400
2009-07-07;0.88038700
2009-07-08;0.89751000
2009-07-09;0.89397100
2009-07-10;0.89393500
2009-07-13;0.91581900
2009-07-14;0.90922600
2009-07-15;0.92444200
2009-07-16;0.92895000
2009-07-17;0.92950700
2009-07-20;0.93682600
2009-07-21;0.93657300
2009-07-22;0.93739900
2009-07-23;0.95036900
2009-07-24;0.94451200
2009-07-27;0.94190100
2009-07-28;0.95045400
2009-07-29;0.94829300
2009-07-30;0.96189000
2009-07-31;0.95940600
2009-08-03;0.95205200
2009-08-04;0.95649200
2009-08-05;0.95868800
2009-08-06;0.95674900
2009-08-07;0.97770800
2009-08-10;0.97325900
2009-08-11;0.98431900
2009-08-12;0.98354500
2009-08-13;0.97938200
2009-08-14;0.98366900
2009-08-17;0.97419100
2009-08-18;0.97910800
2009-08-19;0.99182700
2009-08-24;0.98864100
2009-08-25;0.99349100
2009-08-26;0.99707300
2009-08-27;1.00144100
2009-08-28;0.99579900
2009-08-31;1.00144200
2009-09-01;0.98262600
2009-09-02;0.99718000
2009-09-03;0.99457100
2009-09-04;1.00601600
2009-09-07;0.99492600
2009-09-08;1.00306600
2009-09-09;1.00056900
2009-09-10;1.01504100
2009-09-11;1.01069400
2009-09-14;1.01373000
2009-09-15;1.01734400
2009-09-16;1.01608300
2009-09-17;1.01072900
2009-09-18;1.01764900
2009-09-21;1.01469300
2009-09-22;1.01486700
2009-09-23;1.00525100
2009-09-24;0.99535100
2009-09-25;0.99486800
2009-09-28;1.00995300
2009-09-29;1.00699800
2009-09-30;1.00719400
2009-10-01;0.98325400
2009-10-02;0.96242200
2009-10-05;0.97822900
2009-10-06;0.98357200
2009-10-07;0.99030800
2009-10-08;1.00817800
2009-10-09;1.01566800
2009-10-12;1.01498200
2009-10-13;1.00385500
2009-10-14;1.01169600
2009-10-15;1.00880700
2009-10-16;1.00642500
2009-10-19;1.01128300
2009-10-20;0.99776000
2009-10-21;0.98966600
2009-10-22;1.00501400
2009-10-26;0.97748500
2009-10-27;0.98659100
2009-10-28;0.98419800
2009-10-29;1.00364700
2009-10-30;0.98791800
2009-11-02;0.99677400
2009-11-03;1.01889200
2009-11-04;0.99984600
2009-11-05;1.02064000
2009-11-06;1.00842300
2009-11-09;1.02287700
2009-11-10;1.01612000
2009-11-11;1.00653900
2009-11-12;1.00431600
2009-11-13;1.01288900
2009-11-16;1.01510400
2009-11-17;1.00798300
2009-11-18;1.00319100
2009-11-19;1.01769400
2009-11-20;1.00265400
2009-11-23;1.00697600
2009-11-24;1.00890000
2009-11-25;1.00869200
2009-11-26;1.01632300
2009-11-27;1.01464300
2009-11-30;1.00726400
2009-12-01;1.02662700
2009-12-02;1.01548100
2009-12-03;1.00445900
2009-12-04;1.01204900
2009-12-07;1.02421700
2009-12-08;1.02879500
2009-12-09;1.03298300
2009-12-10;1.03965300
2009-12-11;1.03438600
2009-12-14;1.04598600
2009-12-15;1.06051600
2009-12-16;1.07004500
2009-12-17;1.07050000
2009-12-18;1.06241700
2009-12-21;1.07196000
2009-12-22;1.06454000
2009-12-23;1.08209600
2009-12-28;1.07533300
2009-12-29;1.07079000
2009-12-30;1.07115700
2009-12-31;1.05582000
2010-01-04;1.07186400
2010-01-05;1.06919200
2010-01-06;1.07778100
2010-01-07;1.07918100
2010-01-08;1.08696700
2010-01-11;1.06919000
2010-01-12;1.06297400
2010-01-13;1.06833800
2010-01-14;1.07239400
2010-01-15;1.06392000
2010-01-18;1.07095100
2010-01-19;1.08328300
2010-01-20;1.09140500
2010-01-21;1.08128600
2010-01-22;1.05044400
2010-01-25;1.05757000
2010-01-26;1.06663200
2010-01-27;1.06667300
2010-01-28;1.05170700
2010-01-29;1.04190100
2010-02-01;1.06035400
2010-02-02;1.06923000
2010-02-03;1.06725100
2010-02-04;1.04308400
2010-02-05;1.05737300
2010-02-08;1.04366900
2010-02-09;1.05633800
2010-02-10;1.05536300
2010-02-11;1.05953000
2010-02-12;1.06825700
2010-02-15;1.06713600
2010-02-16;1.08272700
2010-02-17;1.07626300
2010-02-18;1.09552300
2010-02-19;1.09988400
2010-02-22;1.08707000
2010-02-23;1.06903300
2010-02-24;1.08704200
2010-02-25;1.08457000
2010-02-26;1.08052900
2010-03-01;1.09544000
2010-03-02;1.09560500
2010-03-03;1.08695900
2010-03-04;1.08442100
2010-03-05;1.10709500
2010-03-08;1.09892800
2010-03-09;1.10776600
2010-03-10;1.11195300
2010-03-11;1.10982200
2010-03-12;1.10143700
2010-03-16;1.10772200
2010-03-17;1.10053600
2010-03-18;1.09892300
2010-03-19;1.10221200
2010-03-22;1.11894200
2010-03-23;1.12312000
2010-03-24;1.12166900
2010-03-25;1.12560800
2010-03-26;1.12985300
2010-03-29;1.13452800
2010-03-30;1.13220200
2010-03-31;1.13669800
2010-04-01;1.14038600
2010-04-02;1.13701600
2010-04-06;1.15527500
2010-04-07;1.14842000
2010-04-08;1.16941500
2010-04-09;1.16303400
2010-04-12;1.14219900
2010-04-13;1.14496000
2010-04-14;1.14512300
2010-04-15;1.15253200
2010-04-16;1.13093000
2010-04-19;1.14830700
2010-04-20;1.15206300
2010-04-21;1.14857300
2010-04-22;1.16135800
2010-04-23;1.16651400
2010-04-26;1.15465600
2010-04-27;1.14148100
2010-04-28;1.16285900
2010-04-29;1.16906500
2010-04-30;1.14094200
2010-05-03;1.16279400
2010-05-04;1.16809200
2010-05-05;1.18905700
2010-05-06;1.16934300
2010-05-07;1.16556800
2010-05-10;1.17754200
2010-05-11;1.18801600
2010-05-12;1.19350200
2010-05-13;1.18956500
2010-05-14;1.18078000
2010-05-17;1.21545600
2010-05-18;1.18108800
2010-05-19;1.19876200
2010-05-20;1.16699200
2010-05-21;1.15845000
2010-05-25;1.17035100
2010-05-26;1.14634700
2010-05-27;1.18635700
2010-05-28;1.15206400
2010-05-31;1.15762000
2010-06-01;1.14184000
2010-06-02;1.18231700
2010-06-03;1.19110800
2010-06-04;1.19085000
2010-06-07;1.18348500
2010-06-08;1.20270500
2010-06-09;1.17637000
2010-06-10;1.19487300
2010-06-11;1.19789600
2010-06-14;1.19496500
2010-06-15;1.22651900
2010-06-16;1.21145300
2010-06-17;1.21560100
2010-06-18;1.20648500
2010-06-21;1.19843000
2010-06-22;1.19738900
2010-06-23;1.19967700
2010-06-24;1.18772400
2010-06-25;1.20975300
2010-06-28;1.20588500
2010-06-29;1.17721700
2010-06-30;1.16358900
2010-07-01;1.15987800
2010-07-02;1.13846100
2010-07-05;1.13150700
2010-07-06;1.14014900
2010-07-07;1.16320100
2010-07-08;1.15434300
2010-07-09;1.16077200
2010-07-12;1.16878800
2010-07-13;1.16902900
2010-07-14;1.16204400
2010-07-15;1.16501500
2010-07-16;1.13008800
2010-07-19;1.16524500
2010-07-20;1.17598900
2010-07-21;1.15922600
2010-07-22;1.17944700
2010-07-23;1.20361800
2010-07-26;1.20514300
2010-07-27;1.18870000
2010-07-28;1.17179800
2010-07-29;1.17151500
2010-07-30;1.17489400
2010-08-02;1.17971600
2010-08-03;1.17014000
2010-08-04;1.18092100
2010-08-05;1.17939700
2010-08-06;1.16925800
2010-08-09;1.16603300
2010-08-10;1.17631200
2010-08-11;1.16086900
2010-08-12;1.16311200
2010-08-13;1.16456000
2010-08-16;1.16326600
2010-08-17;1.16338900
2010-08-18;1.16307200
2010-08-19;1.14496400
2010-08-23;1.15787300
2010-08-24;1.16157300
2010-08-25;1.16400300
2010-08-26;1.15009100
2010-08-27;1.17077700
2010-08-30;1.15459600
2010-08-31;1.17283700
2010-09-01;1.19741200
2010-09-02;1.19324800
2010-09-03;1.20413200
2010-09-06;1.19692800
2010-09-07;1.20554400
2010-09-08;1.21722800
2010-09-09;1.22310300
2010-09-10;1.21304800
2010-09-13;1.22462600
2010-09-14;1.20876700
2010-09-15;1.20736200
2010-09-16;1.19869000
2010-09-17;1.18663500
2010-09-20;1.20393300
2010-09-21;1.19707200
2010-09-22;1.17392500
2010-09-23;1.16587900
2010-09-24;1.16943900
2010-09-27;1.16556200
2010-09-28;1.16534100
2010-09-29;1.15151900
2010-09-30;1.14824300
2010-10-01;1.13024500
2010-10-04;1.12744500
2010-10-05;1.14297800
2010-10-06;1.12842700
2010-10-07;1.12591400
2010-10-08;1.14950700
2010-10-11;1.14438700
2010-10-12;1.15645900
2010-10-13;1.14594500
2010-10-14;1.13443400
2010-10-15;1.14209800
2010-10-18;1.17905700
2010-10-19;1.16252100
2010-10-20;1.17203300
2010-10-21;1.14714700
2010-10-22;1.16250000
2010-10-25;1.14815700
2010-10-26;1.15253500
2010-10-27;1.16108000
2010-10-28;1.15054800
2010-10-29;1.14207900
2010-11-02;1.14527500
2010-11-03;1.14927500
2010-11-04;1.15612000
2010-11-05;1.17475300
2010-11-08;1.18994900
2010-11-09;1.18243800
2010-11-10;1.20221900
2010-11-11;1.20028900
2010-11-12;1.19539600
2010-11-15;1.19573500
2010-11-16;1.17635500
2010-11-17;1.19091400
2010-11-18;1.19214600
2010-11-19;1.18667900
2010-11-22;1.18543400
2010-11-23;1.18769100
2010-11-24;1.20951100
2010-11-25;1.21578400
2010-11-26;1.21848900
2010-11-29;1.24282100
2010-11-30;1.23287500
2010-12-01;1.25184800
2010-12-02;1.24975000
2010-12-03;1.25384100
2010-12-06;1.25160200
2010-12-07;1.23714500
2010-12-08;1.25381100
2010-12-09;1.25842500
2010-12-10;1.25838900
2010-12-13;1.25584600
2010-12-14;1.24613100
2010-12-15;1.24425300
2010-12-16;1.25311500
2010-12-17;1.24610800
2010-12-20;1.26888100
2010-12-21;1.26661700
2010-12-22;1.26997700
2010-12-23;1.28561900
2010-12-27;1.28147700
2010-12-28;1.27867700
2010-12-29;1.29484900
2010-12-30;1.28418800
2010-12-31;1.27250200
2011-01-03;1.28810800
2011-01-04;1.26594600
2011-01-05;1.27919700
2011-01-06;1.28524400
2011-01-07;1.29658800
2011-01-10;1.31015200
2011-01-11;1.31288000
2011-01-12;1.30854000
2011-01-13;1.27574900
2011-01-14;1.28553900
2011-01-17;1.29266600
2011-01-18;1.27139300
2011-01-19;1.25868100
2011-01-20;1.26559900
2011-01-21;1.26311800
2011-01-24;1.26392900
2011-01-25;1.26634400
2011-01-26;1.25819100
2011-01-27;1.24529700
2011-01-28;1.22651900
2011-01-31;1.24765400
2011-02-01;1.25301900
2011-02-02;1.23670200
2011-02-03;1.24484800
2011-02-04;1.25897600
2011-02-07;1.25972300
2011-02-08;1.26407300
2011-02-09;1.27041100
2011-02-10;1.27561200
2011-02-11;1.28926900
2011-02-14;1.29395900
2011-02-15;1.28316900
2011-02-16;1.28876200
2011-02-17;1.28708700
2011-02-18;1.28902500
2011-02-21;1.28793500
2011-02-22;1.26200400
2011-02-23;1.26048100
2011-02-24;1.25923700
2011-02-25;1.26467700
2011-02-28;1.27104500
2011-03-01;1.24533100
2011-03-02;1.24523700
2011-03-03;1.26548800
2011-03-04;1.25640700
2011-03-07;1.23342000
2011-03-08;1.24664500
2011-03-09;1.25767400
2011-03-10;1.23547400
2011-03-11;1.24762600
2011-03-16;1.17845500
2011-03-17;1.19506000
2011-03-18;1.20114500
2011-03-21;1.20637500
2011-03-22;1.19218700
2011-03-23;1.19452600
2011-03-24;1.20756400
2011-03-25;1.19209200
2011-03-28;1.19745700
2011-03-29;1.20173600
2011-03-30;1.21201100
2011-03-31;1.19379200
2011-04-01;1.20673300
2011-04-04;1.20479500
2011-04-05;1.20134100
2011-04-06;1.19012300
2011-04-07;1.18865200
2011-04-08;1.18345400
2011-04-11;1.17721500
2011-04-12;1.17588900
2011-04-13;1.17643200
2011-04-14;1.17828900
2011-04-15;1.18394500
2011-04-18;1.17662700
2011-04-19;1.17940500
2011-04-20;1.17889700
2011-04-21;1.17363600
2011-04-22;1.18117600
2011-04-26;1.18455600
2011-04-27;1.18674600
2011-04-28;1.17757500
2011-04-29;1.18023200
2011-05-02;1.18145600
2011-05-03;1.17832600
2011-05-04;1.16997500
2011-05-05;1.16924400
2011-05-06;1.18436900
2011-05-09;1.20886300
2011-05-10;1.20573400
2011-05-11;1.19709500
2011-05-12;1.21747600
2011-05-13;1.20834000
2011-05-16;1.21227000
2011-05-17;1.21113000
2011-05-18;1.21057300
2011-05-19;1.22041100
2011-05-20;1.21525600
2011-05-23;1.21865100
2011-05-24;1.21313300
2011-05-25;1.21694500
2011-05-26;1.21476600
2011-05-27;1.21587800
2011-05-30;1.20520700
2011-05-31;1.20563400
2011-06-01;1.18055600
2011-06-02;1.18042000
2011-06-03;1.16559300
2011-06-06;1.14132600
2011-06-07;1.14148400
2011-06-08;1.13765300
2011-06-09;1.14856400
2011-06-10;1.13508500
2011-06-14;1.15575600
2011-06-15;1.14305900
2011-06-16;1.16616800
2011-06-17;1.17095900
2011-06-20;1.17162100
2011-06-21;1.17239300
2011-06-22;1.15238100
2011-06-23;1.17260700
2011-06-24;1.16371700
2011-06-27;1.16653100
2011-06-28;1.17243600
2011-06-29;1.18030000
2011-06-30;1.17451500
2011-07-01;1.17901100
2011-07-04;1.17724800
2011-07-05;1.17988100
2011-07-06;1.18952800
2011-07-07;1.18720900
2011-07-08;1.18335000
2011-07-11;1.19439900
2011-07-12;1.20968500
2011-07-13;1.20632600
2011-07-14;1.18607800
2011-07-15;1.20625000
2011-07-18;1.20742500
2011-07-19;1.20595100
2011-07-20;1.20872800
2011-07-21;1.19879500
2011-07-22;1.20753400
2011-07-25;1.20375600
2011-07-26;1.18873100
2011-07-27;1.16388700
2011-07-28;1.17962200
2011-07-29;1.18431300
2011-08-01;1.17222500
2011-08-02;1.15425100
2011-08-03;1.16800200
2011-08-04;1.11568600
2011-08-05;1.12485000
2011-08-08;1.05792200
2011-08-09;1.10674800
2011-08-10;1.06104700
2011-08-11;1.09879100
2011-08-12;1.10549300
2011-08-15;1.09395400
2011-08-16;1.09004400
2011-08-17;1.08079500
2011-08-18;1.07122700
2011-08-19;1.03642100
2011-08-22;1.04536400
2011-08-23;1.06715600
2011-08-24;1.07928300
2011-08-25;1.06958700
2011-08-26;1.07546500
2011-08-29;1.09446000
2011-08-30;1.09752200
2011-08-31;1.10502000
2011-09-01;1.11282700
2011-09-02;1.09918800
2011-09-05;1.11561900
2011-09-06;1.10037200
2011-09-07;1.12194800
2011-09-08;1.11950000
2011-09-09;1.11910200
2011-09-12;1.13938200
2011-09-13;1.14099100
2011-09-14;1.17630600
2011-09-15;1.17553800
2011-09-16;1.18698200
2011-09-19;1.20269300
2011-09-20;1.18387000
2011-09-21;1.16168900
2011-09-22;1.14340100
2011-09-23;1.13614200
2011-09-26;1.17004400
2011-09-27;1.16222200
2011-09-28;1.14985100
2011-09-29;1.17226000
2011-09-30;1.16744000
2011-10-03;1.15011000
2011-10-04;1.19201700
2011-10-05;1.20568000
2011-10-06;1.21411600
2011-10-07;1.19694200
2011-10-10;1.22348600
2011-10-11;1.22776100
2011-10-12;1.20565600
2011-10-13;1.21286100
2011-10-14;1.22370700
2011-10-17;1.21700300
2011-10-18;1.25617600
2011-10-19;1.21619700
2011-10-20;1.23249900
2011-10-21;1.24741900
2011-10-24;1.26436300
2011-10-25;1.23466600
2011-10-26;1.27041000
2011-10-27;1.28866500
2011-10-28;1.28920200
2011-11-02;1.28378300
2011-11-03;1.30281600
2011-11-04;1.28997300
2011-11-07;1.30776500
2011-11-08;1.32112400
2011-11-09;1.28432800
2011-11-10;1.32540500
2011-11-11;1.31720900
2011-11-14;1.32488400
2011-11-15;1.34341700
2011-11-16;1.31103500
2011-11-17;1.27877600
2011-11-18;1.26549200
2011-11-21;1.24736000
2011-11-22;1.23670700
2011-11-23;1.24360000
2011-11-24;1.23432000
2011-11-25;1.26699600
2011-11-28;1.27045800
2011-11-29;1.28066500
2011-11-30;1.30581600
2011-12-01;1.29108900
2011-12-02;1.29469600
2011-12-05;1.29698100
2011-12-06;1.29899100
2011-12-07;1.30042000
2011-12-08;1.29439100
2011-12-09;1.32419300
2011-12-12;1.29983400
2011-12-13;1.29316400
2011-12-14;1.28550900
2011-12-15;1.28480500
2011-12-16;1.29694100
2011-12-19;1.27845100
2011-12-20;1.30443100
2011-12-21;1.30383400
2011-12-22;1.32989500
2011-12-23;1.34193900
2011-12-27;1.34010600
2011-12-28;1.33968300
2011-12-29;1.36748400
2011-12-30;1.37033300
2012-01-02;1.38499300
2012-01-03;1.40637800
2012-01-04;1.41925600
2012-01-05;1.43979800
2012-01-06;1.41292200
2012-01-09;1.40970700
2012-01-10;1.42352500
2012-01-11;1.42351700
2012-01-12;1.39982400
2012-01-13;1.41329100
2012-01-16;1.41252900
2012-01-17;1.41086200
2012-01-18;1.40936500
2012-01-19;1.39381000
2012-01-20;1.40568200
2012-01-23;1.37411200
2012-01-24;1.37803100
2012-01-25;1.38240100
2012-01-26;1.34087500
2012-01-27;1.34657800
2012-01-30;1.34364900
2012-01-31;1.33060000
2012-02-01;1.33320700
2012-02-02;1.34804800
2012-02-03;1.35682900
2012-02-06;1.37276700
2012-02-07;1.36185200
2012-02-08;1.34493500
2012-02-09;1.35226800
2012-02-10;1.34332500
2012-02-13;1.34866600
2012-02-14;1.35048100
2012-02-15;1.34512700
2012-02-16;1.39243100
2012-02-17;1.36691400
2012-02-20;1.35361400
2012-02-21;1.34284900
2012-02-22;1.34346000
2012-02-23;1.34600400
2012-02-24;1.34657200
2012-02-27;1.35591800
2012-02-28;1.35416800
2012-02-29;1.34078600
2012-03-01;1.35377900
2012-03-02;1.35346700
2012-03-05;1.37214100
2012-03-06;1.35306800
2012-03-07;1.38872100
2012-03-08;1.37611100
2012-03-09;1.37918800
2012-03-12;1.38062300
2012-03-13;1.40397800
2012-03-14;1.39809200
2012-03-19;1.38444900
2012-03-20;1.38815300
2012-03-21;1.39370500
2012-03-22;1.39194500
2012-03-23;1.38699600
2012-03-24;1.38699600
2012-03-26;1.38935400
2012-03-27;1.37675700
2012-03-28;1.37635500
2012-03-29;1.39879100
2012-03-30;1.39413500
2012-04-02;1.39623400
2012-04-03;1.38694400
2012-04-04;1.38579600
2012-04-05;1.39422800
2012-04-06;1.39422800
2012-04-10;1.36242600
2012-04-11;1.38651200
2012-04-12;1.39697800
2012-04-13;1.37353800
2012-04-16;1.39858100
2012-04-17;1.39889900
2012-04-18;1.39661100
2012-04-19;1.38693900
2012-04-20;1.38633700
2012-04-23;1.38061600
2012-04-24;1.38436100
2012-04-25;1.36794300
2012-04-26;1.35191900
2012-04-27;1.35946400
2012-05-02;1.34061200
2012-05-03;1.33032700
2012-05-04;1.31792800
2012-05-07;1.34274300
2012-05-08;1.33285600
2012-05-09;1.34912400
2012-05-10;1.34364900
2012-05-11;1.33741000
2012-05-14;1.34077900
2012-05-15;1.33014200
2012-05-16;1.35000200
2012-05-17;1.33553000
2012-05-18;1.34111100
2012-05-21;1.34870100
2012-05-22;1.34304100
2012-05-23;1.37537400
2012-05-24;1.37622200
2012-05-25;1.36480100
2012-05-29;1.38010800
2012-05-30;1.36697900
2012-05-31;1.39152300
2012-06-01;1.37231500
2012-06-04;1.35151000
2012-06-05;1.37213000
2012-06-06;1.37956100
2012-06-07;1.35030600
2012-06-08;1.37895000
2012-06-11;1.33826600
2012-06-12;1.37221200
2012-06-13;1.36331300
2012-06-14;1.37365200
2012-06-15;1.37007400
2012-06-18;1.35577100
2012-06-19;1.35164400
2012-06-20;1.34870100
2012-06-21;1.31496200
2012-06-22;1.33628200
2012-06-25;1.31942300
2012-06-26;1.32937200
2012-06-27;1.33617200
2012-06-28;1.34882600
2012-06-29;1.34979300
2012-07-02;1.35782900
2012-07-03;1.36965800
2012-07-04;1.37134300
2012-07-05;1.37601300
2012-07-06;1.39305200
2012-07-09;1.39502800
2012-07-10;1.37035500
2012-07-11;1.37813800
2012-07-12;1.38200000
2012-07-13;1.40645500
2012-07-16;1.39890400
2012-07-17;1.39043100
2012-07-18;1.39280900
2012-07-19;1.39582600
2012-07-20;1.39555700
2012-07-23;1.38982100
2012-07-24;1.37653400
2012-07-25;1.38427300
2012-07-26;1.36979200
2012-07-27;1.37297100
2012-07-30;1.38738900
2012-07-31;1.36741800
2012-08-01;1.36889300
2012-08-02;1.36129800
2012-08-03;1.37233900
2012-08-06;1.36968300
2012-08-07;1.37529400
2012-08-08;1.38275800
2012-08-09;1.38479500
2012-08-10;1.39686000
2012-08-13;1.39516000
2012-08-14;1.39060100
2012-08-15;1.39410100
2012-08-16;1.41009300
2012-08-17;1.40147100
2012-08-21;1.38798700
2012-08-22;1.38305800
2012-08-23;1.36624600
2012-08-24;1.37762700
2012-08-27;1.37739400
2012-08-28;1.39311400
2012-08-29;1.39590700
2012-08-30;1.39141300
2012-08-31;1.39565200
2012-09-03;1.40086300
2012-09-04;1.38895000
2012-09-05;1.40159000
2012-09-06;1.43137600
2012-09-07;1.40747300
2012-09-10;1.40364200
2012-09-11;1.40793100
2012-09-12;1.39286200
2012-09-13;1.41834300
2012-09-14;1.40347200
2012-09-17;1.39741700
2012-09-18;1.40326200
2012-09-19;1.40844400
2012-09-20;1.41321600
2012-09-21;1.39178600
2012-09-24;1.41209000
2012-09-25;1.39884100
2012-09-26;1.40351500
2012-09-27;1.41528900
2012-09-28;1.41330300
2012-10-01;1.40698900
2012-10-02;1.41517600
2012-10-03;1.41494800
2012-10-04;1.42530300
2012-10-05;1.40353900
2012-10-08;1.40748600
2012-10-09;1.39565300
2012-10-10;1.38971500
2012-10-11;1.39214500
2012-10-12;1.37519200
2012-10-15;1.37482300
2012-10-16;1.38292900
2012-10-17;1.38693400
2012-10-18;1.37214900
2012-10-19;1.36800500
2012-10-24;1.37125900
2012-10-25;1.36164000
2012-10-26;1.37894600
2012-10-27;1.37894600
2012-10-29;1.38698600
2012-10-30;1.39044000
2012-10-31;1.38026100
2012-11-05;1.39559700
2012-11-06;1.40932100
2012-11-07;1.38856400
2012-11-08;1.38537700
2012-11-09;1.38291200
2012-11-12;1.38424400
2012-11-13;1.38861300
2012-11-14;1.36632900
2012-11-15;1.36681600
2012-11-16;1.36894700
2012-11-19;1.38712100
2012-11-20;1.37578800
2012-11-21;1.37744400
2012-11-22;1.36242100
2012-11-23;1.38158200
2012-11-26;1.38002600
2012-11-27;1.37167100
2012-11-28;1.38340300
2012-11-29;1.37532800
2012-11-30;1.37950200
2012-12-01;1.37950200
2012-12-03;1.37869800
2012-12-04;1.37754700
2012-12-05;1.38311500
2012-12-06;1.38749700
2012-12-07;1.40617600
2012-12-10;1.41322600
2012-12-11;1.40756600
2012-12-12;1.40720000
2012-12-13;1.39986900
2012-12-14;1.39995400
2012-12-17;1.42002200
2012-12-18;1.43231300
2012-12-19;1.41778000
2012-12-20;1.42226100
2012-12-21;1.41640100
2012-12-27;1.43613800
2012-12-28;1.42161500
2012-12-31;1.44262500
2013-01-02;1.46843000
2013-01-03;1.46349800
2013-01-04;1.48326500
2013-01-07;1.47596000
2013-01-08;1.46925300
2013-01-09;1.47514800
2013-01-10;1.47599200
2013-01-11;1.48682500
2013-01-14;1.48566400
2013-01-15;1.46731700
2013-01-16;1.48221600
2013-01-17;1.47024500
2013-01-18;1.47284600
2013-01-21;1.47539900
2013-01-22;1.48504800
2013-01-23;1.48479600
2013-01-24;1.49349800
2013-01-25;1.50228900
2013-01-28;1.49508800
2013-01-29;1.50587100
2013-01-30;1.48314900
2013-01-31;1.46245100
2013-02-01;1.46240200
2013-02-04;1.45254200
2013-02-05;1.46903600
2013-02-06;1.47411700
2013-02-07;1.46717200
2013-02-08;1.48171600
2013-02-11;1.47702700
2013-02-12;1.48654100
2013-02-13;1.46943600
2013-02-14;1.49066600
2013-02-15;1.48882600
2013-02-18;1.48553300
2013-02-19;1.49285000
2013-02-20;1.46976200
2013-02-21;1.48882800
2013-02-22;1.50232600
2013-02-25;1.48009400
2013-02-26;1.50036500
2013-02-27;1.53208000
2013-02-28;1.52644500
2013-03-01;1.53142700
2013-03-04;1.55044900
2013-03-05;1.56262300
2013-03-06;1.57472200
2013-03-07;1.57483200
2013-03-08;1.56760800
2013-03-11;1.60390800
2013-03-12;1.61242000
2013-03-13;1.62122400
2013-03-14;1.63161200
2013-03-18;1.63005100
2013-03-19;1.61732500
2013-03-20;1.62504000
2013-03-21;1.61779900
2013-03-22;1.64013500
2013-03-25;1.62867500
2013-03-26;1.63669200
2013-03-27;1.63189500
2013-03-28;1.64394000
2013-04-02;1.62461900
2013-04-03;1.60813200
2013-04-04;1.60844200
2013-04-05;1.59400900
2013-04-08;1.57356500
2013-04-09;1.57602600
2013-04-10;1.58508000
2013-04-11;1.59335400
2013-04-12;1.58889700
2013-04-15;1.54948400
2013-04-16;1.55589000
2013-04-17;1.54157400
2013-04-18;1.55266900
2013-04-19;1.56738900
2013-04-22;1.57940600
2013-04-23;1.61168500
2013-04-24;1.61091000
2013-04-25;1.62203900
2013-04-26;1.62474400
2013-04-29;1.62963300
2013-04-30;1.63219300
2013-05-02;1.60461600
2013-05-03;1.61414900
2013-05-06;1.61852800
2013-05-07;1.63107300
2013-05-08;1.62178800
2013-05-09;1.60440700
2013-05-10;1.62320000
2013-05-13;1.63183700
2013-05-14;1.64855800
2013-05-15;1.64405000
2013-05-16;1.63937100
2013-05-17;1.65153000
2013-05-21;1.64965000
2013-05-22;1.62308400
2013-05-23;1.63394500
2013-05-24;1.60861400
2013-05-27;1.60647700
2013-05-28;1.61601400
2013-05-29;1.60402200
2013-05-30;1.60781600
2013-05-31;1.61393200
2013-06-03;1.60243400
2013-06-04;1.59386300
2013-06-05;1.57518300
2013-06-06;1.59286900
2013-06-07;1.59845000
2013-06-10;1.60254000
2013-06-11;1.59400800
2013-06-12;1.57153500
2013-06-13;1.58025800
2013-06-14;1.54653000
2013-06-17;1.55777400
2013-06-18;1.56392100
2013-06-19;1.55416900
2013-06-20;1.55382700
2013-06-21;1.55651600
2013-06-24;1.55571900
2013-06-25;1.54862000
2013-06-26;1.57105500
2013-06-27;1.57176700
2013-06-28;1.56617300
2013-07-01;1.57303000
2013-07-02;1.56827300
2013-07-03;1.57990800
2013-07-04;1.57709700
2013-07-05;1.59725700
2013-07-08;1.61330700
2013-07-09;1.61222800
2013-07-10;1.61791300
2013-07-11;1.62233800
2013-07-12;1.61343300
2013-07-15;1.61720300
2013-07-16;1.61434600
2013-07-17;1.61326300
2013-07-18;1.62933400
2013-07-19;1.63338300
2013-07-22;1.63294400
2013-07-23;1.63254800
2013-07-24;1.63180300
2013-07-25;1.63813700
2013-07-26;1.62359200
2013-07-29;1.62218200
2013-07-30;1.62994100
2013-07-31;1.63334200
2013-08-01;1.65224400
2013-08-02;1.64674900
2013-08-05;1.64644200
2013-08-06;1.64345300
2013-08-07;1.63992400
2013-08-08;1.64100700
2013-08-09;1.62897300
2013-08-12;1.63524700
2013-08-13;1.64916100
2013-08-14;1.65132000
2013-08-15;1.63504600
2013-08-16;1.62970300
2013-08-21;1.60800500
2013-08-22;1.62472500
2013-08-23;1.62363300
2013-08-26;1.61712000
2013-08-27;1.60426800
2013-08-28;1.61125600
2013-08-29;1.61860400
2013-08-30;1.61148900
2013-09-02;1.61144300
2013-09-03;1.63742700
2013-09-04;1.64865500
2013-09-05;1.64924600
2013-09-06;1.65941900
2013-09-09;1.66366900
2013-09-10;1.66566200
2013-09-11;1.66459000
2013-09-12;1.66707100
2013-09-13;1.66987600
2013-09-16;1.66372500
2013-09-17;1.66708700
2013-09-18;1.68891800
2013-09-19;1.64909100
2013-09-20;1.65232600
2013-09-23;1.64888700
2013-09-24;1.65502700
2013-09-25;1.65931900
2013-09-26;1.66087600
2013-09-27;1.65779300
2013-09-30;1.64161700
2013-10-01;1.63335200
2013-10-02;1.63872800
2013-10-03;1.61412900
2013-10-04;1.62396800
2013-10-07;1.61499400
2013-10-08;1.59680700
2013-10-09;1.60707500
2013-10-10;1.63299600
2013-10-11;1.62970200
2013-10-14;1.63996800
2013-10-15;1.63451900
2013-10-16;1.65382600
2013-10-17;1.65588200
2013-10-18;1.64977500
2013-10-21;1.65033700
2013-10-22;1.64683000
2013-10-24;1.64175100
2013-10-25;1.63719000
2013-10-28;1.63629300
2013-10-29;1.64876700
2013-10-30;1.64994600
2013-10-31;1.65559600
2013-11-04;1.69027900
2013-11-05;1.68381700
2013-11-06;1.69533700
2013-11-07;1.68824700
2013-11-08;1.71181300
2013-11-11;1.70390800
2013-11-12;1.71140400
2013-11-13;1.71717400
2013-11-14;1.71476600
2013-11-15;1.72677500
2013-11-18;1.71000500
2013-11-19;1.70338500
2013-11-20;1.69608000
2013-11-21;1.71949700
2013-11-22;1.71883200
2013-11-25;1.71767300
2013-11-26;1.71156500
2013-11-27;1.71130000
2013-11-28;1.71506300
2013-11-29;1.72221600
2013-12-02;1.73070400
2013-12-03;1.72097600
2013-12-04;1.71143600
2013-12-05;1.70242100
2013-12-06;1.71046100
2013-12-09;1.70131700
2013-12-10;1.69461500
2013-12-11;1.68038800
2013-12-12;1.68049200
2013-12-13;1.68081600
2013-12-16;1.67920300
2013-12-17;1.65776100
2013-12-18;1.68155000
2013-12-19;1.69021000
2013-12-20;1.69988400
2013-12-23;1.70698600
2013-12-30;1.70924700
2013-12-31;1.71165500
2014-01-02;1.70182000
2014-01-03;1.71645000
2014-01-06;1.72320000
2014-01-07;1.73545400
2014-01-08;1.73415300
2014-01-09;1.73344100
2014-01-10;1.74018900
2014-01-13;1.71365000
2014-01-14;1.72914800
2014-01-15;1.74475200
2014-01-16;1.74746100
2014-01-17;1.74386000
2014-01-20;1.75470100
2014-01-21;1.77017200
2014-01-22;1.76741800
2014-01-23;1.75224100
2014-01-24;1.72368500
2014-01-27;1.71426500
2014-01-28;1.71928200
2014-01-29;1.73140700
2014-01-30;1.76839900
2014-01-31;1.75328100
2014-02-03;1.72907400
2014-02-04;1.73468300
2014-02-05;1.71631700
2014-02-06;1.74193500
2014-02-07;1.75864900
2014-02-10;1.75931500
2014-02-11;1.77375000
2014-02-12;1.77082500
2014-02-13;1.79585000
2014-02-14;1.78439400
2014-02-17;1.78439600
2014-02-18;1.78636200
2014-02-19;1.79480300
2014-02-20;1.81331200
2014-02-21;1.80037000
2014-02-24;1.80081800
2014-02-25;1.79830400
2014-02-26;1.78722900
2014-02-27;1.81797400
2014-02-28;1.80571100
2014-03-03;1.79325300
2014-03-04;1.81426600
2014-03-05;1.80517800
2014-03-06;1.81068100
2014-03-07;1.79066600
2014-03-10;1.79630500
2014-03-11;1.79879800
2014-03-12;1.79993600
2014-03-13;1.75711200
2014-03-14;1.76840900
2014-03-17;1.77553500
2014-03-18;1.78482100
2014-03-19;1.75996600
2014-03-20;1.78255600
2014-03-21;1.78077600
2014-03-24;1.78390700
2014-03-25;1.78638000
2014-03-26;1.78311800
2014-03-27;1.79249700
2014-03-28;1.78990300
2014-03-31;1.78213000
2014-04-01;1.78833500
2014-04-02;1.79305000
2014-04-03;1.79795100
2014-04-04;1.78721700
2014-04-07;1.77186400
2014-04-08;1.76128500
2014-04-09;1.77157300
2014-04-10;1.74121100
2014-04-11;1.72974400
2014-04-14;1.75626100
2014-04-15;1.75896500
2014-04-16;1.77150000
2014-04-17;1.77720200
2014-04-22;1.78621900
2014-04-23;1.77996100
2014-04-24;1.78983500
2014-04-25;1.78520900
2014-04-28;1.78752100
2014-04-29;1.79501700
2014-04-30;1.79922600
2014-05-05;1.78790700
2014-05-06;1.77449900
2014-05-07;1.77631300
2014-05-08;1.75713700
2014-05-09;1.76912500
2014-05-12;1.78689300
2014-05-13;1.78956000
2014-05-14;1.78929700
2014-05-15;1.78055600
2014-05-16;1.79216200
2014-05-19;1.79306700
2014-05-20;1.78758100
2014-05-21;1.79446500
2014-05-22;1.79628000
2014-05-23;1.80606000
2014-05-26;1.80071200
2014-05-27;1.81533500
2014-05-28;1.81692100
2014-05-29;1.81850400
2014-05-30;1.81916800
2014-06-02;1.82366100
2014-06-03;1.82915600
2014-06-04;1.83851300
2014-06-05;1.84350500
2014-06-06;1.84050100
2014-06-10;1.85407100
2014-06-11;1.86007500
2014-06-12;1.85908500
2014-06-13;1.86169500
2014-06-16;1.87078100
2014-06-17;1.86654900
2014-06-18;1.88190900
2014-06-19;1.86713900
2014-06-20;1.87138200
2014-06-23;1.87271600
2014-06-24;1.85557200
2014-06-25;1.86105400
2014-06-26;1.86481600
2014-06-27;1.87573200
2014-06-30;1.88153800
2014-07-01;1.88748400
2014-07-02;1.90527600
2014-07-03;1.92009300
2014-07-04;1.91923500
2014-07-07;1.90006600
2014-07-08;1.88073700
2014-07-09;1.88412700
2014-07-10;1.87517800
2014-07-11;1.88049700
2014-07-14;1.88367800
2014-07-15;1.88027700
2014-07-16;1.89536500
2014-07-17;1.88163000
2014-07-18;1.89987800
2014-07-21;1.89059400
2014-07-22;1.90253000
2014-07-23;1.89642500
2014-07-24;1.89957100
2014-07-25;1.89985500
2014-07-28;1.90228100
2014-07-29;1.90653500
2014-07-30;1.91361500
2014-07-31;1.89158700
2014-08-01;1.89678000
2014-08-04;1.89557300
2014-08-05;1.89955600
2014-08-06;1.90067000
2014-08-07;1.88968100
2014-08-08;1.89667800
2014-08-11;1.89498700
2014-08-12;1.89625600
2014-08-13;1.90872900
2014-08-14;1.91384900
2014-08-15;1.90195400
2014-08-18;1.92609200
2014-08-19;1.93360800
2014-08-21;1.95258800
2014-08-22;1.94432300
2014-08-25;1.96017900
2014-08-26;1.96398200
2014-08-27;1.96502900
2014-08-28;1.95964400
2014-08-29;1.97711900
2014-09-01;1.97792200
2014-09-02;1.98273100
2014-09-03;1.98584900
2014-09-04;1.97410600
2014-09-05;2.00584900
2014-09-08;1.99798900
2014-09-09;2.01508600
2014-09-10;2.01181900
2014-09-11;1.99858700
2014-09-12;1.99351300
2014-09-15;1.99178700
2014-09-16;1.99474700
2014-09-17;1.98618300
2014-09-18;1.99561800
2014-09-19;1.98599700
2014-09-22;1.98345000
2014-09-23;1.95716400
2014-09-24;1.97109000
2014-09-25;1.96216400
2014-09-26;1.97525100
2014-09-29;1.98535000
2014-09-30;1.96792300
2014-10-01;1.95664900
2014-10-02;1.93653200
2014-10-03;1.96879500
2014-10-06;1.95945600
2014-10-07;1.90968400
2014-10-08;1.93703300
2014-10-09;1.87522400
2014-10-10;1.86886900
2014-10-13;1.84749100
2014-10-14;1.85432300
2014-10-15;1.84442700
2014-10-16;1.83380100
2014-10-17;1.84443800
2014-10-20;1.86325200
2014-10-21;1.88476700
2014-10-22;1.88231100
2014-10-27;1.92192900
2014-10-28;1.94278000
2014-10-29;1.92855500
2014-10-30;1.96201500
2014-10-31;1.97333500
2014-11-03;1.98296800
2014-11-04;1.97665000
2014-11-05;1.98765900
2014-11-06;1.98949500
2014-11-07;2.00430600
2014-11-10;1.99550600
2014-11-11;2.00475100
2014-11-12;1.99377000
2014-11-13;1.98191200
2014-11-14;1.98703800
2014-11-17;1.98020100
2014-11-18;1.99133100
2014-11-19;1.97906300
2014-11-20;1.97775000
2014-11-21;1.99973500
2014-11-24;2.01215700
2014-11-25;2.01918700
2014-11-26;2.02123700
2014-11-27;2.02741000
2014-11-28;2.02161200
2014-12-01;2.00644300
2014-12-02;2.01725600
2014-12-03;2.04173000
2014-12-04;2.03794500
2014-12-05;2.03437400
2014-12-08;2.03220100
2014-12-09;2.00748700
2014-12-10;1.98464900
2014-12-11;1.98657700
2014-12-12;1.96419400
2014-12-15;1.93572400
2014-12-16;1.95040000
2014-12-17;1.98696000
2014-12-18;2.05796700
2014-12-19;2.06702100
2014-12-22;2.08523300
2014-12-23;2.07388900
2014-12-29;2.09234600
2014-12-30;2.08871600
2014-12-31;2.07364300
2015-01-05;2.09365500
2015-01-06;2.08519600
2015-01-07;2.11584600
2015-01-08;2.14344600
2015-01-09;2.12645000
2015-01-12;2.11964900
2015-01-13;2.12093300
2015-01-14;2.13620900
2015-01-15;2.15261800
2015-01-16;2.18648000
2015-01-19;2.16881500
2015-01-20;2.17985700
2015-01-21;2.17813500
2015-01-22;2.18639000
2015-01-23;2.21952600
2015-01-26;2.23171400
2015-01-27;2.21443500
2015-01-28;2.16952900
2015-01-29;2.20223300
2015-01-30;2.17096600
2015-02-02;2.18838200
2015-02-03;2.18661700
2015-02-04;2.17568800
2015-02-05;2.20385200
2015-02-06;2.18265300
2015-02-09;2.17807700
2015-02-10;2.22245800
2015-02-11;2.20860900
2015-02-12;2.22182700
2015-02-13;2.20413800
2015-02-16;2.21434800
2015-02-17;2.22627000
2015-02-18;2.23054000
2015-02-19;2.21332500
2015-02-20;2.23373600
2015-02-23;2.23887500
2015-02-24;2.25045900
2015-02-25;2.23570800
2015-02-26;2.21799800
2015-02-27;2.23977300
2015-03-02;2.25167800
2015-03-03;2.25546500
2015-03-04;2.27317700
2015-03-05;2.28289800
2015-03-06;2.28541600
2015-03-09;2.28341600
2015-03-10;2.29251700
2015-03-11;2.30970500
2015-03-12;2.31684300
2015-03-13;2.34579200
2015-03-16;2.35360900
2015-03-17;2.32759000
2015-03-18;2.35980100
2015-03-19;2.31568400
2015-03-20;2.35839400
2015-03-23;2.31311600
2015-03-24;2.29718700
2015-03-25;2.24899700
2015-03-26;2.25476400
2015-03-30;2.27543100
2015-03-31;2.27531500
2015-04-01;2.27901900
2015-04-02;2.26893600
2015-04-07;2.28300800
2015-04-08;2.27340500
2015-04-09;2.30113400
2015-04-10;2.34265600
2015-04-13;2.33705000
2015-04-14;2.31732800
2015-04-15;2.34357500
2015-04-16;2.36677600
2015-04-17;2.31620500
2015-04-20;2.33430300
2015-04-21;2.33037800
2015-04-22;2.33318700
2015-04-23;2.36377900
2015-04-24;2.33016600
2015-04-27;2.35404300
2015-04-28;2.33942800
2015-04-29;2.30662200
2015-04-30;2.25742200
2015-05-04;2.29804100
2015-05-05;2.26258700
2015-05-06;2.25855300
2015-05-07;2.25026500
2015-05-08;2.28221900
2015-05-11;2.29220600
2015-05-12;2.28937800
2015-05-13;2.28980100
2015-05-14;2.29597600
2015-05-15;2.29693900
2015-05-18;2.28831600
2015-05-19;2.32043200
2015-05-20;2.34474800
2015-05-21;2.33976100
2015-05-22;2.35644500
2015-05-26;2.36566500
2015-05-27;2.38456200
2015-05-28;2.37730300
2015-05-29;2.35911700
2015-06-01;2.37194000
2015-06-02;2.33652100
2015-06-03;2.35534800
2015-06-04;2.30661100
2015-06-05;2.33494200
2015-06-08;2.32591900
2015-06-09;2.28231600
2015-06-10;2.31017800
2015-06-11;2.32491700
2015-06-12;2.31862000
2015-06-15;2.30281100
2015-06-16;2.30378300
2015-06-17;2.29741100
2015-06-18;2.28339300
2015-06-19;2.30250000
2015-06-22;2.31184600
2015-06-23;2.34763800
2015-06-24;2.31413600
2015-06-25;2.32742900
2015-06-26;2.32809600
2015-06-29;2.29813900
2015-06-30;2.28739200
2015-07-01;2.31262600
2015-07-02;2.32410300
2015-07-03;2.31863200
2015-07-06;2.31309000
2015-07-07;2.33621800
2015-07-08;2.29506100
2015-07-09;2.30718000
2015-07-10;2.28017500
2015-07-13;2.31592500
2015-07-14;2.34277400
2015-07-15;2.33365300
2015-07-16;2.35874200
2015-07-17;2.35890200
2015-07-20;2.36893400
2015-07-21;2.36018000
2015-07-22;2.32602100
2015-07-23;2.31006000
2015-07-24;2.30979800
2015-07-27;2.27762200
2015-07-28;2.29095700
2015-07-29;2.30096900
2015-07-30;2.31043700
2015-07-31;2.28742900
2015-08-03;2.30201500
2015-08-04;2.30441100
2015-08-05;2.34414900
2015-08-06;2.33489500
2015-08-07;2.32374900
2015-08-10;2.34590900
2015-08-11;2.31474200
2015-08-12;2.29622000
2015-08-13;2.28358900
2015-08-14;2.27551800
2015-08-17;2.29003800
2015-08-18;2.27415300
2015-08-19;2.26487400
2015-08-24;2.03275200
2015-08-25;2.03081400
2015-08-26;2.13209900
2015-08-27;2.17436900
2015-08-28;2.18162000
2015-08-31;2.17972700
2015-09-01;2.10288200
2015-09-02;2.13439900
2015-09-03;2.14479600
2015-09-04;2.12053300
2015-09-07;2.12134200
2015-09-08;2.16800000
2015-09-09;2.14032800
2015-09-10;2.15945900
2015-09-11;2.15086800
2015-09-14;2.11934300
2015-09-15;2.13938500
2015-09-16;2.16431200
2015-09-17;2.15305000
2015-09-18;2.08035800
2015-09-21;2.11168100
2015-09-22;2.09267600
2015-09-23;2.09971600
2015-09-24;2.09887600
2015-09-25;2.12298100
2015-09-28;2.07861400
2015-09-29;2.06648800
2015-09-30;2.09494300
2015-10-01;2.10851900
2015-10-02;2.11753900
2015-10-05;2.15281200
2015-10-06;2.16535700
2015-10-07;2.17323500
2015-10-08;2.18760800
2015-10-09;2.17582900
2015-10-12;2.16447600
2015-10-13;2.14881000
2015-10-14;2.14353100
2015-10-15;2.15868600
2015-10-16;2.17023000
2015-10-19;2.16579500
2015-10-20;2.17217400
2015-10-21;2.16753200
2015-10-22;2.20613300
2015-10-26;2.26653200
2015-10-27;2.25920300
2015-10-28;2.27731400
2015-10-29;2.27860800
2015-10-30;2.25388600
2015-11-02;2.28495900
2015-11-03;2.30602400
2015-11-04;2.31985800
2015-11-05;2.32399300
2015-11-06;2.35003300
2015-11-09;2.32391500
2015-11-10;2.32023100
2015-11-11;2.30787100
2015-11-12;2.28818000
2015-11-13;2.26066300
2015-11-16;2.28966900
2015-11-17;2.30508800
2015-11-18;2.32149900
2015-11-19;2.31774900
2015-11-20;2.31474600
2015-11-23;2.32507900
2015-11-24;2.33416400
2015-11-25;2.34335100
2015-11-26;2.34762100
2015-11-27;2.34773700
2015-11-30;2.34228600
2015-12-01;2.35296100
2015-12-02;2.33637000
2015-12-03;2.27877500
2015-12-04;2.29596800
2015-12-07;2.28844700
2015-12-08;2.26749000
2015-12-09;2.24692000
2015-12-10;2.25947600
2015-12-11;2.23348000
2015-12-14;2.22356300
2015-12-15;2.23448400
2015-12-16;2.27833600
2015-12-17;2.26333700
2015-12-18;2.24174900
2015-12-21;2.23916500
2015-12-22;2.23899300
2015-12-23;2.26924800
2015-12-28;2.25161900
2015-12-29;2.27022200
2015-12-30;2.25617700
2015-12-31;2.26511300
2016-01-04;2.22348000
2016-01-05;2.25240200
2016-01-06;2.22756100
2016-01-07;2.16908100
2016-01-08;2.13860700
2016-01-11;2.14400500
2016-01-12;2.17416500
2016-01-13;2.12695500
2016-01-14;2.13938900
2016-01-15;2.08076200
2016-01-18;2.08255500
2016-01-19;2.09139700
2016-01-20;2.05409500
2016-01-21;2.06755700
2016-01-22;2.11261800
2016-01-25;2.08485100
2016-01-26;2.11393500
2016-01-27;2.10153500
2016-01-28;2.09956800
2016-01-29;2.13494700
2016-02-01;2.13064800
2016-02-02;2.08166600
2016-02-03;2.09556900
2016-02-04;2.05073300
2016-02-05;2.01737200
2016-02-08;2.00787600
2016-02-09;1.98810800
2016-02-10;1.97245300
2016-02-11;1.94243600
2016-02-12;1.96957900
2016-02-15;1.98361500
2016-02-16;2.02711500
2016-02-17;2.06469000
2016-02-18;2.05453500
2016-02-19;2.05831400
2016-02-22;2.07426700
2016-02-23;2.05561900
2016-02-24;2.07736600
2016-02-25;2.09555800
2016-02-26;2.09420800
2016-02-29;2.10192600
2016-03-01;2.14552800
2016-03-02;2.16037300
2016-03-03;2.16958400
2016-03-04;2.16693500
2016-03-07;2.16411800
2016-03-08;2.14557700
2016-03-09;2.15986400
2016-03-10;2.15875400
2016-03-11;2.17240600
2016-03-16;2.18372500
2016-03-17;2.15670800
2016-03-18;2.16519500
2016-03-21;2.16215600
2016-03-22;2.17459000
2016-03-23;2.17101400
2016-03-24;2.17534900
2016-03-29;2.19893700
2016-03-30;2.18545600
2016-03-31;2.17203300
2016-04-01;2.15748700
2016-04-04;2.15151200
2016-04-05;2.12750600
2016-04-06;2.14961200
2016-04-07;2.11604700
2016-04-08;2.14177400
2016-04-11;2.13624600
2016-04-12;2.14951600
2016-04-13;2.18566100
2016-04-14;2.19930400
2016-04-15;2.19874000
2016-04-18;2.20147000
2016-04-19;2.21508500
2016-04-20;2.20619700
2016-04-21;2.20936300
2016-04-22;2.21540700
2016-04-25;2.21485700
2016-04-26;2.22418200
2016-04-27;2.22184300
2016-04-28;2.19046000
2016-04-29;2.18481700
2016-05-02;2.17891800
2016-05-03;2.13164600
2016-05-04;2.14061600
2016-05-05;2.14764100
2016-05-06;2.15929300
2016-05-09;2.17048200
2016-05-10;2.20259700
2016-05-11;2.18465200
2016-05-12;2.18318500
2016-05-13;2.17713800
2016-05-17;2.18274700
2016-05-18;2.19668200
2016-05-19;2.19649500
2016-05-20;2.21373000
2016-05-23;2.20851500
2016-05-24;2.24071800
2016-05-25;2.25209200
2016-05-26;2.24434100
2016-05-27;2.24708200
2016-05-30;2.25598300
2016-05-31;2.24169900
2016-06-01;2.24350500
2016-06-02;2.23542300
2016-06-03;2.21442500
2016-06-06;2.21270800
2016-06-07;2.21770400
2016-06-08;2.21832600
2016-06-09;2.21391200
2016-06-10;2.18831500
2016-06-13;2.17516400
2016-06-14;2.17596400
2016-06-15;2.18459600
2016-06-16;2.20794900
2016-06-17;2.19086400
2016-06-20;2.18889300
2016-06-21;2.20593800
2016-06-22;2.22363300
2016-06-23;2.23467200
2016-06-24;2.20635200
2016-06-27;2.16623900
2016-06-28;2.20573900
2016-06-29;2.23728200
2016-06-30;2.24802500
2016-07-01;2.25791700
2016-07-04;2.25843000
2016-07-05;2.23138300
2016-07-06;2.24814500
2016-07-07;2.23801200
2016-07-08;2.25785600
2016-07-11;2.27592100
2016-07-12;2.27573700
2016-07-13;2.29016200
2016-07-14;2.29520700
2016-07-15;2.29138400
2016-07-18;2.31734200
2016-07-19;2.30308400
2016-07-20;2.32335600
2016-07-21;2.31545700
2016-07-22;2.31215200
2016-07-25;2.30954600
2016-07-26;2.30994900
2016-07-27;2.32123400
2016-07-28;2.29728100
2016-07-29;2.30630300
2016-08-01;2.28291800
2016-08-02;2.26363000
2016-08-03;2.25918000
2016-08-04;2.27765600
2016-08-05;2.28941200
2016-08-08;2.30158800
2016-08-09;2.30586000
2016-08-10;2.29557600
2016-08-11;2.30757400
2016-08-12;2.30185100
2016-08-15;2.30096400
2016-08-16;2.27885800
2016-08-17;2.28259300
2016-08-18;2.27674800
2016-08-19;2.26926900
2016-08-22;2.27003400
2016-08-23;2.27264200
2016-08-24;2.26471800
2016-08-25;2.26164600
2016-08-26;2.25177500
2016-08-29;2.27683100
2016-08-30;2.27515400
2016-08-31;2.28057900
2016-09-01;2.28781000
2016-09-02;2.30153400
2016-09-05;2.29685300
2016-09-06;2.31341800
2016-09-07;2.29725700
2016-09-08;2.28014800
2016-09-09;2.23659700
2016-09-12;2.27361800
2016-09-13;2.23624100
2016-09-14;2.23425800
2016-09-15;2.25419700
2016-09-16;2.23248300
2016-09-19;2.23871600
2016-09-20;2.24488100
2016-09-21;2.28021700
2016-09-22;2.27386100
2016-09-23;2.25853200
2016-09-26;2.23489300
2016-09-27;2.24398000
2016-09-28;2.26902400
2016-09-29;2.25195600
2016-09-30;2.27889000
2016-10-03;2.26004500
2016-10-04;2.25869600
2016-10-05;2.24743800
2016-10-06;2.24121900
2016-10-07;2.23740600
2016-10-10;2.23724300
2016-10-11;2.22470100
2016-10-12;2.24694500
2016-10-13;2.25278000
2016-10-14;2.24464400
2016-10-17;2.25298700
2016-10-18;2.26574000
2016-10-19;2.27565900
2016-10-20;2.28373000
2016-10-21;2.30436100
2016-10-24;2.30942500
2016-10-25;2.30442800
2016-10-26;2.30049800
2016-10-27;2.30289700
2016-10-28;2.29837900
2016-11-02;2.23321600
2016-11-03;2.22547100
2016-11-04;2.20514200
2016-11-07;2.24268900
2016-11-08;2.25312200
2016-11-09;2.25799500
2016-11-10;2.29311200
2016-11-11;2.30425600
2016-11-14;2.32313700
2016-11-15;2.33368500
2016-11-16;2.34336800
2016-11-17;2.34684400
2016-11-18;2.36100300
2016-11-21;2.36508400
2016-11-22;2.36061500
2016-11-23;2.39159900
2016-11-24;2.38842000
2016-11-25;2.38428700
2016-11-28;2.36730700
2016-11-29;2.39105500
2016-11-30;2.37763300
2016-12-01;2.38706700
2016-12-02;2.39658600
2016-12-05;2.41213100
2016-12-06;2.40160500
2016-12-07;2.42858400
2016-12-08;2.46016500
2016-12-09;2.47394800
2016-12-12;2.47422000
2016-12-13;2.48934200
2016-12-14;2.46282800
2016-12-15;2.48741700
2016-12-16;2.48371400
2016-12-19;2.48556500
2016-12-20;2.50231000
2016-12-21;2.48788500
2016-12-22;2.47280700
2016-12-23;2.47247500
2016-12-27;2.46842300
2016-12-28;2.45784000
2016-12-29;2.45868700
2016-12-30;2.44367000
2017-01-02;2.45441300
2017-01-03;2.48965300
2017-01-04;2.49414700
2017-01-05;2.48685900
2017-01-06;2.45494600
2017-01-09;2.47224700
2017-01-10;2.46307300
2017-01-11;2.48943700
2017-01-12;2.45086700
2017-01-13;2.45491900
2017-01-16;2.46549200
2017-01-17;2.44266600
2017-01-18;2.43988800
2017-01-19;2.44160300
2017-01-20;2.45626300
2017-01-23;2.44695600
2017-01-24;2.46033600
2017-01-25;2.47939200
2017-01-26;2.48326400
2017-01-27;2.49406700
2017-01-30;2.47434900
2017-01-31;2.46991500
2017-02-01;2.45510900
2017-02-02;2.43660900
2017-02-03;2.46768700
2017-02-06;2.45800900
2017-02-07;2.48062800
2017-02-08;2.48476400
2017-02-09;2.48058800
2017-02-10;2.49970800
2017-02-13;2.51234500
2017-02-14;2.52040200
2017-02-15;2.54381200
2017-02-16;2.52442200
2017-02-17;2.52140700
2017-02-20;2.52924500
2017-02-21;2.55407300
2017-02-22;2.55687700
2017-02-23;2.55522000
2017-02-24;2.54216200
2017-02-27;2.54015600
2017-02-28;2.52998700
2017-03-01;2.57164000
2017-03-02;2.56418000
2017-03-03;2.58504200
2017-03-06;2.55717400
2017-03-07;2.55685200
2017-03-08;2.55612000
2017-03-09;2.56448400
2017-03-10;2.57428000
2017-03-13;2.57188700
2017-03-14;2.56351700
2017-03-16;2.56008500
2017-03-17;2.54179800
2017-03-20;2.53667000
2017-03-21;2.50655400
2017-03-22;2.51020900
2017-03-23;2.51876900
2017-03-24;2.51681700
2017-03-27;2.50864100
2017-03-28;2.51881400
2017-03-29;2.53894500
2017-03-30;2.55327200
2017-03-31;2.54747700
2017-04-03;2.55334100
2017-04-04;2.55655600
2017-04-05;2.54991600
2017-04-06;2.56419400
2017-04-07;2.56943100
2017-04-10;2.58114800
2017-04-11;2.58932200
2017-04-12;2.57771700
2017-04-13;2.56480700
2017-04-18;2.57205300
2017-04-19;2.55415000
2017-04-20;2.55974800
2017-04-21;2.57204600
2017-04-24;2.56760600
2017-04-25;2.57045400
2017-04-26;2.56664600
2017-04-27;2.57248600
2017-04-28;2.56146800
2017-05-02;2.57392500
2017-05-03;2.56944100
2017-05-04;2.57830500
2017-05-05;2.58634500
2017-05-08;2.57850000
2017-05-09;2.58691600
2017-05-10;2.59390800
2017-05-11;2.58140500
2017-05-12;2.58480800
2017-05-15;2.57492500
2017-05-16;2.55100800
2017-05-17;2.51733200
2017-05-18;2.51218500
2017-05-19;2.52157200
2017-05-22;2.52102700
2017-05-23;2.50925500
2017-05-24;2.52666100
2017-05-25;2.51331000
2017-05-26;2.50928600
2017-05-29;2.52211500
2017-05-30;2.52729900
2017-05-31;2.51856500
2017-06-01;2.52365800
2017-06-02;2.54377600
2017-06-06;2.51971200
2017-06-07;2.52620200
2017-06-08;2.52745500
2017-06-09;2.53522500
2017-06-12;2.51887100
2017-06-13;2.53051000
2017-06-14;2.52253400
2017-06-15;2.51846400
2017-06-16;2.53437300
2017-06-19;2.54289100
2017-06-20;2.53667000
2017-06-21;2.54863900
2017-06-22;2.54190800
2017-06-23;2.54384000
2017-06-26;2.54419600
2017-06-27;2.51877000
2017-06-28;2.51934600
2017-06-29;2.48547300
2017-06-30;2.48210000
2017-07-03;2.48945700
2017-07-04;2.48949500
2017-07-05;2.49418700
2017-07-06;2.48240300
2017-07-07;2.47244600
2017-07-10;2.47752400
2017-07-11;2.48045000
2017-07-12;2.48267100
2017-07-13;2.49646600
2017-07-14;2.49984800
2017-07-17;2.48614700
2017-07-18;2.47616900
2017-07-19;2.48491400
2017-07-20;2.48979500
2017-07-21;2.45054100
2017-07-24;2.44473200
2017-07-25;2.45192100
2017-07-26;2.46610000
2017-07-27;2.43986100
2017-07-28;2.44185900
2017-07-31;2.43215200
2017-08-01;2.41206800
2017-08-02;2.40688900
2017-08-03;2.40860400
2017-08-04;2.41043000
2017-08-07;2.42948400
2017-08-08;2.42448400
2017-08-09;2.43733400
2017-08-10;2.41288600
2017-08-11;2.40972900
2017-08-14;2.40768900
2017-08-15;2.41621900
2017-08-16;2.42699700
2017-08-17;2.40035700
2017-08-18;2.39487100
2017-08-21;2.39367600
2017-08-22;2.40790600
2017-08-23;2.39716500
2017-08-24;2.39036000
2017-08-25;2.40622800
2017-08-28;2.38109800
2017-08-29;2.35950900
2017-08-30;2.39199000
2017-08-31;2.41614900
2017-09-01;2.41433300
2017-09-04;2.41483900
2017-09-05;2.40898400
2017-09-06;2.40986800
2017-09-07;2.40941000
2017-09-08;2.38917500
2017-09-11;2.42066100
2017-09-12;2.44071700
2017-09-13;2.44031100
2017-09-14;2.46048400
2017-09-15;2.46019000
2017-09-18;2.46639900
2017-09-19;2.46098200
2017-09-20;2.44979400
2017-09-21;2.47485600
2017-09-22;2.46134900
2017-09-25;2.47369500
2017-09-26;2.49453900
2017-09-27;2.52336300
2017-09-28;2.51512200
2017-09-29;2.51894000
2017-10-02;2.53481300
2017-10-03;2.54731000
2017-10-04;2.53785700
2017-10-05;2.54295600
2017-10-06;2.55876000
2017-10-09;2.55564400
2017-10-10;2.54612400
2017-10-11;2.53323300
2017-10-12;2.52019500
2017-10-13;2.52549700
2017-10-16;2.53167500
2017-10-17;2.53475000
2017-10-18;2.54381900
2017-10-19;2.53142000
2017-10-20;2.53203600
2017-10-24;2.53982500
2017-10-25;2.54249200
2017-10-26;2.54141000
2017-10-27;2.59384000
2017-10-30;2.58139900
2017-10-31;2.59846000
2017-11-02;2.59736100
2017-11-03;2.60090300
2017-11-06;2.61347600
2017-11-07;2.61642500
2017-11-08;2.62217400
2017-11-09;2.61312100
2017-11-10;2.59504300
2017-11-13;2.59384300
2017-11-14;2.56979000
2017-11-15;2.53558100
2017-11-16;2.56716400
2017-11-17;2.55830800
2017-11-20;2.56559800
2017-11-21;2.59534600
2017-11-22;2.59669800
2017-11-24;2.57256500
2017-11-27;2.54522100
2017-11-28;2.57291800
2017-11-29;2.57215000
2017-11-30;2.59866800
2017-12-01;2.58677000
2017-12-04;2.58996700
2017-12-05;2.58817700
2017-12-06;2.59521600
2017-12-07;2.61030500
2017-12-08;2.63329700
2017-12-11;2.62240100
2017-12-12;2.62897900
2017-12-13;2.63901400
2017-12-14;2.61259700
2017-12-15;2.62495400
2017-12-18;2.64722400
2017-12-19;2.62628500
2017-12-20;2.61850300
2017-12-21;2.61421300
2017-12-22;2.61375800
2017-12-27;2.60090000
2017-12-28;2.58992200
2017-12-29;2.57326400
2018-01-02;2.56583800
2018-01-03;2.58507500
2018-01-04;2.59520500
2018-01-05;2.60666200
2018-01-08;2.62556600
2018-01-09;2.64248900
2018-01-10;2.64073700
2018-01-11;2.64787900
2018-01-12;2.62580400
2018-01-15;2.60452100
2018-01-16;2.60448200
2018-01-17;2.61938500
2018-01-18;2.61364800
2018-01-19;2.61973700
2018-01-22;2.64306500
2018-01-23;2.65548100
2018-01-24;2.62897800
2018-01-25;2.60781300
2018-01-26;2.62891400
2018-01-29;2.61577200
2018-01-30;2.60173600
2018-01-31;2.59535800
2018-02-01;2.59083700
2018-02-02;2.52889900
2018-02-05;2.45066700
2018-02-06;2.49606300
2018-02-07;2.49189600
2018-02-08;2.45406800
2018-02-09;2.47327000
2018-02-12;2.50450900
2018-02-13;2.49225300
2018-02-14;2.51913100
2018-02-15;2.51139100
2018-02-16;2.50645900
2018-02-19;2.52825600
2018-02-20;2.52949300
2018-02-21;2.52335300
2018-02-22;2.53684800
2018-02-23;2.56690700
2018-02-26;2.58403600
2018-02-27;2.56036100
2018-02-28;2.56387200
2018-03-01;2.53546900
2018-03-02;2.52080200
2018-03-05;2.53148600
2018-03-06;2.53822900
2018-03-07;2.51459700
2018-03-08;2.52439600
2018-03-09;2.56449800
2018-03-12;2.56529200
2018-03-13;2.54512200
2018-03-14;2.53560600
2018-03-19;2.52043100
2018-03-20;2.52075700
2018-03-21;2.52986100
2018-03-22;2.47298500
2018-03-23;2.45127700
2018-03-26;2.47889400
2018-03-27;2.44870600
2018-03-28;2.45783100
2018-03-29;2.49596800
2018-04-03;2.47717800
2018-04-04;2.49210300
2018-04-05;2.51278300
2018-04-06;2.48996300
2018-04-09;2.49480300
2018-04-10;2.51274200
2018-04-11;2.49480800
2018-04-12;2.51190400
2018-04-13;2.50981700
2018-04-16;2.50786100
2018-04-17;2.52585000
2018-04-18;2.53501500
2018-04-19;2.52388800
2018-04-20;2.52021300
2018-04-23;2.53889400
2018-04-24;2.53782900
2018-04-25;2.54086400
2018-04-26;2.56811500
2018-04-27;2.58323200
2018-05-02;2.58922300
2018-05-03;2.59302200
2018-05-04;2.61820600
2018-05-07;2.62640700
2018-05-08;2.64060900
2018-05-09;2.66368600
2018-05-10;2.67576600
2018-05-11;2.67358500
2018-05-14;2.66879700
2018-05-15;2.68399600
2018-05-16;2.70838500
2018-05-17;2.70701400
2018-05-18;2.70896200
2018-05-22;2.71469100
2018-05-23;2.73975500
2018-05-24;2.73138900
2018-05-25;2.72964300
2018-05-28;2.73385800
2018-05-29;2.73376400
2018-05-30;2.74419900
2018-05-31;2.70394500
2018-06-01;2.73801200
2018-06-04;2.73672300
2018-06-05;2.73614600
2018-06-06;2.74858600
2018-06-07;2.71385200
2018-06-08;2.75134100
2018-06-11;2.76577300
2018-06-12;2.76728600
2018-06-13;2.76263300
2018-06-14;2.79494500
2018-06-15;2.81487400
2018-06-18;2.79707000
2018-06-19;2.80053500
2018-06-20;2.79362500
2018-06-21;2.81088400
2018-06-22;2.77989800
2018-06-25;2.74596200
2018-06-26;2.75478700
2018-06-27;2.76147700
2018-06-28;2.79260100
2018-06-29;2.78813300
2018-07-02;2.79283600
2018-07-03;2.77199800
2018-07-04;2.76280900
2018-07-05;2.75416100
2018-07-06;2.76532300
2018-07-09;2.76128800
2018-07-10;2.79755000
2018-07-11;2.76636600
2018-07-12;2.79832300
2018-07-13;2.80702500
2018-07-16;2.76651900
2018-07-17;2.77023300
2018-07-18;2.80834700
2018-07-19;2.81386500
2018-07-20;2.81717800
2018-07-23;2.80468600
2018-07-24;2.82994500
2018-07-25;2.83527600
2018-07-26;2.81658100
2018-07-27;2.81983400
2018-07-30;2.79321600
2018-07-31;2.78255500
2018-08-01;2.78411300
2018-08-02;2.79848500
2018-08-03;2.81308500
2018-08-06;2.81095900
2018-08-07;2.80812300
2018-08-08;2.80469500
2018-08-09;2.80651900
2018-08-10;2.82702400
2018-08-13;2.84381700
2018-08-14;2.85024000
2018-08-15;2.85302300
2018-08-16;2.84453900
2018-08-17;2.84818800
2018-08-21;2.83369700
2018-08-22;2.82318500
2018-08-23;2.82663400
2018-08-24;2.84191800
2018-08-27;2.85317000
2018-08-28;2.83240200
2018-08-29;2.85811200
2018-08-30;2.85301300
2018-08-31;2.84905400
2018-09-03;2.86419500
2018-09-04;2.86801600
2018-09-05;2.86032000
2018-09-06;2.82890800
2018-09-07;2.79540800
2018-09-10;2.82072500
2018-09-11;2.81320600
2018-09-12;2.82587900
2018-09-13;2.81327300
2018-09-14;2.80669600
2018-09-17;2.82104800
2018-09-18;2.83242900
2018-09-19;2.82449500
2018-09-20;2.84977000
2018-09-21;2.82419300
2018-09-24;2.82403400
2018-09-25;2.82925200
2018-09-26;2.82404600
2018-09-27;2.83903900
2018-09-28;2.85399100
2018-10-01;2.86096800
2018-10-02;2.88008900
2018-10-03;2.85875800
2018-10-04;2.86282400
2018-10-05;2.85622000
2018-10-08;2.85875400
2018-10-09;2.85358600
2018-10-10;2.77963800
2018-10-11;2.72679500
2018-10-12;2.73679300
2018-10-15;2.72757700
2018-10-16;2.75415600
2018-10-17;2.75524900
2018-10-18;2.73053800
2018-10-19;2.76015400
2018-10-24;2.67288500
2018-10-25;2.70995200
2018-10-26;2.68838000
2018-10-29;2.68186600
2018-10-30;2.71709900
2018-10-31;2.74650500
2018-11-05;2.74852300
2018-11-06;2.75172100
2018-11-07;2.77088400
2018-11-08;2.77385000
2018-11-09;2.76961400
2018-11-12;2.74981800
2018-11-13;2.76232100
2018-11-14;2.74795500
2018-11-15;2.75827300
2018-11-16;2.74113000
2018-11-19;2.69158800
2018-11-20;2.64937200
2018-11-21;2.67942000
2018-11-22;2.67445500
2018-11-23;2.66221800
2018-11-26;2.70523300
2018-11-27;2.73326600
2018-11-28;2.78578100
2018-11-29;2.75186800
2018-11-30;2.76105100
2018-12-03;2.78548100
2018-12-04;2.71285100
2018-12-05;2.73457800
2018-12-06;2.71493500
2018-12-07;2.66725700
2018-12-10;2.64967200
2018-12-11;2.65905800
2018-12-12;2.69127200
2018-12-13;2.68012000
2018-12-14;2.66283300
2018-12-17;2.61679000
2018-12-18;2.60204500
2018-12-19;2.56222600
2018-12-20;2.51338400
2018-12-21;2.47965900
2018-12-27;2.52787600
2018-12-28;2.52751400
2018-12-31;2.54177100
2019-01-02;2.55090500
2019-01-03;2.52657900
2019-01-04;2.58512000
2019-01-07;2.59153000
2019-01-08;2.61116900
2019-01-09;2.62943700
2019-01-10;2.62413800
2019-01-11;2.61774700
2019-01-14;2.61340800
2019-01-15;2.64555700
2019-01-16;2.67081500
2019-01-17;2.67148300
2019-01-18;2.68070700
2019-01-21;2.67943100
2019-01-22;2.64860100
2019-01-23;2.65597600
2019-01-24;2.66715000
2019-01-25;2.69081700
2019-01-28;2.65417700
2019-01-29;2.64433400
2019-01-30;2.67601900
2019-01-31;2.66822700
2019-02-01;2.68385500
2019-02-04;2.70502100
2019-02-05;2.72639000
2019-02-06;2.73438900
2019-02-07;2.72368200
2019-02-08;2.72186200
2019-02-11;2.73144000
2019-02-12;2.76054600
2019-02-13;2.74815800
2019-02-14;2.76578100
2019-02-15;2.78500500
2019-02-18;2.77857100
2019-02-19;2.79045800
2019-02-20;2.78491000
2019-02-21;2.77932600
2019-02-22;2.79229400
2019-02-25;2.79770900
2019-02-26;2.79311200
2019-02-27;2.77012400
2019-02-28;2.76601200
2019-03-01;2.78055400
2019-03-04;2.78017700
2019-03-05;2.77694900
2019-03-06;2.77118100
2019-03-07;2.74441700
2019-03-08;2.76443000
2019-03-11;2.78158100
2019-03-12;2.78214500
2019-03-13;2.78683600
2019-03-14;2.77913300
2019-03-18;2.79466400
2019-03-19;2.78995100
2019-03-20;2.77705400
2019-03-21;2.79425300
2019-03-22;2.78419600
2019-03-25;2.78786100
2019-03-26;2.79869300
2019-03-27;2.83303600
2019-03-28;2.84277700
2019-03-29;2.87124300
2019-04-01;2.89660300
2019-04-02;2.91753800
2019-04-03;2.89629800
2019-04-04;2.90447000
2019-04-05;2.91960700
2019-04-08;2.92845200
2019-04-09;2.89985800
2019-04-11;2.91028000
2019-04-12;2.92824800
2019-04-15;2.91044700
2019-04-16;2.90870800
2019-04-17;2.90058500
2019-04-18;2.92492000
2019-04-23;2.94467300
2019-04-24;2.94439000
2019-04-25;2.96704200
2019-04-26;2.98018000
2019-04-29;2.98323100
2019-04-30;2.97704800
2019-05-02;2.96659000
2019-05-03;2.99632700
2019-05-06;2.97293700
2019-05-07;2.92899800
2019-05-08;2.92949200
2019-05-09;2.91629200
2019-05-10;2.91107600
2019-05-13;2.86003600
2019-05-14;2.87896400
2019-05-15;2.90593900
2019-05-16;2.91843200
2019-05-17;2.92172600
2019-05-20;2.92029900
2019-05-21;2.94978300
2019-05-22;2.93076100
2019-05-23;2.90683800
2019-05-24;2.90552200
2019-05-27;2.90006900
2019-05-28;2.88797100
2019-05-29;2.88690400
2019-05-30;2.88525900
2019-05-31;2.85203900
2019-06-03;2.84279400
2019-06-04;2.84941000
2019-06-05;2.85093800
2019-06-06;2.86673000
2019-06-07;2.89164000
2019-06-11;2.88682900
2019-06-12;2.88198600
2019-06-13;2.90203900
2019-06-14;2.89422800
2019-06-17;2.91111300
2019-06-18;2.94684700
2019-06-19;2.96763600
2019-06-20;2.97698600
2019-06-21;2.96173000
2019-06-24;2.94539000
2019-06-25;2.92527600
2019-06-26;2.92708900
2019-06-27;2.93226100
2019-06-28;2.94437200
2019-07-01;2.96789000
2019-07-02;2.98453600
2019-07-03;3.00526500
2019-07-04;3.00414200
2019-07-05;3.01090900
2019-07-08;3.01163200
2019-07-09;3.01918700
2019-07-10;3.03003100
2019-07-11;3.01721300
2019-07-12;3.02874700
2019-07-15;3.02731900
2019-07-16;3.02304100
2019-07-17;3.03115700
2019-07-18;3.03067100
2019-07-19;3.01176400
2019-07-22;3.01795400
2019-07-23;3.05252500
2019-07-24;3.07139100
2019-07-25;3.05111800
2019-07-26;3.07300300
2019-07-29;3.07641800
2019-07-30;3.06282600
2019-07-31;3.03756700
2019-08-01;3.03646500
2019-08-02;3.01072500
2019-08-05;2.92697300
2019-08-06;2.92384300
2019-08-07;2.92757400
2019-08-08;2.96116200
2019-08-09;2.94170900
2019-08-12;2.92041700
2019-08-13;2.94251000
2019-08-14;2.87101700
2019-08-15;2.90371500
2019-08-16;2.94142500
2019-08-21;2.99006000
2019-08-22;2.98814700
2019-08-23;2.95251300
2019-08-26;2.97093500
2019-08-27;2.96452700
2019-08-28;2.98898900
2019-08-29;3.02268300
2019-08-30;3.04536900
2019-09-02;3.06006700
2019-09-03;3.05503300
2019-09-04;3.04943100
2019-09-05;3.07684300
2019-09-06;3.08373700
2019-09-09;3.09126200
2019-09-10;3.10574500
2019-09-11;3.13848900
2019-09-12;3.13901100
2019-09-13;3.14006300
2019-09-16;3.13242000
2019-09-17;3.16119900
2019-09-18;3.15007600
2019-09-19;3.14636500
2019-09-20;3.13897300
2019-09-23;3.17426400
2019-09-24;3.15737800
2019-09-25;3.15262400
2019-09-26;3.16780300
2019-09-27;3.17456200
2019-09-30;3.16979900
2019-10-01;3.15084500
2019-10-02;3.09552500
2019-10-03;3.08285500
2019-10-04;3.10256700
2019-10-07;3.10324900
2019-10-08;3.07134400
2019-10-09;3.09735900
2019-10-10;3.09999700
2019-10-11;3.12349800
2019-10-14;3.10882600
2019-10-15;3.14313000
2019-10-16;3.14377900
2019-10-17;3.13961700
2019-10-18;3.10492500
2019-10-21;3.10843100
2019-10-22;3.10768100
2019-10-24;3.11825900
2019-10-25;3.12609200
2019-10-28;3.14097300
2019-10-29;3.14390900
2019-10-30;3.15294800
2019-10-31;3.13235800
2019-11-04;3.15566900
2019-11-05;3.17519200
2019-11-06;3.20573000
2019-11-07;3.23003100
2019-11-08;3.25059500
2019-11-11;3.25363300
2019-11-12;3.25851900
2019-11-13;3.26347100
2019-11-14;3.25713300
2019-11-15;3.27800500
2019-11-18;3.27530200
2019-11-19;3.26677700
2019-11-20;3.23958000
2019-11-21;3.23414100
2019-11-22;3.25211500
2019-11-25;3.29176800
2019-11-26;3.30861200
2019-11-27;3.31388800
2019-11-28;3.31993100
2019-11-29;3.28945600
2019-12-02;3.25368700
2019-12-03;3.20775800
2019-12-04;3.22222100
2019-12-05;3.21443200
2019-12-06;3.23191600
2019-12-09;3.24287300
2019-12-10;3.23756400
2019-12-11;3.23202200
2019-12-12;3.23580900
2019-12-13;3.22524000
2019-12-16;3.25933200
2019-12-17;3.26502600
2019-12-18;3.27135900
2019-12-19;3.28359000
2019-12-20;3.28633700
2019-12-23;3.30479000
2019-12-30;3.27260200
2019-12-31;3.27464100
2020-01-02;3.29807700
2020-01-03;3.28451700
2020-01-06;3.28434600
2020-01-07;3.28639100
2020-01-08;3.31224400
2020-01-09;3.34115200
2020-01-10;3.35570900
2020-01-13;3.37642200
2020-01-14;3.34740400
2020-01-15;3.35587600
2020-01-16;3.37377800
2020-01-17;3.40696400
2020-01-20;3.43181800
2020-01-21;3.40377000
2020-01-22;3.39953200
2020-01-23;3.41616500
2020-01-24;3.40455100
2020-01-27;3.36292800
2020-01-28;3.39125900
2020-01-29;3.39503100
2020-01-30;3.39334600
2020-01-31;3.32720000
2020-02-03;3.34019000
2020-02-04;3.37341100
2020-02-05;3.40830000
2020-02-06;3.43937900
2020-02-07;3.44637600
2020-02-10;3.45283800
2020-02-11;3.47406600
2020-02-12;3.50076200
2020-02-13;3.50141300
2020-02-14;3.47295200
2020-02-17;3.46948300
2020-02-18;3.46900000
2020-02-19;3.48549000
2020-02-20;3.49886200
2020-02-21;3.47066400
2020-02-24;3.36523400
2020-02-25;3.27402400
2020-02-26;3.27663500
2020-02-27;3.14728500
2020-02-28;3.09695700
2020-03-02;3.15020500
2020-03-03;3.08633600
2020-03-04;3.15368000
2020-03-05;3.07404900
2020-03-06;2.97118400
2020-03-09;2.74016300
2020-03-10;2.85057800
2020-03-11;2.72679400
2020-03-12;2.51520400
2020-03-13;2.67138400
2020-03-16;2.46411200
2020-03-17;2.62865600
2020-03-18;2.54325700
2020-03-19;2.62102700
2020-03-20;2.52905300
2020-03-23;2.49367000
2020-03-24;2.69481000
2020-03-25;2.74712600
2020-03-26;2.83622700
2020-03-27;2.75070600
2020-03-30;2.84196700
2020-03-31;2.83274700
2020-04-01;2.76206000
2020-04-02;2.83795700
2020-04-03;2.81110000
2020-04-06;2.96518900
2020-04-07;2.89742000
2020-04-08;2.98866700
2020-04-09;2.97741600
2020-04-14;3.00684700
2020-04-15;2.92788500
2020-04-16;2.93408700
2020-04-17;3.02277000
2020-04-20;2.99304700
2020-04-21;2.94005000
2020-04-22;2.98237900
2020-04-23;3.02421100
2020-04-24;3.05626300
2020-04-27;3.05546200
2020-04-28;3.07568100
2020-04-29;3.15072800
2020-04-30;3.07785000
2020-05-04;3.00460800
2020-05-05;3.03627100
2020-05-06;3.00291400
2020-05-07;3.04855500
2020-05-08;3.07535600
2020-05-11;3.07591400
2020-05-12;3.04192900
2020-05-13;3.01489700
2020-05-14;3.03862100
2020-05-15;3.04400100
2020-05-18;3.13850900
2020-05-19;3.05952600
2020-05-20;3.08960600
2020-05-21;3.05262800
2020-05-22;3.07387500
2020-05-25;3.09019300
2020-05-26;3.12024500
2020-05-27;3.15743700
2020-05-28;3.15655500
2020-05-29;3.11044300
2020-06-02;3.12779300
2020-06-03;3.17592500
2020-06-04;3.16279200
2020-06-05;3.19089500
2020-06-08;3.22730700
2020-06-09;3.22128100
2020-06-10;3.17245000
2020-06-11;3.01768200
2020-06-12;3.07999000
2020-06-15;3.11556900
2020-06-16;3.13558900
2020-06-17;3.14041700
2020-06-18;3.14437500
2020-06-19;3.15005900
2020-06-22;3.16760900
2020-06-23;3.18939400
2020-06-24;3.13155300
2020-06-25;3.20290800
2020-06-26;3.15534100
2020-06-29;3.18915300
2020-06-30;3.22875400
2020-07-01;3.21271100
2020-07-02;3.20361900
2020-07-03;3.21342700
2020-07-06;3.25569400
2020-07-07;3.23846300
2020-07-08;3.26423400
2020-07-09;3.22160400
2020-07-10;3.25602500
2020-07-13;3.23275500
2020-07-14;3.27025700
2020-07-15;3.26882100
2020-07-16;3.26774900
2020-07-17;3.27168900
2020-07-20;3.26917300
2020-07-21;3.27975900
2020-07-22;3.25894000
2020-07-23;3.18566600
2020-07-24;3.17279300
2020-07-27;3.16037100
2020-07-28;3.14078800
2020-07-29;3.17092400
2020-07-30;3.13003400
2020-07-31;3.08655300
2020-08-03;3.13816900
2020-08-04;3.17996800
2020-08-05;3.16545600
2020-08-06;3.17696700
2020-08-07;3.17451000
2020-08-10;3.19284900
2020-08-11;3.18352300
2020-08-12;3.23861400
2020-08-13;3.20302400
2020-08-14;3.21329100
2020-08-17;3.23855100
2020-08-18;3.23829900
2020-08-19;3.21837500
2020-08-24;3.29317500
2020-08-25;3.31372900
2020-08-26;3.34324200
2020-08-27;3.34962200
2020-08-28;3.34539300
2020-08-31;3.31184600
2020-09-01;3.31947700
2020-09-02;3.40326100
2020-09-03;3.33435300
2020-09-04;3.32943800
2020-09-07;3.34293100
2020-09-08;3.28823700
2020-09-09;3.33228300
2020-09-10;3.27242400
2020-09-11;3.27898300
2020-09-14;3.31273900
2020-09-15;3.31957800
2020-09-16;3.32964000
2020-09-17;3.34044600
2020-09-18;3.30337200
2020-09-21;3.27796500
2020-09-22;3.30289200
2020-09-23;3.27591500
2020-09-24;3.30051000
2020-09-25;3.30606600
2020-09-28;3.37134800
2020-09-29;3.36484100
2020-09-30;3.35473900
2020-10-01;3.34165000
2020-10-02;3.30064000
2020-10-05;3.33436300
2020-10-06;3.32050600
2020-10-07;3.35508900
2020-10-08;3.36161400
2020-10-09;3.36306900
2020-10-12;3.38738700
2020-10-13;3.38783700
2020-10-14;3.43114400
2020-10-15;3.43587100
2020-10-16;3.43866300
2020-10-19;3.40019800
2020-10-20;3.40216900
2020-10-21;3.36511000
2020-10-22;3.38095100
2020-10-26;3.34963100
2020-10-27;3.33225000
2020-10-28;3.26631900
2020-10-29;3.30820400
2020-10-30;3.28877600
2020-11-02;3.32865300
2020-11-03;3.34655400
2020-11-04;3.40884300
2020-11-05;3.40463300
2020-11-06;3.37872500
2020-11-09;3.42571900
2020-11-10;3.48551100
2020-11-11;3.47800300
2020-11-12;3.43711700
2020-11-13;3.47579700
2020-11-16;3.54344800
2020-11-17;3.55877700
2020-11-18;3.53164600
2020-11-19;3.55728600
2020-11-20;3.52701900
2020-11-23;3.54671200
2020-11-24;3.59881600
2020-11-25;3.58947100
2020-11-26;3.59113600
2020-11-27;3.59880600
2020-11-30;3.53596500
2020-12-01;3.55475300
2020-12-02;3.53989000
2020-12-03;3.54931600
2020-12-04;3.56342200
2020-12-07;3.58799900
2020-12-08;3.59683300
2020-12-09;3.56095500
2020-12-10;3.54451100
2020-12-11;3.51857700
2020-12-14;3.49390700
2020-12-15;3.53806000
2020-12-16;3.54505400
2020-12-17;3.55620600
2020-12-18;3.55519100
2020-12-21;3.57472400
2020-12-22;3.57151500
2020-12-23;3.60039200
2020-12-28;3.63005700
2020-12-29;3.63701100
2020-12-30;3.64637200
2020-12-31;3.64877800
2021-01-04;3.59477200
2021-01-05;3.62765800
2021-01-06;3.60138900
2021-01-07;3.64947300
2021-01-08;3.70973000
2021-01-11;3.71407800
2021-01-12;3.72307300
2021-01-13;3.70328700
2021-01-14;3.71874900
2021-01-15;3.68587300
2021-01-18;3.72316600
2021-01-19;3.71680400
2021-01-20;3.72666800
2021-01-21;3.71906700
2021-01-22;3.68971200
2021-01-25;3.70493100
2021-01-26;3.71797400
2021-01-27;3.65499100
2021-01-28;3.69006100
2021-01-29;3.60508600
2021-02-01;3.64055600
2021-02-02;3.67379500
2021-02-03;3.70078100
2021-02-04;3.73091900
2021-02-05;3.76037000
2021-02-08;3.79241000
2021-02-09;3.77760300
2021-02-10;3.76362800
2021-02-11;3.75868300
2021-02-12;3.80405900
2021-02-15;3.80314300
2021-02-16;3.79349400
2021-02-17;3.82026400
2021-02-18;3.79778000
2021-02-19;3.78539300
2021-02-22;3.78369000
2021-02-23;3.77557000
2021-02-24;3.79271900
2021-02-25;3.72389100
2021-02-26;3.72193500
2021-03-01;3.83659700
2021-03-02;3.84451600
2021-03-03;3.78710400
2021-03-04;3.78283200
2021-03-05;3.87433800
2021-03-08;3.89497200
2021-03-09;3.91603000
2021-03-10;3.94396400
2021-03-11;3.94291800
2021-03-12;3.96811500
2021-03-16;3.99220300
2021-03-17;4.01133800
2021-03-18;3.96804300
2021-03-19;3.98064100
2021-03-22;3.97437900
2021-03-23;3.93655900
2021-03-24;3.92152500
2021-03-25;3.93864500
2021-03-26;3.98946500
2021-03-29;3.97621000
2021-03-30;3.98193900
2021-03-31;3.98937400
2021-04-01;4.02035500
2021-04-06;4.02365200
2021-04-07;3.99511200
2021-04-08;3.99474400
2021-04-09;4.00914100
2021-04-12;3.98717000
2021-04-13;4.00629200
2021-04-14;3.99118600
2021-04-15;4.01795100
2021-04-16;4.05393100
2021-04-19;4.02655300
2021-04-20;3.96998000
2021-04-21;4.02880700
2021-04-22;4.01376900
2021-04-23;4.03727200
2021-04-26;4.04325000
2021-04-27;4.04340400
2021-04-28;4.03402000
2021-04-29;4.02882300
2021-04-30;3.98791100
2021-05-03;4.03007700
2021-05-04;4.01469200
2021-05-05;4.03405200
2021-05-06;4.03343800
2021-05-07;4.05097400
2021-05-10;4.00659400
2021-05-11;3.97707400
2021-05-12;3.91171700
2021-05-13;3.95077200
2021-05-14;3.97600800
2021-05-17;3.92942200
2021-05-18;3.88419700
2021-05-19;3.86825700
2021-05-20;3.89422000
2021-05-21;3.88348300
2021-05-25;3.87824100
2021-05-26;3.91143500
2021-05-27;3.92333900
2021-05-28;3.91874100
2021-05-31;3.92065700
2021-06-01;3.90900400
2021-06-02;3.92335400
2021-06-03;3.90861100
2021-06-04;3.96871400
2021-06-07;3.93902400
2021-06-08;3.95300100
2021-06-09;3.93903800
2021-06-10;3.94699800
2021-06-11;3.95232300
2021-06-14;4.01720400
2021-06-15;4.01734500
2021-06-16;3.99579800
2021-06-17;4.06273500
2021-06-18;4.03336100
2021-06-21;4.07807600
2021-06-22;4.07874200
2021-06-23;4.01362800
2021-06-24;4.04132100
2021-06-25;4.06712500
2021-06-28;4.05750400
2021-06-29;4.06783900
2021-06-30;4.06940700
2021-07-01;4.09475200
2021-07-02;4.12542000
2021-07-05;4.11000000
2021-07-06;4.12527700
2021-07-07;4.15273800
2021-07-08;4.15349800
2021-07-09;4.17480500
2021-07-12;4.16600200
2021-07-13;4.17165800
2021-07-14;4.22083400
2021-07-15;4.18402200
2021-07-16;4.17055300
2021-07-19;4.12463500
2021-07-20;4.15865800
2021-07-21;4.20163300
2021-07-22;4.19035800
2021-07-23;4.22528100
2021-07-26;4.25822700
2021-07-27;4.24617200
2021-07-28;4.21049500
2021-07-29;4.21725600
2021-07-30;4.17815700
2021-08-02;4.17764300
2021-08-03;4.18387000
2021-08-04;4.17461900
2021-08-05;4.18863100
2021-08-06;4.18583300
2021-08-09;4.21322800
2021-08-10;4.20962500
2021-08-11;4.25808400
2021-08-12;4.24010600
2021-08-13;4.24579200
2021-08-16;4.22183300
2021-08-17;4.20378800
2021-08-18;4.18181700
2021-08-19;4.17526100
2021-08-23;4.20357400
2021-08-24;4.20706400
2021-08-25;4.18490700
2021-08-26;4.17790900
2021-08-27;4.23594300
2021-08-30;4.20313800
2021-08-31;4.19490500
2021-09-01;4.20915100
2021-09-02;4.19907200
2021-09-03;4.21016700
2021-09-06;4.20385900
2021-09-07;4.19049300
2021-09-08;4.21362400
2021-09-09;4.21628200
2021-09-10;4.18762600
2021-09-13;4.20609000
2021-09-14;4.17812800
2021-09-15;4.19592900
2021-09-16;4.19676800
2021-09-17;4.18710600
2021-09-20;4.16298100
2021-09-21;4.15455600
2021-09-22;4.20289800
2021-09-23;4.25482200
2021-09-24;4.25468200
2021-09-27;4.28076500
2021-09-28;4.23164400
2021-09-29;4.24218500
2021-09-30;4.24136700
2021-10-01;4.26586800
2021-10-04;4.18632000
2021-10-05;4.23234300
2021-10-06;4.27499100
2021-10-07;4.29352400
2021-10-08;4.30559400
2021-10-11;4.30868400
2021-10-12;4.28490400
2021-10-13;4.30741300
2021-10-14;4.33391600
2021-10-15;4.36372700
2021-10-18;4.38521300
2021-10-19;4.37517300
2021-10-20;4.43596800
2021-10-21;4.41208800
2021-10-22;4.43370700
2021-10-25;4.46046100
2021-10-26;4.49021600
2021-10-27;4.47353800
2021-10-28;4.44498000
2021-10-29;4.42717900
2021-11-02;4.46434700
2021-11-03;4.47518700
2021-11-04;4.51762300
2021-11-05;4.53131800
2021-11-08;4.53048500
2021-11-09;4.53713100
2021-11-10;4.50460600
2021-11-11;4.58872100
2021-11-12;4.62482000
2021-11-15;4.64191600
2021-11-16;4.66096500
2021-11-17;4.66126000
2021-11-18;4.63546300
2021-11-19;4.64139900
2021-11-22;4.69115500
2021-11-23;4.71203900
2021-11-24;4.69760100
2021-11-25;4.67695000
2021-11-26;4.56145200
2021-11-29;4.60021900
2021-11-30;4.48294500
2021-12-01;4.43945100
2021-12-02;4.46850800
2021-12-03;4.46933200
2021-12-06;4.51893400
2021-12-07;4.62761600
2021-12-08;4.65829800
2021-12-09;4.59714900
2021-12-10;4.63423000
2021-12-13;4.60425300
2021-12-14;4.57458700
2021-12-15;4.65324900
2021-12-16;4.63077300
2021-12-17;4.55683300
2021-12-20;4.53766000
2021-12-21;4.60601900
2021-12-22;4.64245000
2021-12-23;4.67982500
2021-12-27;4.75182800
2021-12-28;4.72119200
2021-12-29;4.74287500
2021-12-30;4.72544000
2021-12-31;4.69947400
2022-01-03;4.70381300
2022-01-04;4.70652600
2022-01-05;4.60483000
2022-01-06;4.58869600
2022-01-07;4.56197900
2022-01-10;4.53069600
2022-01-11;4.56532500
2022-01-12;4.56430600
2022-01-13;4.47904800
2022-01-14;4.51104400
2022-01-17;4.50465900
2022-01-18;4.46256700
2022-01-19;4.45739200
2022-01-20;4.43146100
2022-01-21;4.36318400
2022-01-24;4.36547800
2022-01-25;4.37409000
2022-01-26;4.35767700
2022-01-27;4.36319900
2022-01-28;4.42245600
2022-01-31;4.48587200
2022-02-01;4.45825200
2022-02-02;4.47667100
2022-02-03;4.35234800
2022-02-04;4.34192900
2022-02-07;4.33690600
2022-02-08;4.38093600
2022-02-09;4.42756600
2022-02-10;4.41795500
2022-02-11;4.34432100
2022-02-14;4.37985700
2022-02-15;4.41117400
2022-02-16;4.39770200
2022-02-17;4.35357500
2022-02-18;4.32708600
2022-02-21;4.31560900
2022-02-22;4.30744600
2022-02-23;4.24021600
2022-02-24;4.43244700
2022-02-25;4.46642200
2022-02-28;4.49242100
2022-03-01;4.50680000
2022-03-02;4.65248100
2022-03-03;4.60257200
2022-03-04;4.69677900
2022-03-07;4.66637700
2022-03-08;4.59904600
2022-03-09;4.55076900
2022-03-10;4.54312400
2022-03-11;4.54928100
2022-03-16;4.58638500
2022-03-17;4.60397500
2022-03-18;4.66875400
2022-03-21;4.68353200
2022-03-22;4.73810600
2022-03-23;4.67631800
2022-03-24;4.76697800
2022-03-25;4.77425400
2022-03-28;4.80199100
2022-03-29;4.72678600
2022-03-30;4.67814700
2022-03-31;4.65943000
2022-04-01;4.68164800
2022-04-04;4.74459100
2022-04-05;4.73648900
2022-04-06;4.80694600
2022-04-07;4.81609500
2022-04-08;4.82901600
2022-04-11;4.79271900
2022-04-12;4.77962300
2022-04-13;4.82750700
2022-04-14;4.73971500
2022-04-19;4.78058900
2022-04-20;4.74837900
2022-04-21;4.66889200
2022-04-22;4.60978100
2022-04-25;4.65286600
2022-04-26;4.60866400
2022-04-27;4.70329800
2022-04-28;4.78062000
2022-04-29;4.64612500
2022-05-02;4.68407800
2022-05-03;4.76724400
2022-05-04;4.81700400
2022-05-05;4.64642200
2022-05-06;4.65393700
2022-05-09;4.57737500
2022-05-10;4.50477000
2022-05-11;4.46637900
2022-05-12;4.53460200
2022-05-13;4.66703700
2022-05-16;4.66009900
2022-05-17;4.74760400
2022-05-18;4.58434500
2022-05-19;4.58790500
2022-05-20;4.55094400
2022-05-23;4.57483500
2022-05-24;4.53417100
2022-05-25;4.64197600
2022-05-26;4.75217900
2022-05-27;4.80650900
2022-05-30;4.80150000
2022-05-31;4.80289500
2022-06-01;4.81466300
2022-06-02;4.87411900
2022-06-03;4.78652900
2022-06-07;4.79728500
2022-06-08;4.75682100
2022-06-09;4.70040200
2022-06-10;4.71292700
2022-06-13;4.60310900
2022-06-14;4.55495100
2022-06-15;4.60103500
2022-06-16;4.47962500
2022-06-17;4.47264300
2022-06-20;4.48992300
2022-06-21;4.51555600
2022-06-22;4.51109600
2022-06-23;4.57016100
2022-06-24;4.67855900
2022-06-27;4.68927900
2022-06-28;4.59963000
2022-06-29;4.56824000
2022-06-30;4.56144500
2022-07-01;4.65400500
2022-07-04;4.63240800
2022-07-05;4.77426600
2022-07-06;4.87034900
2022-07-07;4.84994800
2022-07-08;4.81103400
2022-07-11;4.85326700
2022-07-12;4.85682500
2022-07-13;4.85708400
2022-07-14;4.81803600
2022-07-15;4.82230300
2022-07-18;4.76366100
2022-07-19;4.77357800
2022-07-20;4.77313900
2022-07-21;4.87746000
2022-07-22;4.81630800
2022-07-25;4.79132200
2022-07-26;4.78280900
2022-07-27;4.96754600
2022-07-28;5.00840100
2022-07-29;5.03706900
2022-08-01;5.00753100
2022-08-02;4.91799800
2022-08-03;4.96866100
2022-08-04;4.97238200
2022-08-05;4.92527600
2022-08-08;4.91928100
2022-08-09;4.90805200
2022-08-10;4.97567500
2022-08-11;4.95868500
2022-08-12;5.01604300
2022-08-15;5.11151400
2022-08-16;5.23880600
2022-08-17;5.18173000
2022-08-18;5.21379800
2022-08-19;5.20944100
2022-08-22;5.15037600
2022-08-23;5.24807900
2022-08-24;5.25477100
2022-08-25;5.25302800
2022-08-26;5.13392200
2022-08-29;5.15109800
2022-08-30;4.97511000
2022-08-31;4.98253200
2022-09-01;4.89373500
2022-09-02;4.87793800
2022-09-05;4.95839400
2022-09-06;4.90997100
2022-09-07;4.96462400
2022-09-08;4.90826400
2022-09-09;4.96340600
2022-09-12;4.92918100
2022-09-13;4.84723200
2022-09-14;4.94075700
2022-09-15;4.93699700
2022-09-16;4.90620800
2022-09-19;4.87443000
2022-09-20;4.78363000
2022-09-21;4.80821000
2022-09-22;4.82040600
2022-09-23;4.77835700
2022-09-26;4.75063600
2022-09-27;4.77954600
2022-09-28;4.93057300
2022-09-29;4.89286800
2022-09-30;4.78413000
2022-10-03;4.95451400
2022-10-04;4.97548100
2022-10-05;4.97622400
2022-10-06;4.96508500
2022-10-07;4.90625400
2022-10-10;4.95333700
2022-10-11;4.91921200
2022-10-12;4.92994100
2022-10-13;5.05861700
2022-10-14;4.81346800
2022-10-17;4.84874600
2022-10-18;4.84572000
2022-10-19;4.81939100
2022-10-20;4.80604500
2022-10-21;4.91071200
2022-10-24;4.90437600
2022-10-25;4.96124400
2022-10-26;4.85949300
2022-10-27;4.85217800
2022-10-28;4.97043300
2022-11-02;4.83841800
2022-11-03;4.87793300
2022-11-04;4.80706000
2022-11-07;4.82375300
2022-11-08;4.84228400
2022-11-09;4.78632900
2022-11-10;4.88956100
2022-11-11;4.94761900
2022-11-14;4.92637000
2022-11-15;4.92084900
2022-11-16;4.89449400
2022-11-17;4.95549000
2022-11-18;4.94869700
2022-11-21;4.99563900
2022-11-22;5.01888500
2022-11-23;5.03077400
2022-11-24;5.06245700
2022-11-25;5.05739400
2022-11-28;4.91951500
2022-11-29;4.95358900
2022-11-30;5.06418800
2022-12-01;5.07092000
2022-12-02;5.00917900
2022-12-05;4.93088200
2022-12-06;4.96557700
2022-12-07;4.91835900
2022-12-08;4.98816700
2022-12-09;4.94809700
2022-12-12;5.02288200
2022-12-13;4.91157900
2022-12-14;4.89190900
2022-12-15;4.77610000
2022-12-16;4.73774800
2022-12-19;4.68985400
2022-12-20;4.68788600
2022-12-21;4.74875300
2022-12-22;4.68101000
2022-12-23;4.70037800
2022-12-27;4.68791200
2022-12-28;4.65590600
2022-12-29;4.71256900
2022-12-30;4.67141000
2022-12-31;4.67137600
2023-01-02;4.66954800
2023-01-03;4.74294600
2023-01-04;4.69954900
2023-01-05;4.63563100
2023-01-06;4.78607600
2023-01-09;4.73382500
2023-01-10;4.73937300
2023-01-11;4.80540100
2023-01-12;4.81888800
2023-01-13;4.77271300
2023-01-16;4.81445500
2023-01-17;4.81912600
2023-01-18;4.70030200
2023-01-19;4.70333300
2023-01-20;4.77099400
2023-01-23;4.81213800
2023-01-24;4.75488800
2023-01-25;4.72282500
2023-01-26;4.74338200
2023-01-27;4.74848200
2023-01-30;4.73750600
2023-01-31;4.78198100
2023-02-01;4.81462300
2023-02-02;4.78026500
2023-02-03;4.80361700
2023-02-06;4.81413300
2023-02-07;4.92486900
2023-02-08;4.83924800
2023-02-09;4.76025800
2023-02-10;4.83168300
2023-02-13;4.87425100
2023-02-14;4.77239500
2023-02-15;4.75078200
2023-02-16;4.75448800
2023-02-17;4.80896000
2023-02-20;4.77131600
2023-02-21;4.70481400
2023-02-22;4.69964200
2023-02-23;4.70699800
2023-02-24;4.69934400
2023-02-27;4.68102700
2023-02-28;4.65328600
2023-03-01;4.59624400
2023-03-02;4.59824300
2023-03-03;4.72199500
2023-03-06;4.70997300
2023-03-07;4.62000600
2023-03-08;4.71789500
2023-03-09;4.62142500
2023-03-10;4.59459500
2023-03-13;4.62445000
2023-03-14;4.63380200
2023-03-16;4.81850400
2023-03-17;4.72118000
2023-03-20;4.72488500
2023-03-21;4.71587200
2023-03-22;4.63069900
2023-03-23;4.55126500
2023-03-24;4.60075300
2023-03-27;4.61779800
2023-03-28;4.59219300
2023-03-29;4.58779000
2023-03-30;4.61063900
2023-03-31;4.64981700
2023-04-03;4.68173700
2023-04-04;4.59072500
2023-04-05;4.57017300
2023-04-06;4.60851200
2023-04-11;4.60897100
2023-04-12;4.59528800
2023-04-13;4.60320700
2023-04-14;4.56062700
2023-04-17;4.59976900
2023-04-18;4.58628900
2023-04-19;4.65433100
2023-04-20;4.65157000
2023-04-21;4.64694000
2023-04-24;4.62251900
2023-04-25;4.54640400
2023-04-26;4.51921200
2023-04-27;4.55611800
2023-04-28;4.59902500
2023-05-02;4.54252100
2023-05-03;4.53336600
2023-05-04;4.49888400
2023-05-05;4.57822200
2023-05-08;4.57912700
2023-05-09;4.57577700
2023-05-10;4.58649100
2023-05-11;4.58079200
2023-05-12;4.58802800
2023-05-15;4.60112500
2023-05-16;4.55885800
2023-05-17;4.61333600
2023-05-18;4.68503900
2023-05-19;4.75112400
2023-05-22;4.73155600
2023-05-23;4.70599000
2023-05-24;4.64895000
2023-05-25;4.67218100
2023-05-26;4.69950700
2023-05-30;4.68035000
2023-05-31;4.66585400
2023-06-01;4.70044600
2023-06-02;4.73849600
2023-06-05;4.73809900
2023-06-06;4.75670400
2023-06-07;4.72929700
2023-06-08;4.75125000
2023-06-09;4.74030600
2023-06-12;4.74885400
2023-06-13;4.78951300
2023-06-14;4.81552100
2023-06-15;4.88017000
2023-06-16;4.82443400
2023-06-19;4.82807400
2023-06-20;4.78805300
2023-06-21;4.75485300
2023-06-22;4.71146100
2023-06-23;4.73237500
2023-06-26;4.69046800
2023-06-27;4.70413600
2023-06-28;4.72145000
2023-06-29;4.75483400
2023-06-30;4.83399500
2023-07-03;4.85723000
2023-07-04;4.87137200
2023-07-05;4.89377000
2023-07-06;4.90537900
2023-07-07;4.97000700
2023-07-10;4.90405800
2023-07-11;4.87637000
2023-07-12;4.83996400
2023-07-13;4.85649100
2023-07-14;4.80868200
2023-07-17;4.80019200
2023-07-18;4.84192900
2023-07-19;4.86069300
2023-07-20;4.91136300
2023-07-21;4.95266700
2023-07-24;4.97231700
2023-07-25;4.98293400
2023-07-26;5.02913500
2023-07-27;4.98982000
2023-07-28;5.10670000
2023-07-31;5.10334700
2023-08-01;5.15985400
2023-08-02;5.07956600
2023-08-03;5.12298400
2023-08-04;5.04856900
2023-08-07;5.11594700
2023-08-08;5.09046500
2023-08-09;5.03794600
2023-08-10;5.00463200
2023-08-11;4.98310900
2023-08-14;4.98633700
2023-08-15;5.00471700
2023-08-16;4.95106900
2023-08-17;4.91231500
2023-08-18;4.92064900
2023-08-21;4.91974300
2023-08-22;4.90357100
2023-08-23;4.99380700
2023-08-24;4.92225000
2023-08-25;4.97285200
2023-08-28;5.00165200
2023-08-29;5.04774100
2023-08-30;5.01765800
2023-08-31;5.00059000
2023-09-01;5.07319300
2023-09-04;5.07082600
2023-09-05;5.09440800
2023-09-06;5.10821200
2023-09-07;5.13396700
2023-09-08;5.06508200
2023-09-11;5.08395000
2023-09-12;5.09367000
2023-09-13;5.06964900
2023-09-14;5.11222300
2023-09-15;5.09781500
2023-09-18;5.09497100
2023-09-19;5.07160800
2023-09-20;5.03411000
2023-09-21;5.00245800
2023-09-25;5.07850100
2023-09-26;5.02511500
2023-09-27;5.07197300
2023-09-28;5.11577600
2023-09-29;5.04498400
2023-10-02;4.99324900
2023-10-03;4.96574000
2023-10-04;4.99390400
2023-10-05;4.98604400
2023-10-06;5.00338700
2023-10-09;5.04633800
2023-10-10;5.05710000
2023-10-11;5.06253500
2023-10-12;5.01604400
2023-10-13;5.03760700
2023-10-16;5.08327100
2023-10-17;5.07671900
2023-10-18;4.96590900
2023-10-19;4.96118400
2023-10-20;4.87364500
2023-10-24;4.83919600
2023-10-25;4.86299500
2023-10-26;4.81996100
2023-10-27;4.79253300
2023-10-30;4.82308700
2023-10-31;4.80761900
2023-11-02;4.95556500
2023-11-03;4.92748700
2023-11-06;4.91839900
2023-11-07;4.92373600
2023-11-08;4.92106800
2023-11-09;4.89127200
2023-11-10;4.91820400
2023-11-13;4.91744800
2023-11-14;4.94991900
2023-11-15;4.95021100
2023-11-16;4.94314300
2023-11-17;4.97447600
2023-11-20;5.00351300
2023-11-21;5.00378000
2023-11-22;5.04634800
2023-11-23;5.02104400
2023-11-24;5.04219800
2023-11-27;5.01111800
2023-11-28;5.02018800
2023-11-29;4.98375400
2023-11-30;5.03455100
2023-12-01;5.09362500
2023-12-04;5.06797600
2023-12-05;5.07384900
2023-12-06;5.09747400
2023-12-07;5.13186600
2023-12-08;5.17203400
2023-12-11;5.17167900
2023-12-12;5.18850500
2023-12-13;5.24587600
2023-12-14;5.20184300
2023-12-15;5.16414700
2023-12-18;5.25283300
2023-12-19;5.26590200
2023-12-20;5.21582600
2023-12-21;5.24877900
2023-12-22;5.22352600
2023-12-27;5.22985200
2023-12-28;5.19681700
2023-12-29;5.23355900
2023-12-31;5.23332500
2024-01-02;5.21130100
2024-01-03;5.18992300
2024-01-04;5.15062500
2024-01-05;5.16340600
2024-01-08;5.20416200
2024-01-09;5.19732500
2024-01-10;5.21683200
2024-01-11;5.22208800
2024-01-12;5.22996500
2024-01-15;5.24100100
2024-01-16;5.23961800
2024-01-17;5.21371500
2024-01-18;5.25935000
2024-01-19;5.32103900
2024-01-22;5.32442600
2024-01-23;5.35546500
2024-01-24;5.37557200
2024-01-25;5.40104300
2024-01-26;5.43214600
2024-01-29;5.51105900
2024-01-30;5.50920700
2024-01-31;5.40356500
2024-02-01;5.44826800
2024-02-02;5.43271300
2024-02-05;5.47850000
2024-02-06;5.53196900
2024-02-07;5.55036900
2024-02-08;5.54571600
2024-02-09;5.57964500
2024-02-12;5.58728700
2024-02-13;5.51328000
2024-02-14;5.57635600
2024-02-15;5.61398500
2024-02-16;5.61275000
2024-02-19;5.60935200
2024-02-20;5.56981300
2024-02-21;5.55472400
2024-02-22;5.60468100
2024-02-23;5.65094800
2024-02-26;5.63550900
2024-02-27;5.62652800
2024-02-28;5.66078600
2024-02-29;5.69474500
2024-03-01;5.74335500
2024-03-04;5.73425100
2024-03-05;5.72494800
2024-03-06;5.71328800
2024-03-07;5.74682700
2024-03-08;5.73720600
2024-03-11;5.71583600
2024-03-12;5.77225500
2024-03-13;5.80197200
2024-03-14;5.73934200
2024-03-18;5.75777900
2024-03-19;5.80574400
2024-03-20;5.82077600
2024-03-21;5.84297200
2024-03-22;5.90180900
2024-03-25;5.88055300
2024-03-26;5.86740700
2024-03-27;5.86597200
2024-03-28;5.91928500
2024-04-02;5.88170700
2024-04-03;5.86034400
2024-04-04;5.80387700
2024-04-05;5.78103400
2024-04-08;5.79482900
2024-04-09;5.75263500
2024-04-10;5.79346600
2024-04-11;5.80510600
2024-04-12;5.82354300
2024-04-15;5.81785700
2024-04-16;5.78181900
2024-04-17;5.73390000
2024-04-18;5.73881900
2024-04-19;5.73062700
2024-04-22;5.74712600
2024-04-23;5.79549600
2024-04-24;5.78148100
2024-04-25;5.71761400
2024-04-26;5.78321800
2024-04-29;5.79587500
2024-04-30;5.74128800
2024-05-02;5.71898300
2024-05-03;5.76414000
2024-05-06;5.78691200
2024-05-07;5.81854600
2024-05-08;5.82797700
2024-05-09;5.83941500
2024-05-10;5.83006800
2024-05-13;5.82256600
2024-05-14;5.82285200
2024-05-15;5.85702300
2024-05-16;5.86144700
2024-05-17;5.89021000
2024-05-21;5.87170600
2024-05-22;5.86834100
2024-05-23;5.87059500
2024-05-24;5.85413000
2024-05-27;5.83890900
2024-05-28;5.82696800
2024-05-29;5.80065400
2024-05-30;5.84544000
2024-05-31;5.85328000
2024-06-03;5.89559600
2024-06-04;5.88278700
2024-06-05;5.94363400
2024-06-06;5.96248500
2024-06-07;5.92780600
2024-06-10;6.02709400
2024-06-11;6.04295700
2024-06-12;6.09135000
2024-06-13;6.06658400
2024-06-14;6.13127000
2024-06-17;6.11597100
2024-06-18;6.13642100
2024-06-19;6.13525700
2024-06-20;6.16308300
2024-06-21;6.16439700
2024-06-24;6.14126000
2024-06-25;6.12259000
2024-06-26;6.15409900
2024-06-27;6.16581800
2024-06-28;6.15518700
2024-07-01;6.08884800
2024-07-02;6.14987700
2024-07-03;6.15979000
2024-07-04;6.14391600
2024-07-05;6.13178100
2024-07-08;6.14922000
2024-07-09;6.19486600
2024-07-10;6.18918200
2024-07-11;6.16403200
2024-07-12;6.19437800
2024-07-15;6.16867700
2024-07-16;6.18041300
2024-07-17;6.11642100
2024-07-18;6.07538300
2024-07-19;6.06747400
2024-07-22;6.07762900
2024-07-23;6.10281400
2024-07-24;6.05068900
2024-07-25;6.02923300
2024-07-26;6.03512900
2024-07-29;6.03616200
2024-07-30;6.07631300
2024-07-31;6.18732600
2024-08-01;6.13262000
2024-08-02;5.97208800
2024-08-05;5.81738100
2024-08-06;5.83800100
2024-08-07;5.90973000
2024-08-08;5.91619200
2024-08-09;5.91696500
2024-08-12;5.91247800
2024-08-13;5.96488900
2024-08-14;5.96983000
2024-08-15;6.06027500
2024-08-16;6.09916400
2024-08-21;6.05989100
2024-08-22;6.05697000
2024-08-23;6.09741800
2024-08-26;6.09473900
2024-08-27;6.08767300
2024-08-28;6.06786200
2024-08-29;6.11150000
2024-08-30;6.10951400
2024-09-02;6.13752900
2024-09-03;6.07576100
2024-09-04;6.04730400
2024-09-05;5.99695600
2024-09-06;5.93156500
2024-09-09;6.01247600
2024-09-10;6.05516000
2024-09-11;6.03779800
2024-09-12;6.12829400
2024-09-13;6.13196900
2024-09-16;6.09693700
2024-09-17;6.11961200
2024-09-18;6.10130300
2024-09-19;6.17670400
2024-09-20;6.14461500
2024-09-23;6.19990200
2024-09-24;6.21091000
2024-09-25;6.19752200
2024-09-26;6.25022200
2024-09-27;6.27713300
2024-09-30;6.25412000
2024-10-01;6.26298700
2024-10-02;6.30019600
2024-10-03;6.30607500
2024-10-04;6.38317600
2024-10-07;6.38011800
2024-10-08;6.36483200
2024-10-09;6.39264800
2024-10-10;6.40628900
2024-10-11;6.44058300
2024-10-14;6.47906800
2024-10-15;6.45546800
2024-10-16;6.47354500
2024-10-17;6.52533100
2024-10-18;6.51126800
2024-10-21;6.49674900
2024-10-22;6.49146800
2024-10-24;6.48874000
2024-10-25;6.51991300
2024-10-28;6.53179500
2024-10-29;6.53322200
2024-10-30;6.53592600
2024-10-31;6.46308500
2024-11-04;6.45286700
2024-11-05;6.51680400
2024-11-06;6.70671200
2024-11-07;6.70797200
2024-11-08;6.69804800
2024-11-11;6.79634800
2024-11-12;6.80642100
2024-11-13;6.79097700
2024-11-14;6.80800300
2024-11-15;6.68809200
2024-11-18;6.76342000
2024-11-19;6.72527900
2024-11-20;6.75628300
2024-11-21;6.85352200
2024-11-22;6.93868900
2024-11-25;6.93109000
2024-11-26;6.91444800
2024-11-27;6.89188400
2024-11-28;6.96091100
2024-11-29;6.95636800
2024-12-02;7.01752300
2024-12-03;7.02269100
2024-12-04;7.04386500
2024-12-05;7.01627200
2024-12-06;7.01371300
2024-12-09;6.96975000
2024-12-10;6.96119900
2024-12-11;7.01233100
2024-12-12;6.97443100
2024-12-13;6.95371000
2024-12-16;6.93543800
2024-12-17;6.92234700
2024-12-18;6.88605300
2024-12-19;6.90659700
2024-12-20;6.93575200
2024-12-23;6.93837400
2024-12-30;6.84862500
2024-12-31;6.84110600
2025-01-02;6.91706400
2025-01-03;7.01548500
2025-01-06;7.03124100
2025-01-07;6.98222300
2025-01-08;7.00056700
2025-01-09;6.98395300
2025-01-10;6.89885500
2025-01-13;6.93989200
2025-01-14;6.89803400
2025-01-15;6.95706700
2025-01-16;6.99300700
2025-01-17;7.07664200
2025-01-20;7.00747600
2025-01-21;7.05314800
2025-01-22;7.05516900
2025-01-23;7.06161200
2025-01-24;7.00996800
2025-01-27;6.91935700
2025-01-28;6.99472600
2025-01-29;6.99819700
2025-01-30;7.01819300
2025-01-31;7.05931500
2025-02-03;7.05742500
2025-02-04;7.02629600
2025-02-05;6.98417800
2025-02-06;7.07144900
2025-02-07;6.98745100
2025-02-10;7.05682100
2025-02-11;7.03290500
2025-02-12;6.96291000
2025-02-13;6.98788300
2025-02-14;6.97463700
2025-02-17;7.01637700
2025-02-18;7.01738800
2025-02-19;7.02753800
2025-02-20;7.01123400
2025-02-21;7.01187600
2025-02-24;6.92508500
2025-02-25;6.83431800
2025-02-26;6.87042900
2025-02-27;6.83899600
2025-02-28;6.85098900
2025-03-03;6.81413000
2025-03-04;6.63003900
2025-03-05;6.56327200
2025-03-06;6.56853600
2025-03-07;6.47240400
2025-03-10;6.41638800
2025-03-11;6.34002600
2025-03-12;6.38773800
2025-03-13;6.33899900
2025-03-14;6.43241500
2025-03-17;6.44968100
2025-03-18;6.38951600
2025-03-19;6.46583800
2025-03-20;6.48597800
2025-03-21;6.47334300
2025-03-24;6.54291100
2025-03-25;6.57913300
2025-03-26;6.56661400
2025-03-27;6.56236400
2025-03-28;6.48432800
2025-03-31;6.41949600
2025-04-01;6.49501400
2025-04-02;6.48496600
2025-04-03;6.17316600
2025-04-04;5.94256200
2025-04-07;5.83791100
2025-04-08;5.97138700
2025-04-09;5.89629500
2025-04-10;5.98769500
2025-04-11;5.93582800
2025-04-14;6.09594900
2025-04-15;6.13837800
2025-04-16;6.05195800
2025-04-17;6.00779200
2025-04-22;5.99855100
2025-04-23;6.13112200
2025-04-24;6.17848700
2025-04-25;6.20883300
2025-04-28;6.20223200
2025-04-29;6.20522000
2025-04-30;6.21055400
2025-05-05;6.34200100
2025-05-06;6.33256600
2025-05-07;6.29785500
2025-05-08;6.38789600
2025-05-09;6.39241100
2025-05-12;6.58879400
2025-05-13;6.64044500
2025-05-14;6.58110000
2025-05-15;6.59273800
2025-05-16;6.62406400
2025-05-19;6.59849600
2025-05-20;6.60521800
2025-05-21;6.54446000
2025-05-22;6.51616900
2025-05-23;6.46471000
2025-05-26;6.48933700
2025-05-27;6.58708700
2025-05-28;6.56291400
2025-05-29;6.59284500
2025-06-02;6.51938300
2025-06-03;6.57712800
2025-06-04;6.59266200
2025-06-05;6.58990000
2025-06-06;6.60698400
2025-06-10;6.59791900
2025-06-11;6.58520000
2025-06-12;6.53403000
2025-06-13;6.53057600
2025-06-16;6.53170900
2025-06-17;6.52945700
2025-06-18;6.55640700
2025-06-19;6.50536800
2025-06-20;6.50240400
2025-06-23;6.53347700
2025-06-24;6.54330400
2025-06-25;6.52208300
2025-06-26;6.50900800
2025-06-27;6.54741700
2025-06-30;6.54132000
2025-07-01;6.52230100
2025-07-02;6.55182400
2025-07-03;6.60798700
2025-07-04;6.57107900
2025-07-07;6.58648500
2025-07-08;6.57955700
2025-07-09;6.62836000
2025-07-10;6.63253500
2025-07-11;6.62676400
2025-07-14;6.64236600
2025-07-15;6.64570000
2025-07-16;6.62006200
2025-07-17;6.69588000
2025-07-18;6.67530500
2025-07-21;6.69254800
2025-07-22;6.66118700
2025-07-23;6.70834700
2025-07-24;6.69678500
2025-07-25;6.67542100
2025-07-28;6.71820500
2025-07-29;6.79255800
2025-07-30;6.79367800
2025-07-31;6.83638400
2025-08-01;6.64349200
2025-08-04;6.71876500
2025-08-05;6.74391500
2025-08-06;6.74517800
2025-08-07;6.70687500
2025-08-08;6.73589300
2025-08-11;6.72417800
2025-08-12;6.78229900
2025-08-13;6.75788700
2025-08-14;6.78158500
2025-08-15;6.77341800
2025-08-18;6.77601500
2025-08-19;6.73950000
2025-08-21;6.76126800
2025-08-22;6.84771000
2025-08-25;6.81931900
2025-08-26;6.83827800
2025-08-27;6.85041400
2025-08-28;6.85156000
2025-08-29;6.79654400
2025-09-01;6.76621800
2025-09-02;6.74382500
2025-09-03;6.74574000
2025-09-04;6.78294600
2025-09-05;6.74124800
2025-09-08;6.76323100
2025-09-09;6.76413500
2025-09-10;6.80649600
2025-09-11;6.84060400
2025-09-12;6.80831600
2025-09-15;6.79648800
2025-09-16;6.75322700
2025-09-17;6.72852500
2025-09-18;6.75640300
2025-09-19;6.79541800
2025-09-22;6.81595700
2025-09-23;6.79919600
2025-09-24;6.80960400
2025-09-25;6.80215800
2025-09-26;6.84386500
2025-09-29;6.83901100
2025-09-30;6.83719800
2025-10-01;6.84599600
2025-10-02;6.86366600
2025-10-03;6.89512900
2025-10-06;6.92594000
2025-10-07;6.96919100
2025-10-08;7.03594700
2025-10-09;7.01282100
2025-10-10;6.87501600
2025-10-13;6.94961800
2025-10-14;6.95223800
2025-10-15;6.93569400
2025-10-16;6.91070700
2025-10-17;6.86982200
2025-10-20;6.96135900
2025-10-21;6.96989600
2025-10-22;6.95301100
2025-10-27;7.06440900
2025-10-28;7.04998700
2025-10-29;7.05870500
2025-10-30;7.04703600
2025-10-31;7.04708700
2025-11-03;7.05889400
2025-11-04;7.04010200
2025-11-05;7.04541500
2025-11-06;6.95067500
2025-11-07;6.88978300
2025-11-10;6.94273400
2025-11-11;7.02297400
2025-11-12;7.04095500
2025-11-13;6.93439000
2025-11-14;6.92309600
